Word;Polarity;Retranslation
HOUDEN;1;KEEP
VERMOGEN;1;POWER
STAAT;1;STATE
IN OVERVLOED;1;IN ABUNDANCE
ONTSLAAT;1;DOES NOT RELIEVE
ABSORBEREND;1;ABSORBENT
ABSORPTIE;1;ABSORPTION
OVERVLOED;1;ABUNDANCE
OVERVLOEDIGE;1;ABUNDANT
TOETREDEN;1;JOIN
ACCENTUEREN;1;HIGHLIGHTS
ACCEPTEREN;1;ACCEPT
Aanvaardbaar;1;Acceptable
AANVAARDING;1;ACCEPTANCE
TOEGANKELIJK;1;ACCESSIBLE
TOETREDING;1;ACCESSION
ACCLAIM;1;ACCLAIM
ACCLAMATIE;1;ACCLAMATION
ACCOLADE;1;ACCOLADE
GESCHIKT VOOR;1;SUITABLE FOR
ACCOMMODATIE;1;ACCOMMODATION
BEGELEIDING;1;GUIDANCE
BEREIKEN;1;REACH
PRESTATIE;1;PERFORMANCE
ACCORD;1;ACCORD
ACCORD;1;ACCORD
ACCORD;1;ACCORD
OVEREENKOMSTIG;1;In ACCORDANCE with
VERANTWOORDING AFLEGGEN;1;ACCOUNTABLE
TOENEMEN;1;INCREASE
NAUWKEURIGHEID;1;ACCURACY
NAUWKEURIGE;1;ACCURATE
ACCURATESSE;1;ACCURACY
BEREIKEN;1;REACH
PRESTATIE;1;PERFORMANCE
ONTVANGSTBEVESTIGING;1;ACKNOWLEDGEMENT of RECEIPT
VERTROUWD;1;FAMILIAR
KENNISMAKING;1;INTRODUCTION
ACQUIT;1;ACQUIT
VRIJSPRAAK;1;ACQUITTAL
WERKELIJKE;1;ACTUAL
WERKELIJKE;1;ACTUAL
ACTUALITEIT;1;CURRENT EVENTS
ADAMANT;1;ADAMANT
AANPASSINGSVERMOGEN;1;ADAPTABILITY
AANPASBAAR;1;CUSTOMIZABLE
AANPASSING;1;ADJUSTMENT
ADAPTIEVE;1;ADAPTIVE
ADEPT;1;ADEPT
ADEPTNESS;1;ADEPTNESS
VOLDOENDE;1;SUFFICIENT
NALEVING VAN;1;COMPLIANCE WITH
AANHANGER;1;TRAILER
HECHTING;1;ADHESION
ZELFKLEVEND;1;SELF ADHESIVE
AANVULLING;1;SUPPLEMENT
AANPASSEN;1;CUSTOMIZE
VERSTELBAAR;1;ADJUSTABLE
AANPASSING;1;ADJUSTMENT
BEWONDERENSWAARDIG;1;ADMIRABLE
BEWONDERING;1;ADMIRATION
BEWONDER;1;ADMIRE
BEWONDERAAR;1;ADMIRER
TOEGEVEN;1;ADMIT
TOEGEVEN;1;ADMIT
TOEGEVEN;1;ADMIT
TOELATING;1;ADMISSION
SCHATTIG;1;CUTE
AANBIDDEN;1;WORSHIP
VERSIEREN;1;DECORATING
VERSIERING;1;DECORATION
ADROIT;1;ADROIT
TV;1;TV
BEWIEROKING;1;ADULATION
VOLWASSENE;1;ADULT
VOORSCHOT;1;ADVANCE
VOORSCHOT;1;ADVANCE
VOORSCHOT;1;ADVANCE
VOORUITGANG;1;PROGRESS
VOORDEEL;1;ADVANTAGE
VOORDELIGE;1;DISCOUNT
ADVENT;1;ADVENT
AVONTUURLIJKE;1;ADVENTURE
AVONTUURLIJKE;1;ADVENTURE
AAN TE RADEN;1;RECOMMENDED
BELANGENBEHARTIGING;1;ADVOCACY
BEMINNELIJKHEID;1;AFFABILITY
MINZAME;1;AFFABLE
GENEGENHEID;1;AFFECTION
AANHANKELIJK;1;AFFECTIONATE
AFFILIATE;1;AFFILIATE
AANSLUITING;1;CONNECTION
AFFINITEIT;1;AFFINITY
BEVESTIGEN;1;CONFIRM
BEVESTIGING;1;CONFIRMATION
BEVESTIGEND;1;AFFIRMATIVE
AFFIX;1;AFFIX
RIJKDOM;1;WEALTH
WELVARENDE;1;PROSPEROUS
DRIJVEN;1;DRIVING
AGGREGAAT;1;POWER PACK
AGGREGATIE;1;AGGREGATION
AGILE;1;AGILE
AGILITY;1;AGILITY
AANGENAAM;1;PLEASANT
OVEREENKOMST;1;AGREEMENT
STEUN;1;SUPPORT
STEUN;1;SUPPORT
ALERTHEID;1;ALERTNESS
ALIGHT;1;ALIGHT
LEVEND;1;LIVE
TROUW;1;WEDDING
VERLICHTEN;1;RELIEVE
ALLIANCE;1;ALLIANCE
GEALLIEERDE;1;ALLIED
BONDGENOTEN;1;ALLIES
TOESTAAN;1;ALLOW
TOEGESTANE;1;ALLOWABLE
UITKERING;1;BENEFIT
ALLURE;1;ALLURE
BONDGENOOT;1;ALLY
ALMACHTIGE;1;ALMIGHTY
ALTRUÏSTISCH;1;ALTRUISTIC
VERBAZING;1;SURPRISE
AMAZING;1;AMAZING
VERZACHTEN;1;SOFTEN
VATBAAR;1;SUSCEPTIBLE
AMENITY;1;AMENITY
BEMINNELIJKHEID;1;AFFABILITY
AMIABLE;1;AMIABLE
MINNELIJKE;1;AMICABLE
AMNESTY;1;AMNESTY
AMOUR;1;AMOUR
RUIME;1;SPACIOUS
AMPLIFY;1;AMPLIFY
RUIMSCHOOTS;1;AMPLY
AMUSE;1;AMUSE
AMUSEMENT;1;ENTERTAINMENT
ANGEL;1;ANGEL
ENGELACHTIGE;1;ANGELIC
ZALVEN;1;OINTMENTS
APOCALYPS;1;APOCALYPSE
BEROEP;1;JOB
SUSSEN;1;APPEASE
TOEVOEGEN;1;ADD
JUICH;1;WELCOME
APPLAUS;1;APPLAUSE
BENOEMEN;1;NAMING
BENOEMEN;1;NAMING
MERKBARE;1;NOTICEABLE
WAARDEREN;1;APPRECIATE
WAARDERING;1;RATING
WAARDEREND;1;APPRECIATIVE
VATTEN;1;SUM UP
AANPAK;1;APPROACH
AANPAK;1;APPROACH
PASSENDE;1;APPROPRIATE
GOEDKEURING;1;APPROVAL
GOEDKEUREN;1;APPROVE
GOEDKEUREN;1;APPROVE
APT;1;APT
APTITUDE;1;APTITUDE
SCHEIDSRECHTER;1;REFEREE
BEMIDDELEN;1;MEDIATE
ARBITRAGE;1;ARBITRATION
VURIGE;1;FIERY
ONTSTAAN;1;GENESIS
ARISTOCRATIE;1;ARISTOCRACY
ARISTOCRAAT;1;ARISTOCRAT
ARISTOCRATISCHE;1;ARISTOCRATIC
ARRESTATIE;1;ARREST
KUNST;1;ART
KUNST;1;ART
TOESCHRIJVEN;1;ATTRIBUTE
ASPIRATIE;1;ASPIRATION
ASPIRE;1;ASPIRE
INSTEMMING;1;CONSENT
BEWERING;1;CLAIM
ACTIEF;1;ACTIVE
ASSIST;1;ASSIST
ASSIST;1;ASSIST
BIJSTAND;1;ASSISTANCE
ASSISTENT;1;ASSISTANT
KOPPELEN;1;LINKING
KOPPELEN;1;LINKING
KOPPELEN;1;LINKING
VERENIGING;1;ASSOCIATION
VERENIGING;1;ASSOCIATION
VERZEKERING;1;INSURANCE
VERZEKEREN;1;ENSURE
VERZEKEREN;1;ENSURE
VERZEKEREN;1;ENSURE
ZEKER;1;SURE
VERWEN;1;PAMPER
SCHERPZINNIG;1;ASTUTE
ATLETISCHE;1;ATHLETIC
BIJLAGE;1;ANNEX
BEREIKEN;1;REACH
VERWEZENLIJKING;1;CREATION
WONEN;1;LIVE
PRESENTIELIJST;1;ATTENDANCE LIST
ATTENTE;1;ATTENTIVE
TREKKEN;1;DRAW
ATTRACTIE;1;ATTRACTION
AANTREKKELIJKE;1;ATTRACTIVE
AANTREKKELIJKHEID;1;ATTRACTION
AFSTEMMEN;1;TUNING
HOORBAAR;1;AUDIBLE
AUGMENT;1;AUGMENT
VERGROTING VAN HET;1;MAGNIFICATION OF THE
GUNSTIG;1;CONVENIENTLY
AUTHENTIEK;1;AUTHENTIC
AUTHENTICITEIT;1;AUTHENTICITY
GEZAGHEBBENDE;1;AUTHORITATIVE
AUTORITEIT;1;AUTHORITY
AUTONOME;1;AUTONOMOUS
BESCHIKBAARHEID;1;AVAILABILITY
AVID;1;AVID
AWARD;1;AWARD
AWARD;1;AWARD
BEWUST;1;AWARE
BEWUSTZIJN;1;CONSCIOUSNESS
Terug;1;Go back
Terug;1;Go back
RUGGENGRAAT;1;BACKBONE
BACKER;1;DADDY
BACK-UPS MAKEN;1;BACKING UP
BAL;1;BALL
BAL;1;BALL
ZWOELE;1;SULTRY
DOOPSEL;1;BAPTISM
DOPEN;1;BAPTISMS
KOOPJE;1;BARGAIN
BASIC;1;BASIC
BASIC;1;BASIC
BAKEN;1;BEACON
SCHOONE;1;SABA
VERFRAAIEN;1;DECORATING
SCHOONHEID;1;BEAUTY
PASSEN BIJ;1;FIT
PAST BIJ;1;SUITS
BEFRIEND;1;BEFRIEND
NAMENS;1;On BEHALF of
GELIEFDE;1;BELOVED
WELDOENER;1;BENEFACTOR
BARMHARTIGE;1;MERCIFUL
GUNSTIG;1;CONVENIENTLY
BEGUNSTIGDE;1;BENEFICIARY
VOORDEEL;1;ADVANTAGE
VOORDEEL;1;ADVANTAGE
VOORDEEL;1;ADVANTAGE
WELWILLENDHEID;1;BENEVOLENCE
WELWILLENDE;1;BENEVOLENT
GOEDAARDIGE;1;BENIGN
NALATEN;1;FAIL
BESTE;1;BEST
SCHENKEN;1;DONATE
BETROTH;1;BETROTH
VERLOVING;1;ENGAGEMENT
BETER;1;BETTER
BETER;1;BETTER
ONBERISPELIJK;1;FLAWLESS
ZEGENEN;1;BLESS
ZEGENEN;1;BLESS
ZEGENEN;1;BLESS
BLISS;1;BLISS
ZALIGE;1;BLISSFUL
BLITHE;1;BLITHE
BLOOM;1;BLOOM
BLOSSOM;1;BLOSSOM
RAAD VAN BESTUUR;1;BOARD OF DIRECTORS
LEF;1;GUTS
KROP;1;KROP
BONNY;1;BONNY
BONUS;1;BONUS
BOOM;1;TREE
BOOST;1;BOOST
BOOST;1;BOOST
GRENZELOOS;1;BOUNDLESS
BOUNTIFUL;1;BOUNTIFUL
SNUGGER;1;BRAINY
DAPPERE;1;BRAVE
MOED;1;COURAGE
KOSTWINNER;1;PROVIDER
HELDER;1;BRIGHT
HELDERHEID;1;BRIGHTNESS
GLANS;1;GLOSS
BRILJANT;1;BRILLIANT
BROEDERSCHAP;1;BROTHERHOOD
BROEDERLIJKE;1;FRATERNAL
DRIJFVERMOGEN;1;BUOYANCY
KOPEN;1;BUY
OPROEP;1;CALL
RUST;1;REST
RUST;1;REST
RUST;1;REST
RUST;1;REST
CANDID;1;CANDID
CANDOR;1;CANDOR
VERMOGEN;1;POWER
STAAT;1;STATE
KAPITALISEREN;1;CAPITALIZE
MOGELIJKHEDEN;1;POSSIBILITIES
ZORG;1;CARE
ZORG;1;CARE
ZORGELOOS;1;HASSLE-FREE
VOORZICHTIG ZIJN;1;CAREFUL
STRELEN;1;STROKING
STRELEN;1;STROKING
CASUAL;1;CASUAL
ONOPHOUDELIJKE;1;INCESSANT
VIEREN;1;CELEBRATE
VIERING;1;CELEBRATION
CELEBRITY;1;CELEBRITY
CEREMONIËLE;1;CEREMONIAL
CHAMP;1;CHAMP
KAMPIOEN;1;CHAMPION
KAMPIOENSCHAP;1;CHAMPIONSHIP
CHARISMA;1;CHARISMA
CHARITATIEVE;1;CHARITABLE
LIEFDADIGHEID;1;CHARITY
CHARME;1;CHARM
CHARME;1;CHARM
KUIS;1;CHASTE
CHEER;1;CHEER
VROLIJKE;1;CHEERFUL
VROLIJKE;1;CHEERFUL
CHERISH;1;CHERISH
CHERISH;1;CHERISH
CHERUB;1;CHERUB
CHIQUE;1;CHIC
RIDDERLIJKE;1;KNIGHTLY
CHIVALRY;1;CHIVALRY
GEKOZEN;1;CHOSEN
TSJOEM;1;CHUM
CIVIELE;1;CIVIL
BELEEFDHEID;1;COURTESY
BESCHAVING;1;CIVILIZATION
CIVILIZE;1;CIVILIZE
CIVILIZE;1;CIVILIZE
VERDUIDELIJKEN;1;CLARIFY
DUIDELIJKHEID;1;CLARITY
CLASSIC;1;CLASSIC
SCHOON;1;CLEAN
SCHOON;1;CLEAN
NETHEID;1;CLEANLINESS
REINIGEN;1;CLEANING
DUIDELIJK;1;CLEAR
DUIDELIJK;1;CLEAR
DUIDELIJK;1;CLEAR
DUIDELIJK;1;CLEAR
DUIDELIJK;1;CLEAR
HELDERHEID;1;BRIGHTNESS
SLIM;1;SLIM
NABIJHEID;1;PROXIMITY
INVLOED;1;INFLUENCE
SAMENWERKING;1;COOPERATION
COAX;1;COAX
CODDLE;1;CODDLE
CO-EXISTENTIE;1;COEXISTENCE
OVERTUIGENDE;1;CONVINCING
KENNISNEMING;1;INFORMATION
COGNIZANT;1;COGNIZANT
COHERENTE;1;COHERENT
SAMENHANG;1;COHESION
COHORT;1;COHORT
SAMENVALLENDE;1;COINCIDENTAL
SAMENWERKEN;1;WORK TOGETHER
SAMENWERKING;1;COOPERATION
COLLEGA;1;COLLEAGUE
KOLOSSALE;1;COLOSSAL
COMEBACK;1;COMEBACK
KOMEDIE;1;COMEDY
KNAPPE;1;HANDSOME
EETWAREN;1;EDIBLES
COMFORT;1;COMFORT
COMFORT;1;COMFORT
COMFORT;1;COMFORT
COMFORTABELE;1;COMFORTABLE
COMIC;1;COMIC
KOMISCH;1;COMIC
HERDENKEN;1;COMMEMORATE
HERDENKING;1;COMMEMORATION
AANVANG;1;STARTING
BEVEEL;1;RECOMMEND
PRIJZENSWAARDIG;1;COMMENDABLE
COMMENDATION;1;COMMENDATION
EVENREDIG;1;PROPORTIONAL
COMMISSIE;1;COMMISSION
INZET;1;BET
AANGENAME;1;PLEASANT
GEMEENSCHAPPELIJK;1;COMMON
GEMEENSCHAPPELIJK;1;COMMON
GEZOND VERSTAND;1;COMMON SENSE
GEMEENSCHAPPELIJKE;1;COMMON
GEMEENTE;1;MUNICIPALITY
COMMUNICEREN;1;COMMUNICATE
COMMUNICEREN;1;COMMUNICATE
COMMUNICATIEVE;1;COMMUNICATIVE
COMMUNIE;1;COMMUNION
GEMEENSCHAP;1;COMMUNITY
METGEZEL;1;COMPANION
GEZELSCHAP;1;COMPANY
BEDRIJF;1;COMPANY
COMPASSIE;1;COMPASSION
SCHRIJNENDE GEVALLEN;1;COMPASSIONATE
COMPATIBEL;1;COMPATIBLE
COMPENSEREN;1;COMPENSATE
COMPENSATIE;1;COMPENSATION
BEVOEGDHEID;1;COMPETENCE
COMPETENTIE;1;COMPETENCE
BEVOEGDE;1;COMPETENT
AANVULLING;1;SUPPLEMENT
AANVULLING;1;SUPPLEMENT
AANVULLENDE;1;ADDITIONAL
VOLTOOIEN;1;FINISH
VOLTOOIEN;1;FINISH
VOLLEDIGHEID;1;COMPLETENESS
VOLTOOIING;1;COMPLETION
NALEVING;1;COMPLIANCE with
COMPLIMENT;1;COMPLIMENT
KALMTE;1;CALM
BEGRIJPEN;1;UNDERSTAND
BEGRIP;1;UNDERSTANDING
UITGEBREIDE;1;EXTENSIVE
COMPROMIS;1;COMPROMISE
COMPROMIS;1;COMPROMISE
CONCESSIE;1;CONCESSION
OVERTUIGEND;1;CONVINCING
AANSLUITEN;1;CONNECTING
DOOR DE VINGERS ZIEN;1;CONDONE
BEVORDERLIJK;1;FOSTER
BONDSSTAAT;1;CONFEDERATION
VERLENEN;1;GRANT
VERTROUWENSPERSOON;1;COUNSELOR
VERTROUWEN;1;TRUST
VERTROUWEN;1;TRUST
VERTROUWEN;1;TRUST
PRETTIGE;1;PLEASANT
FELICITEER;1;CONGRATULATE
FELICITATIE;1;CONGRATULATION
FELICITATIE;1;CONGRATULATION
SAMENKOMEN;1;COME TOGETHER
COMBINATIE;1;COMBINATION
TOVEREN;1;CONJURE
VERBINDING MAKEN;1;CONNECT
VEROVEREN;1;CONQUER
VEROVERAAR;1;CONQUEROR
CONQUEST;1;CONQUEST
GEWETEN;1;CONSCIENCE
DIENSTWEIGERING;1;CONSCIENTIOUS OBJECTION
CONSENSUS;1;CONSENSUS
TOESTEMMING;1;PERMISSION
TOESTEMMING;1;PERMISSION
CONSERVE;1;CONSERVE
OVERWEGEN;1;CONSIDER
OVERWEGEN;1;CONSIDER
ATTENT;1;CARING
OVERWEGING;1;RECITAL
VERZENDT;1;SENDS
CONSISTENTIE;1;CONSISTENCY
CONSISTENTE;1;CONSISTENT
CONSOLE;1;CONSOLE
CONSOLIDEREN;1;CONSOLIDATE
STANDVASTIGHEID;1;FORTITUDE
CONSTRUCTIEVE;1;CONSTRUCTIVE
CONSULT;1;CONSULT
OVERLEG;1;CONSULTATION
CONSUMEREN;1;CONSUME
CONTACT;1;CONTACT
CONTACT;1;CONTACT
INHOUD;1;CONTENT
INHOUD;1;CONTENT
INHOUD;1;CONTENT
TEVREDENHEID;1;SATISFACTION
CONTINUÏTEIT;1;CONTINUITY
BIJDRAGEN;1;CONTRIBUTIONS
BIJDRAGEN;1;CONTRIBUTIONS
BIJDRAGE;1;CONTRIBUTION
INZENDER;1;CONTRIBUTOR
BELEGGEN;1;INVESTING
OVERTUIGING;1;CONVICTION
OVERTUIGEN;1;CONVINCE
OVERTUIGEN;1;CONVINCE
SAMENWERKEN;1;WORK TOGETHER
SAMENWERKING;1;COOPERATION
COÖPERATIE;1;COOPERATIVE
COÖPERATIE;1;COOPERATIVE
COÖPERATIE;1;COOPERATIVE
COÖRDINAAT;1;COORDINATE
COÖRDINATIE;1;COORDINATION
CORDIAL;1;CORDIAL
CORRIGEREN;1;CORRECT
CORRIGEREN;1;CORRECT
CORRIGEREN;1;CORRECT
CORRECTIE;1;CORRECTION
RAAD;1;COUNCIL
ADVISEUR;1;ADVISOR
ADVISEUR;1;ADVISOR
MOED;1;COURAGE
MOEDIGE;1;COURAGEOUS
HOFFELIJK;1;COURTEOUS
BELEEFDHEID;1;COURTESY
HOOFSE;1;COURTLY
VERBOND;1;COVENANT
GEZELLIGE;1;COSY
MAKEN;1;MAKE
CREATIEVE;1;CREATIVE
CREATIVITEIT;1;CREATIVITY
REFERENTIES;1;REFERENCES
GELOOFWAARDIGHEID;1;CREDIBILITY
GELOOFWAARDIG;1;CREDIBLE
KREDIET;1;CREDIT
KREDIET;1;CREDIT
KRUISTOCHT;1;CRUSADE
CRUSADER;1;CRUSADER
KNUFFELEN;1;HUGGING
UITMONDEN;1;LEAD
HOOGTEPUNT;1;HIGHLIGHT
CULTIVEREN;1;CULTIVATING
CULTIVEREN;1;CULTIVATING
TEELT;1;CULTIVATION
CULTUUR;1;CULTURE
CUPIDO;1;CUPID
CURE;1;CURE
CURE;1;CURE
BUIGING;1;BENDING
SCHATTIG;1;CUTE
DANS;1;DANCE
DANS;1;DANCE
DANS;1;DANCE
DARE;1;DARE
DARING;1;DARING
DARLING;1;DARLING
DAUNTLESS;1;DAUNTLESS
DAWN;1;DAWN
DAZZLE;1;DAZZLE
DEAL;1;DEAL
LIEVE;1;DEAR
LIEVE;1;DEAR
FATSOEN;1;DECENCY
FATSOENLIJK;1;DECENT
ONTCIJFEREN;1;DECIPHER
VERSIEREN;1;DECORATING
DECORATIE;1;DECORATION
DECORATIEVE;1;DECORATIVE
WIJDEN;1;DEDICATE
WIJDEN;1;DEDICATE
TOEWIJDING;1;DEDICATION
AFLEIDEN;1;DERIVING
VERDEDIGEN;1;DEFEND
VERDEDIGER;1;DEFENDER
DEFENSIE;1;DEFENCE
EERBIED;1;RESPECT
DEFINITIEVE;1;FINAL
DELICATESSE;1;DELICACY
DELICATE;1;DELICATE
DELIGHT;1;DELIGHT
DELIGHT;1;DELIGHT
HEERLIJKE;1;DELICIOUS
BETROUWBAARHEID;1;RELIABILITY
BETROUWBARE;1;RELIABLE
POMPOENEN;1;PUMPKINS
VERDIENEN;1;EARN
TERECHT;1;VISIT
WENSELIJK;1;DESIRABLE
VERLANGENDE;1;DESIROUS of ESTABLISHING
BESTEDEN;1;SPEND
BESTEDEN;1;SPEND
TOEWIJDING;1;DEDICATION
VROOM;1;VROOM
BEWEEGLIJKHEID;1;DEXTERITY
GRAVEN;1;GRAVES
WAARDIG;1;WORTHY
ZONDER;1;Without
WAARDIGHEID;1;DIGNITY
IJVERIG;1;DILIGENT
ONDERSCHEIDEN;1;DIFFERENTIATED
DISCRETE;1;DISCRETE
DISCRETIONAIRE BEVOEGDHEID;1;DISCRETION
BESPREKEN;1;DISCUSS
VERSCHILLENDE;1;DIFFERENT
ONDERSCHEID;1;DISTINCTION
ONDERSCHEIDEND;1;DISTINCTIVE
ONDERSCHEIDEN;1;DIFFERENTIATED
ONDERSCHEIDEN;1;DIFFERENTIATED
ONDERSCHEIDEN;1;DIFFERENTIATED
GODDELIJKE;1;DIVINE
GODDELIJKE;1;DIVINE
GODDELIJKHEID;1;DIVINITY
DOMINANTIE;1;DOMINANCE
DONEREN;1;DONATE
DONATIE;1;DONATION
DOL;1;DOL
ONGETWIJFELD;1;NO DOUBT
DREAMLAND;1;DREAMLAND
DUURZAAMHEID;1;SUSTAINABILITY
DUURZAAM;1;DURABLE
DYNAMISCHE;1;DYNAMIC
ENTHOUSIAST;1;EXCITED
GRETIGHEID;1;EAGERNESS
EARNEST;1;EARNEST
VERLANG;1;WISH
GEMAK;1;CONVENIENCE
GEMAK;1;CONVENIENCE
GEMAKKELIJK;1;EASY
GEMAKKELIJK;1;EASY
GEMAKKELIJK;1;EASY
GEMAKKELIJK;1;EASY
BEZUINIGEN;1;CUT BACK
ECSTASY;1;ECSTASY
EXTATISCH;1;ECSTATIC
EETBARE;1;EDIBLE
OPGELEID;1;TRAINED
ONDERWIJS;1;EDUCATION
EDUCATIEVE;1;EDUCATIONAL
EFFECTIEVE;1;EFFECTIVE
EFFECTIVITEIT;1;EFFECTIVENESS
WERKZAAMHEID;1;EFFICACY
EFFICIËNTIE;1;EFFICIENCY
EFFICIËNTE;1;EFFICIENT
WERKEN;1;WORK
UITWERKING;1;ELABORATION
EXALTEREN;1;EXALTEREN
ELEGANTIE;1;ELEGANCE
ELEGANTE;1;ELEGANT
WELSPREKEND;1;ELOQUENT
VERFRAAIEN;1;DECORATING
OMARMEN;1;EMBRACE
OMARMEN;1;EMBRACE
EMINENCE;1;EMINENCE
EMINENT;1;EMINENT
EMPATHIE;1;EMPATHY
EMPOWER EMPOWER;1;EMPOWER EMPOWER
EMPOWERMENT;1;EMPOWERMENT
INSCHAKELEN;1;ENABLE
BETOVEREN;1;ENCHANT
BETOVEREN;1;ENCHANT
BETOVERING;1;ENCHANTMENT
STIMULEREN;1;BOOST
STIMULEREN;1;BOOST
AANMOEDIGING;1;ENCOURAGEMENT
GELIEFD MAKEN;1;ENDEARING
INSTEMMEN MET;1;ACCEPT
BEGIFTIGEN;1;ENDOW
UITHOUDINGSVERMOGEN;1;STAMINA
ENERGETISCHE;1;ENERGETIC
ENERGIZE;1;ENERGIZE
BETREKKEN;1;INVOLVE
VERBETEREN;1;IMPROVE
TOEBEHOREN;1;ACCESSORIES
GENIET VAN;1;ENJOY
AANGENAAM;1;PLEASANT
GENOT;1;PLEASURE
VERLICHTEN;1;RELIEVE
VERLICHTEN;1;RELIEVE
VERLICHTING;1;LIGHTING
VERRIJKEN;1;ENRICH
VERRIJKING;1;ENRICHMENT
ENSEMBLE;1;ENSEMBLE
ZORGEN;1;PROVIDE
VERMAKEN;1;FUN
VERMAKEN;1;FUN
ENTERTAINMENT;1;ENTERTAINMENT
ENTHOUSIASME;1;ENTHUSIASM
ENTHOUSIASTE;1;ENTHUSIASTIC
ONDERNEMEND;1;ENTERPRISING
TOEVERTROUWEN;1;ENTRUST
VOOR OGEN;1;FOR EYES
GELIJKHEID;1;EQUALITY
BILLIJKE;1;FAIR
EIGEN VERMOGEN;1;EQUITY
ESSENTIËLE;1;ESSENTIAL
ESSENTIËLE;1;ESSENTIAL
STAND;1;STAND
STAND;1;STAND
ACHTING;1;REGARDS
ETHISCHE;1;ETHICAL
ETHIEK;1;ETHICS
ETIQUETTE;1;ETIQUETTE
ZELFS;1;EVEN
ZELFS;1;EVEN
EVERLASTING;1;EVERLASTING
EXACTE;1;EXACT
EXACTE;1;EXACT
VERHEFFEN;1;ELEVATE
EXCEL;1;EXCEL
EXCELLENTIE;1;EXCELLENCE
Uitstekend;1;Excellent
PRIKKELEN;1;TICKLE
PRIKKELEN;1;TICKLE
OPGEWONDEN;1;EXCITED
EXCITEDNESS;1;EXCITEDNESS
OPWINDING;1;EXCITEMENT
INSPANNING;1;EFFORT
OPWINDING;1;EXCITEMENT
EXOTISCHE;1;EXOTIC
ERVARING;1;EXPERIENCE
ERVARING;1;EXPERIENCE
DESKUNDIGE;1;EXPERT
DESKUNDIGE;1;EXPERT
EXQUISE;1;EXQUISITE
ROEMEN;1;BOAST
BUITENGEWONE;1;EXTRAORDINARY
EXTRAVAGANTIE;1;EXTRAVAGANCE
UITBUNDIGHEID;1;EXUBERANCE
UITBUNDIGE;1;EXUBERANT
EXULT;1;EXULT
GEJUICH;1;CHEERS
OOG;1;EYE
FANTASTISCHE;1;FANTASTIC
VERGEMAKKELIJKEN;1;FACILITATE
FEITELIJKE;1;ACTUAL
EERLIJKE;1;FAIR
EERLIJKE;1;FAIR
EERLIJKE;1;FAIR
EERLIJKHEID;1;HONESTY
GELOOF;1;FAITH
GELOOF;1;FAITH
GELOVIGEN;1;BELIEVERS
TROUW;1;WEDDING
ROEM;1;FAME
VERTROUWD;1;FAMILIAR
VERTROUWDHEID;1;FAMILIARITY
VERTROUWD;1;FAMILIAR
BEROEMDE;1;FAMOUS
FANCY;1;FANCY
FANTASTISCHE;1;FANTASTIC
FANTASIE;1;FANTASY
VOORUITZIEND;1;PRESCIENT
FASCINATIE;1;FASCINATION
MODIEUS;1;FASHIONABLE
GUNST;1;GRACE
GUNST;1;GRACE
GUNST;1;GRACE
GUNST;1;GRACE
GUNST;1;GRACE
GUNSTIGE;1;CONVENIENT
FAVORIET;1;FAVORITE
ONVERSCHROKKEN;1;FEARLESS
HAALBAAR;1;FEASIBLE
FEEST;1;PARTY
FEEST;1;PARTY
COLLEGA 'S;1;COLLEAGUES
FELLOWSHIP;1;FELLOWSHIP
VRUCHTBARE;1;FERTILE
FERVENTE;1;FERVENT
FERVOR;1;FERVOR
FESTIVAL;1;FESTIVAL
FEESTELIJKE;1;FESTIVE
FEEST;1;PARTY
TROUW;1;WEDDING
VURIGE;1;FIERY
KINDERLIJKE;1;CHILDLIKE
VULLEN;1;FILLING
BOETE;1;FINE
BOETE;1;FINE
BOETE;1;FINE
BOETE;1;FINE
BOETE;1;FINE
STEVIGHEID;1;FIRMNESS
PASSEN;1;FIT
PASSEN;1;FIT
FITNESS;1;FITNESS
FLAIR;1;FLAIR
FLITSENDE;1;FLASHY
PLATTER;1;PLATTER
VLEIERIJ;1;FLATTERY
PRONKEN;1;SHOW OFF
VLEKKELOZE;1;FLAWLESS
FLEXIBELE;1;FLEXIBLE
FLIRT;1;FLIRT
BLOEIEN;1;BLOOM
VLOEIEND;1;FLUENT
DOL OP;1;FOND
DOL OP;1;FOND
DOL OP;1;FOND
DOL OP;1;FOND
DOL OP;1;FOND
DOL OP;1;FOND
DOL OP;1;FOND
VOORLIEFDE;1;For LOVE
FOREMOST;1;FOREMOST
TOEKOMSTVERKENNING;1;FORESIGHT
VERGAF;1;FORGAVE
VERGEVEN;1;FORGIVE
VERGEVEN;1;FORGIVE
VERGEVING;1;FORGIVENESS
FORMALITEIT;1;FORMALITY
VERSTERKEN;1;STRENGTHENING
STANDVASTIGHEID;1;FORTITUDE
GELUKKIG;1;HAPPY
VOORWAARTS;1;FORWARD
FOSTER;1;FOSTER
GEURIGE;1;FRAGRANT
FRANK;1;FRANK
GRATIS;1;FREE
GRATIS;1;FREE
GRATIS;1;FREE
GRATIS;1;FREE
GRATIS;1;FREE
VRIJHEID;1;FREEDOM
VERS;1;FRESH
VRIEND;1;A FRIEND
VRIENDELIJKE;1;FRIENDLY
VRIENDSCHAP;1;FRIENDSHIP
FROLIC;1;FROLIC
ZUINIG;1;ECONOMICAL
VRUCHTBARE;1;FERTILE
BLOEI;1;BLOOM
VERVULLEN;1;FULFILL
VERVULLING;1;FULFILLMENT
VOLHEID;1;FULLNESS
LEUK;1;FUN
GRAPPIGE;1;FUNNY
GRAPPIGE;1;FUNNY
GRAPPIGE;1;FUNNY
OPGEWEKTHEID;1;CHEERFULNESS
VROLIJK;1;MERRY
WINST;1;PROFIT
WINST;1;PROFIT
GALLANT;1;GALLANT
GALLANTRY;1;GALLANTRY
SPEL;1;GAME
GARNITUUR;1;GARNISH
homo;1;gay
GENEREREN;1;GENERATE
VRIJGEVIGHEID;1;GENEROSITY
ROYALE;1;ROYALE
GENIAL;1;GENIAL
GENIE;1;GENIUS
ZACHTE;1;SOFT
ECHTE;1;REAL
DUIZELIG;1;DIZZY
CADEAU;1;GIFT
BEGAAFD;1;GIFTED
GEVEN;1;GIVE
GEVEN;1;GIVE
BLIJ;1;HAPPY
BLIJ;1;HAPPY
GLADDEN;1;SKIMMING
BLIJDSCHAP;1;JOY
GLAMOUREUZE;1;GLAMOROUS
GLAMOUR;1;GLAMOUR
GLANS;1;GLOSS
GLANS;1;GLOSS
SPROKKELEN;1;GLEAN
VROLIJKHEID;1;GLEE
GLIMMER;1;GLIMMER
GLINSTEREN;1;GLITTER
GLINSTEREN;1;GLITTER
GLITTER;1;GLITTER
GLITTER;1;GLITTER
VERHEERLIJKEN;1;GLORIFY
GLORIEUZE;1;GLORIOUS
HEERLIJKHEID;1;GLORY
GLANZEND;1;SHINY
GLOED;1;BRAND
GLOED;1;BRAND
GODDELIJKE;1;DIVINE
GODZALIGHEID;1;GODLINESS
GOUD;1;GOLD
GOUDEN;1;GOLDEN
GOEDE;1;GOOD
TOT ZIENS;1;See you
GOEDHEID;1;GOODNESS
PRACHTIGE;1;BEAUTIFUL
GRACE;1;GRACE
SIERLIJKE;1;ORNATE
GENADIG;1;GRACIOUS
AFSTUDEREN;1;GRADUATION
GRAND;1;GRAND
GRANDEUR;1;GRANDEUR
DANKBAAR;1;GRATEFUL
BEVREDIGING;1;GRATIFICATION
BEVREDIGEN;1;SATISFY
DANKBAARHEID;1;GRATITUDE
GROTE;1;LARGE
GROTE;1;LARGE
GROTE;1;LARGE
GROOTHEID;1;GREATNESS
GREET;1;GREET
GREET;1;GREET
BRUIDEGOM;1;GROOM
GARANTIE;1;GUARANTEED
GARANTIE;1;GUARANTEED
VOOGD;1;GUARDIAN
GIDS;1;GUIDE
GIDS;1;GUIDE
GIDS;1;GUIDE
GUSTO;1;GUSTO
GEHEILIGD;1;SANCTIFIED
HAND;1;HAND
KNAPPE;1;HANDSOME
HANDIGE;1;HANDY
GELUK;1;LUCK
GELUKKIG;1;HAPPY
GELUKKIG;1;HAPPY
GELUKKIG;1;HAPPY
GELUKKIG;1;HAPPY
HARDY;1;HARDY
ONSCHADELIJK;1;HARMLESS
HARMONISCHE;1;HARMONIC
HARMONISEREN;1;HARMONIZE
HARMONIE;1;HARMONY
HARNAS;1;HARNESS
HAVEN;1;PORT
HELEN;1;HELEN
GEZONDHEID;1;HEALTH
GEZONDE;1;HEALTHY
GEZONDE;1;HEALTHY
GEZONDE;1;HEALTHY
GEZONDE;1;HEALTHY
HART;1;HEART
HARTE;1;CORDIALLY
HEMEL;1;SKY
HEMELSE;1;HEAVENLY
Help;1;Help
Help;1;Help
Help;1;Help
NUTTIG;1;USEFUL
HELD;1;HERO
HELDHAFTIGE;1;HEROIC
HELDIN;1;HEROINE
HELDENMOED;1;HEROISM
HOOGTEPUNT;1;HIGHLIGHT
HILARISCH;1;HILARIOUS
HIT;1;HIT
HEILIGE;1;HOLY
HOMMAGE;1;HOMMAGE
HUIS;1;HOUSE
EERLIJK;1;FAIR
EERLIJK;1;FAIR
EERLIJK;1;FAIR
HUWELIJKSREIS;1;HONEYMOON
EER;1;HONOR
EER;1;HONOR
EER;1;HONOR
EERVOLLE;1;HONORABLE
HOOP;1;HOPE
HOOP;1;HOPE
HOOPVOL;1;HOPEFUL
GASTVRIJ;1;WELCOMING
KNUFFEL;1;HUG
MENSELIJKE;1;HUMAN
HUMANITAIRE;1;HUMANITARIAN
MENSHEID;1;HUMANITY
BESCHEIDEN;1;MODEST
NEDERIGHEID;1;HUMILITY
HUMOR;1;HUMOR
HUMORISTISCHE;1;HUMOROUS
HYGIËNE;1;HYGIENE
IDEAAL;1;IDEAL
IDEAAL;1;IDEAL
IDEAAL;1;IDEAL
IDEALISME;1;IDEALISM
IDOOL;1;IDOL
VERAFGODEN;1;IDOLIZE
VERLICHTEN;1;RELIEVE
ILLUSTERE;1;ILLUSTRIOUS
VERBEELDING;1;IMAGINATION
FANTASIERIJKE;1;IMAGINATIVE
ONBEVLEKT;1;IMMACULATE
ONSTERFELIJK;1;IMMORTAL
ONPARTIJDIGE;1;IMPARTIAL
ONPARTIJDIGHEID;1;IMPARTIALITY
IMPERATIEF;1;IMPERATIVE
ONGEVOELIG;1;INSENSITIVE
IMPULS;1;IMPULSE
BELANG;1;IMPORTANCE
BELANGRIJK;1;IMPORTANT
IMPRESS;1;IMPRESS
INDRUKWEKKENDE;1;IMPRESSIVE
VERBETEREN;1;IMPROVE
VERBETEREN;1;IMPROVE
VERBETEREN;1;IMPROVE
VERBETERING;1;IMPROVEMENT
STRAFFELOOSHEID;1;IMPUNITY
INHULDIGEN;1;INAUGURATING
INHULDIGING;1;INAUGURATION
ONAFHANKELIJKHEID;1;INDEPENDENCE
ZELFSTANDIGE;1;INDEPENDENT
ZELFSTANDIGE;1;INDEPENDENT
ONBESCHRIJFLIJK;1;INDESCRIBABLE
INDICATIEVE;1;INDICATIVE
ONMISBAARHEID;1;INDISPENSABILITY
ONMISBAAR;1;INDISPENSABLE
INDIVIDUALITEIT;1;INDIVIDUALITY
ONTEMBARE;1;INDOMITABLE
VERWENNERIJ;1;PAMPERING
IJVERIG;1;DILIGENT
GOEDKOPE;1;CHEAP
ONFEILBAARHEID;1;INFALLIBILITY
ONFEILBAAR;1;INFALLIBLE
AFLEIDEN;1;DERIVING
GEVOLGTREKKING;1;INFERENCE
INFORMEREN;1;INFORM
INFORMEREN;1;INFORM
INGENIEUZE;1;INGENIOUS
VINDINGRIJKHEID;1;INGENUITY
ERVEN;1;INHERIT
ONSCHULD;1;INNOCENCE
ONSCHULDIGE;1;INNOCENT
INNOVEREN;1;INNOVATE
INNOVATIEVE;1;INNOVATIVE
NIEUWSGIERIGE;1;CURIOUS
ONAFSCHEIDELIJK;1;INSEPARABLE
INZICHT;1;INSIGHT
VASTHOUDEND;1;TENACIOUS
INSPIRATIE;1;INSPIRATION
INSPIRERENDE;1;INSPIRING
INSPIREREN;1;INSPIRE
INSPIREREN;1;INSPIRE
INSTINCTIEVE;1;INSTINCTIVE
INTEGRITEIT;1;INTEGRITY
INTELLECT;1;INTELLECT
INTELLECTUELE;1;INTELLECTUAL
INTELLECTUELE;1;INTELLECTUAL
INTELLECTUELE;1;INTELLECTUAL
INTELLIGENTIE;1;INTELLIGENCE
INTELLIGENTE;1;INTELLIGENT
BEGRIJPELIJKE;1;UNDERSTANDABLE
BEMIDDELEN;1;MEDIATE
GESLACHTSGEMEENSCHAP;1;SEXUAL INTERCOURSE
BELANG;1;IMPORTANCE
BELANG;1;IMPORTANCE
BELANG;1;IMPORTANCE
INTERESSE;1;INTEREST
INTERESSE;1;INTEREST
RUKTEN;1;ADVANCED
INTIMITEIT;1;INTIMACY
INTIEME;1;INTIMATE
INGEWIKKELDE;1;COMPLICATED
INTRIGE;1;INTRIGUE
ONSCHATBARE WAARDE;1;INVALUABLE
UITVINDER;1;INVENTOR
ONOVERWINNELIJK;1;INVINCIBLE
UITNODIGING;1;INVITATION
UITNODIGEN;1;INVITE
UITNODIGEN;1;INVITE
ONKWETSBAAR;1;INVULNERABLE
ONWEERSTAANBARE;1;IRRESISTIBLE
JEST;1;JEST
JOIN;1;JOIN
GEZAMENLIJK;1;JOINT
GRAP;1;JOKE
GRAP;1;JOKE
GRAP;1;JOKE
JOLLY;1;JOLLY
JOY;1;JOY
BLIJE;1;HAPPY
JUICHENDE;1;CHEERING
JUBILEUM;1;ANNIVERSARY
GEWOON;1;JUST
GEWOON;1;JUST
JUSTITIE;1;JUSTICE
TERECHT;1;VISIT
RECHTVAARDIGING;1;JUSTIFICATION
RECHTVAARDIGEN;1;JUSTIFY
SCHERP;1;SHARP
KID;1;KID
SOORT;1;KIND of
SOORT;1;KIND of
VRIENDELIJKHEID;1;KINDNESS
KUS;1;KISS
KUS;1;KISS
WETEN;1;KNOW
WETEN;1;KNOW
KENNIS;1;KNOWLEDGE
PRIJZENSWAARDIG;1;COMMENDABLE
LACHEN;1;LAUGH
LACHEN;1;LAUGH
LACHEN;1;LAUGH
LACHEN;1;LAUGH
GELACH;1;LAUGHTER
KWISTIG;1;LAVISH
WET;1;LAW
RECHTMATIG;1;LEGITIMATE
LEIDEN;1;LEAD
LEREN;1;LEARNING
LEREN;1;LEARNING
LEERLING;1;PUPIL
JURIDISCHE;1;LEGAL
LEGITIMITEIT;1;LEGITIMACY
LEGITIEME;1;LEGITIMATE
VRIJE TIJD;1;FREE TIME
LIBERALE;1;LIBERAL
LIBERALE;1;LIBERAL
LIBERALISME;1;LIBERALISM
BEVRIJDEN;1;RELEASE
LIBERTY;1;LIBERTY
LEVENSLANG;1;LIFELONG
LICHT;1;LIGHT
LICHT;1;LIGHT
SYMPATHIEKE;1;SYMPATHETIC
ZOALS;1;SUCH AS
ZOALS;1;SUCH AS
LIVE;1;LIVE
LEVENDIGE;1;LIVELY
LOGICA;1;LOGIC
LOGISCHE;1;LOGICAL
LANGE LEVENSDUUR;1;LONG LIFE
LIEFDE;1;LOVE
LIEFDE;1;LOVE
LIEFDE;1;LOVE
LIEFDE;1;LOVE
LOVELINESS;1;LOVELINESS
LOVELY;1;LOVELY
MINNAAR;1;LOVER
MINNAAR;1;LOVER
TROUWE;1;LOYAL
LOYALITEIT;1;LOYALTY
LUCID;1;LUCID
GELUK;1;LUCK
GELUKKIG;1;HAPPY
GELUKKIG;1;HAPPY
LUCRATIEVE;1;LUCRATIVE
LICHTGEVENDE;1;LUMINOUS
LUST;1;LUST
LUSTER;1;LUSTER
GLANZEND;1;SHINY
WEELDERIGE;1;LUSH
LUXE;1;LUXURY
LUXE;1;LUXURY
LYRIC;1;LYRIC
LYRISCHE;1;LYRIC
MAGISCHE;1;MAGIC
MAGNETISCHE;1;MAGNETIC
PRACHT;1;SPLENDOR
PRACHTIGE;1;BEAUTIFUL
MAIN;1;MAIN
MAJESTIC;1;MAJESTIC
MAJESTEIT;1;MAJESTY
GROTE;1;LARGE
MAKEN;1;MAKE
MAKEN;1;MAKE
BEHEERSBAAR;1;MANAGEABLE
MANLY;1;MANLY
ECHTELIJKE;1;MARITAL
HUWELIJK;1;MARRIAGE
TROUWEN;1;GETTING MARRIED
TROUWEN;1;GETTING MARRIED
MARVEL;1;MARVEL
PRACHTIGE;1;BEAUTIFUL
MEESTERLIJKE;1;MASTERFUL
MEESTERSCHAP;1;MASTERY
WEERGALOZE;1;MATCHLESS
STUURMAN;1;MATE
STUURMAN;1;MATE
ZAAK;1;CASE
OUDERE;1;OLDER
OUDERE;1;OLDER
OUDERE;1;OLDER
LOOPTIJD;1;WALKING TIME
MAXIMALISEREN;1;MAXIMIZE
ZINVOLLE;1;MEANINGFUL
MEETBARE;1;MEASURABLE
BEMIDDELEN;1;MEDIATE
MEDITATIE;1;MEDITATION
VOLDOEN AAN;1;MEET
MELLOW;1;MELLOW
MELODIE;1;MELODY
MEMORABELE;1;MEMORABLE
BETERENDE HAND;1;MEND
MENTOR;1;MENTOR
BARMHARTIG;1;MERCIFUL
BARMHARTIGHEID;1;MERCY
VERDIENSTE;1;MERIT
VERDIENSTE;1;MERIT
VERDIENSTELIJK;1;MERITORIOUS
VROLIJK;1;MERRY
VROLIJKHEID;1;GLEE
VROLIJK;1;MERRY
MESH;1;MESH
ZORGVULDIGE;1;CAREFUL
MACHTIGE;1;MIGHTY
MILDE;1;MILD
MIND_;1;MIND_
INDACHTIG;1;BEARING in MIND
MINISTER;1;MINISTER
MINT;1;MINT
WONDER;1;WONDER
WONDERBAARLIJKE;1;MIRACULOUS
VROLIJKHEID;1;GLEE
MOBILITEIT;1;MOBILITY
MOBILISEREN;1;MOBILIZE
MATIG;1;MODERATELY
MATIGING;1;MODERATION
MODERNITEIT;1;MODERNITY
BESCHEIDEN;1;MODEST
BESCHEIDENHEID;1;MODESTY
GEDENKWAARDIGE;1;MEMORABLE
MONUMENTALE;1;MONUMENTAL
MORELE;1;MORAL
MOREEL;1;MORAL
MORALISTISCHE;1;MORALISTIC
GOEDE ZEDEN;1;MORALITY
MOTIVEREN;1;MOTIVATE
GEMOTIVEERD;1;MOTIVATED
MOTIVATIE;1;MOTIVATION
MOTIEF;1;MOTIF
VEELHEID;1;MULTITUDE
WEDERZIJDSE;1;MUTUAL
WEDERZIJDSE;1;MUTUAL
MYRIADE;1;MYRIAD
NATUURLIJKE;1;NATURAL
NATUURLIJKE;1;NATURAL
BEVAARBARE;1;NAVIGABLE
NETTE;1;NEAT
NOODZAKELIJKERWIJS;1;NECESSARILY
ONDERHANDELEN;1;NEGOTIATE
MOOI;1;NICE
MOOI;1;NICE
MOOI;1;NICE
MOOI;1;NICE
NICHE;1;NICHE
LENIG;1;NIMBLE
ADEL;1;NOBILITY
NOBLE;1;NOBLE
EDELMAN;1;EDELMAN
GERUISLOZE;1;NOISELESS
BENOEMEN;1;NAMING
GEWELDLOOSHEID;1;NONVIOLENCE
NIET-GEWELDDADIGE;1;NON-VIOLENT
NORMAAL;1;NORMAL
OPMERKELIJK;1;NOTEWORTHY
BEKENDHEID;1;FAME
VOEDEN;1;FEED
VOEDING;1;POWER SUPPLY
NIEUWHEID;1;NOVELTY
VERPLEEGKUNDIGE;1;NURSE
NURTURE;1;NURTURE
NUTRIËNT;1;NUTRIENT
OASE;1;OASIS
GEHOORZAAMHEID;1;OBEDIENCE
GEHOORZAAM;1;OBEDIENT
GEHOORZAMEN;1;OBEY
DOELSTELLING;1;OBJECTIVE
DOELSTELLING;1;OBJECTIVE
VERPLICHTEN;1;REQUIRE
VERKRIJGEN;1;OBTAIN
VERKRIJGBAAR;1;AVAILABLE
AANBIEDING;1;OFFER
AANBIEDING;1;OFFER
AANBIEDING;1;OFFER
OFFSET;1;OFFSET
BEGIN;1;BEGINNING
AANSLUITENDE VLUCHTEN;1;CONNECTING FLIGHTS
OPEN;1;OPEN
OPEN;1;OPEN
OPPORTUUN;1;OPPORTUNE
KANS;1;CHANCE
OPTIMALE;1;OPTIMAL
OPTIMISME;1;OPTIMISM
OPTIMISTISCH;1;OPTIMISTIC
OPTIONEEL;1;OPTIONAL
BESTELLING;1;ORDER
BESTELLING;1;ORDER
BESTELLING;1;ORDER
ORGANISEREN;1;ORGANIZING
ORGANISEREN;1;ORGANIZING
ORIGINALITEIT;1;ORIGINALITY
UITGAANDE;1;OUTGOING
OVERLEEF JE;1;YOU SURVIVE
RONDUIT;1;DOWNRIGHT
OUTRUN;1;OUTRUN
BEGIN;1;BEGINNING
UITSTAANDE;1;OUTSTANDING
OUTWIT;1;OUTWIT
OVERWINNEN;1;OVERCOME
DOLBLIJ;1;OVERJOYED
ZORGVULDIGE;1;CAREFUL
SMAKELIJK;1;TASTY
VORSTELIJKE;1;REGAL
VERWEN;1;PAMPER
PARADISE;1;PARADISE
PARAMOUNT;1;PARAMOUNT
GRATIE;1;GRACE
GRATIE;1;GRACE
BEPAALDE;1;CERTAIN
PARTNER;1;PARTNER
PARTNERSCHAP;1;PARTNERSHIP
PASS;1;PASS
GEPASSIONEERD;1;PASSIONATE
GEDULD;1;PATIENCE
PATIËNT;1;PATIENT
PATIËNT;1;PATIENT
PATRIOT;1;PATRIOT
PATRIOTTISCHE;1;PATRIOTIC
PATROON;1;PATTERN
MECENAAT;1;PATRONAGE
BETALEN;1;PAY
VREDE;1;PEACE
VREDE;1;PEACE
VREEDZAAM;1;PEACEFUL
VREEDZAME;1;PEACEFUL
PEERLESS;1;PEERLESS
PERFECTE;1;PERFECT
PERFECTE;1;PERFECT
PERFECTE;1;PERFECT
PERFECTIE;1;PERFECTION
PERFECTIONISME;1;PERFECTIONISM
PERFECTIONIST;1;PERFECTIONIST
PARFUM;1;PERFUME
MACHTIGING;1;PERMISSION
VERGUNNING;1;LICENSE
VOLHARDING;1;PERSEVERANCE
VOLHARDEN;1;PERSEVERE
OVERTUIGEND;1;CONVINCING
RELEVANTE;1;RELEVANT
PITTORESKE;1;PICTURESQUE
VROOMHEID;1;PIETY
PINNACLE;1;PINNACLE
VROME;1;PIOUS
ZONDER OPMAAK;1;WITHOUT FORMATTING
ZONDER OPMAAK;1;WITHOUT FORMATTING
ZONDER OPMAAK;1;WITHOUT FORMATTING
ZONDER OPMAAK;1;WITHOUT FORMATTING
PLAUSIBILITEIT;1;PLAUSIBILITY
SPEELSE;1;PLAYFUL
PLAYMATE;1;PLAYMATE
SPEELBAL;1;TOY
AANGENAAM;1;PLEASANT
AANGENAAM;1;PLEASANT
GRAPJE;1;Just kidding
GELIEVE;1;PLEASE
GELIEVE;1;PLEASE
BLIJ;1;HAPPY
BLIJ;1;HAPPY
AANGENAME;1;PLEASANT
PLEZIER;1;FUN
BELOFTE;1;PROMISE
OVERVLOEDIG;1;ABUNDANT
VEEL;1;MANY
POËTISCHE;1;POETIC
AANGRIJPENDE;1;GRIPPING
POISE;1;POISE
Pools;1;Polish
BELEEFD;1;POLITE
BELEEFDHEID;1;COURTESY
PRACHT EN PRAAL;1;POMP AND CIRCUMSTANCE
POPULAIRE;1;POPULAR
POPULARITEIT;1;POPULARITY
BEVOLKTE;1;POPULATED
PORTABLE;1;PORTABLE
POSITIEVE;1;POSITIVE
POSITIVENESS;1;POSITIVENESS
POSITIVITEIT;1;POSITIVITY
NAGESLACHT;1;POSTERITY
POTENTIE;1;POTENTIAL
KRACHTIGE;1;POWERFUL
UITVOERBAAR;1;EXECUTABLE
PRAKTISCHE;1;PRACTICAL
LOF;1;PRAISE
LOF;1;PRAISE
STEIGEREN;1;PRANCE
VOORZORG;1;For CARE
PRECEDENT;1;PRECEDENT
VOORSCHRIFT;1;PRESCRIPTION
KOSTBARE;1;PRECIOUS
PRECIEZE;1;PRECISE
PRECISIE;1;PRECISION
MEEST VOORAANSTAANDE;1;LEADING
VOORKEUR;1;PREFERENCE
PREMIER;1;PREMIER
PREMISSE;1;PREMISE
PREMIE;1;PREMIUM
VOORBEREIDENDE;1;PREPARATORY
PRESTIGE;1;PRESTIGE
MOOI;1;NICE
VRIJ;1;FREE
VRIJ;1;FREE
VRIJ;1;FREE
VRIJ;1;FREE
ONBETAALBAAR;1;PRICELESS
TROTS;1;PRIDE
VOORNAMELIJK;1;MAINLY
PRIME;1;PRIME
BELANGRIJKSTE;1;MAIN
PRINCIPE;1;PRINCIPLE
PRINCIPE;1;PRINCIPLE
PRINCIPE;1;PRINCIPLE
PRIVACY;1;PRIVACY
BEVOORRECHTE;1;PRIVILEGED
PRIVY;1;PRIVY
PRIJS;1;PRICE
PRO;1;PRO
PROACTIEVE;1;PROACTIVE
WONDERBAARLIJKE;1;MIRACULOUS
PRODIGY;1;PRODIGY
PRODUCTIEF;1;PRODUCTIVE
PRODUCTIVITEIT;1;PRODUCTIVITY
BELIJDEN;1;PROFESS
VREDESINSTITUUT;1;PEACE INSTITUTE
BEDREVEN;1;ADEPT
WINST;1;PROFIT
WINST;1;PROFIT
WINSTGEVENDE;1;PROFITABLE
DIEPGAANDE;1;IN-DEPTH
VOORUITGANG;1;PROGRESS
VOORUITGANG;1;PROGRESS
PROGRESSIEVE;1;PROGRESSIVE
PRODUCTIEF;1;PRODUCTIVE
PROMINENTIE;1;PROMINENCE
PROMINENTE;1;PROMINENT
BELOFTE;1;PROMISE
BELOFTE;1;PROMISE
GEVRAAGD;1;ASKED
GEVRAAGD;1;ASKED
SNEL;1;FAST
GOEDE;1;GOOD
GUNSTIGE;1;CONVENIENT
MERKGEBONDEN;1;PROPRIETARY
FATSOEN;1;DECENCY
VERVOLGEN;1;SUE
PROSPER;1;PROSPER
WELVAART;1;PROSPERITY
WELVARENDE;1;PROSPEROUS
BESCHERMEN;1;PROTECT
BESCHERMING;1;PROTECTION
BESCHERMENDE;1;PROTECTIVE
PROTECTOR;1;PROTECTOR
TROTS OP;1;PROUD
BIEDEN;1;OFFER
PROVIDENCE;1;PROVIDENCE
DAPPERHEID;1;PROWESS
PRUDENCE;1;PRUDENCE
VOORZICHTIG;1;CAREFUL
STIPTE;1;PUNCTUAL
PURE;1;PURE
ZUIVERING;1;PURIFICATION
ZUIVEREN;1;PURIFY
ZUIVERHEID;1;PURITY
DOELGERICHT;1;TARGETED
SPINNEN;1;SPIDERS
SCHILDERACHTIGE;1;SCENIC
KWALIFICEREN;1;QUALIFY
KWALIFICEREN;1;QUALIFY
KWALITEIT;1;QUALITY
DEMPING;1;DAMPING
QUICKEN;1;QUICKEN
RADIANCE;1;RADIANCE
STRALENDE;1;RADIANT
STRALEN;1;RAYS
RALLY;1;RALLY
RAPPORT;1;REPORT
RAPT;1;RAPS
RAPTURE;1;RAPTURE
RATIONEEL;1;RATIONAL
RAVE;1;RAVE
GEMAKKELIJK;1;EASY
ECHTE;1;REAL
REALISTISCHE;1;REALISTIC
REALISTISCH;1;REALISTIC
OOGSTEN;1;HARVESTING
REDELIJKE;1;REASONABLE
GERUSTSTELLING;1;REASSURANCE
GERUSTSTELLEN;1;REASSURING
ONTVANKELIJK;1;RECEPTIVE
RECLAIM;1;RECLAIM
RUSTEN;1;REST
VERGOEDING;1;FEE
VERZOENEN;1;RECONCILE
VERZOENING;1;RECONCILIATION
RECREATIE;1;RECREATION
INWISSELEN;1;REDEEM
VERLOSSING;1;REDEMPTION
HERSTELLEN;1;RESTORE
VERFIJNEN;1;REFINE
VERFIJNING;1;REFINEMENT
TOEVLUCHT;1;RESORT
REGAL;1;REGAL
VERWIJZING;1;LINK
REVALIDATIE;1;REHABILITATION
VERSTERKING;1;STRENGTHENING
HERSTELLEN;1;RESTORE
REJOICE;1;REJOICE
ONTSPANNING;1;RELAXATION
RELEVANTIE;1;RELEVANCE
RELEVANTIE;1;RELEVANCE
RELEVANTE;1;RELEVANT
BETROUWBAARHEID;1;RELIABILITY
BETROUWBARE;1;RELIABLE
VERLICHTING;1;LIGHTING
VERLICHTEN;1;RELIEVE
RELIGIEUZE;1;RELIGIOUS
RELISH;1;RELISH
OPMERKELIJKE;1;REMARKABLE
OPMERKELIJK;1;NOTEWORTHY
REMEDIE;1;REMEDY
REMODELLEREN;1;REMODELING
RENAISSANCE;1;RENAISSANCE
VERNIEUWING;1;RENEWAL
RENOVEREN;1;RENOVATE
RENOVATIE;1;RENOVATION
RENOWN;1;RENOWN
REPARATIE;1;REPAIR
REPARATIE;1;REPAIR
REPARATIE;1;REPAIR
BEKEREN;1;REPENT
BEKERING;1;CONVERSION
RUST;1;REST
GERENOMMEERDE;1;RENOWNED
REDDING;1;RESCUE
REDDING;1;RESCUE
VASTBERADEN;1;PURPOSEFUL
OPLOSSEN;1;TROUBLESHOOTING
OPLOSSEN;1;TROUBLESHOOTING
OPGELOST;1;SOLVED
RESOUND;1;RESOUND
VINDINGRIJK;1;RESOURCEFUL
VINDINGRIJKHEID;1;INGENUITY
RESPECT;1;RESPECT
RESPECT;1;RESPECT
RESPECT;1;RESPECT
RESPECTABELE;1;RESPECTABLE
RESPECTVOL;1;RESPECTFUL
RESPIJT;1;RESPITE
SCHITTEREND;1;BEAUTIFUL
VERANTWOORDELIJKHEID;1;RESPONSIBILITY
VERANTWOORDELIJK;1;RESPONSIBLE
RESPONSIEVE;1;RESPONSIVE
RUSTGEVENDE;1;SOOTHING
RESTAURATIE;1;RESTORATION
HERSTELLEN;1;RESTORE
DOE HERLEVEN;1;REVIVE
TERUGKEER;1;RETURN
TERUGKEER;1;RETURN
REÜNIE;1;REUNION
VULTURE;1;VULTURE
REVEL;1;REVEL
OPENBARING;1;REVELATION
REVERE;1;REVERE
EERBIED;1;RESPECT
EERBIEDIG;1;RESPECTFULLY
EERBIEDIG;1;RESPECTFULLY
REVITALISEREN;1;REVITALIZE
REVIVAL;1;REVIVAL
DOEN HERLEVEN;1;REVIVED
BELONING;1;REWARD
BELONING;1;REWARD
BELONING;1;REWARD
RIJKE;1;RICH
RIJKE;1;RICH
RIJKE;1;RICH
RIJKE;1;RICH
RIJKE;1;RICH
RIJKE;1;RICH
RIJKDOM;1;WEALTH
RIJKDOM;1;WEALTH
RECHTS;1;RIGHT
RECHTS;1;RIGHT
RECHTVAARDIGEN;1;JUSTIFY
GERECHTIGHEID;1;JUSTICE
RECHTMATIGE;1;LEGITIMATE
RIJP;1;MATURE
RIJPEN;1;MATURE
ROBUUSTE;1;ROBUST
ROMANTIEK;1;ROMANCE
ROMANTISCHE;1;ROMANTIC
ROMANTISEREN;1;ROMANTICIZE
ROZENGEUR EN MANESCHIJN;1;IN THE GARDEN IS ROSY
RONDE;1;ROUND
ROUSE;1;ROUSE
HEILIGE;1;HOLY
KLUIS;1;SAFE
KLUIS;1;SAFE
KLUIS;1;SAFE
KLUIS;1;SAFE
VRIJWARINGSMAATREGELEN;1;SAFEGUARD MEASURES
VEILIGHEID;1;SAFETY
WIJSHEID;1;WISDOM
SALIE;1;SAGE
SAINT;1;SAINT
HEILZAME;1;BENEFICIAL
AANHEF;1;SALUTATION
SALUTE;1;SALUTE
REDDING;1;RESCUE
HEILIGEN;1;SAINTS
HEILIGDOM;1;SANCTUARY
SANE;1;SANE
SANGUINE;1;SANGUINE
SANITAIR;1;PLUMBING
GEZOND VERSTAND;1;COMMON SENSE
TEVREDENHEID;1;SATISFACTION
OP BEVREDIGENDE WIJZE;1;SATISFACTORILY
BEVREDIGEND;1;SATISFACTORY
VOLDOEN AAN;1;MEET
VOLDOEN AAN;1;MEET
VOLDOEN AAN;1;MEET
OPSLAAN;1;SAVE
BESPARINGEN;1;SAVINGS
GENIETEN VAN;1;ENJOY
SAVVY;1;SAVVY
SCAMPER;1;SCAMPER
SCRUPULES;1;SCRUPLES
NAUWGEZETTE;1;METICULOUS
BEVEILIGEN;1;SECURE
BEVEILIGEN;1;SECURE
VEILIGHEID;1;SAFETY
VEILIGHEID;1;SAFETY
SELECTIEVE;1;SELECTIVE
ZELFSTANDIGE;1;INDEPENDENT
ZELFRESPECT;1;SELF RESPECT
SCHIJN;1;APPEARANCE
SENSATIONELE;1;SENSATIONAL
ZIN;1;SENSE
ZIN;1;SENSE
VERSTANDIGE;1;SENSIBLE
GEVOELIGE;1;SENSITIVE
GEVOELIGHEID;1;SENSITIVITY
SEREEN;1;SERENE
ERNSTIGE;1;SERIOUS
ERNST;1;ERNST
SETTLE;1;SETTLE
Delen;1;Parts
Delen;1;Parts
Delen;1;Parts
SHELTER;1;SHELTER
SHELTER;1;SHELTER
SCHILD;1;SHIELD
GLANZEND;1;SHINY
SLIMME;1;SMART
GESLEPENHEID;1;CUNNING
BETEKENIS;1;MEANING
BELANGRIJKE;1;IMPORTANT
BETEKENEN;1;MEAN
EENVOUD;1;SIMPLICITY
VEREENVOUDIGEN;1;SIMPLIFY
VEREENVOUDIGEN;1;SIMPLIFY
OPRECHTE;1;SINCERE
OPRECHTHEID;1;SINCERITY
VAARDIGHEID;1;SKILL
VAARDIGHEID;1;SKILL
BEHENDIG;1;AGILE
SLANKE;1;SLIM
SLIMME;1;SMART
SLIMME;1;SMART
SLIMME;1;SMART
GLIMLACH;1;SMILE
GLIMLACH;1;SMILE
GLIMLACH;1;SMILE
GLIMLACH;1;SMILE
GESLAGEN;1;BEATEN
SOBER;1;SOBER
GEZELLIG;1;COSY
ZACHTHEID;1;SOFTNESS
TROOST;1;CONSOLATION
OPLOSSING;1;SOLUTION
KALMEREN;1;CALM DOWN
GEAVANCEERDE;1;ADVANCED
GEZOCHT;1;WANTED
GELUID;1;SOUND
GELUID;1;SOUND
SOLIDITEIT;1;SOUNDNESS
SPAREN;1;SAVE
SPARKLE;1;SPARKLE
SPECIALE;1;SPECIAL
SPECTACULAIRE;1;SPECTACULAR
SNEL;1;FAST
PRACHTIGE;1;BEAUTIFUL
PRACHT;1;SPLENDOR
VLEKKELOOS;1;FLAWLESS
LEVENDIGE;1;LIVELY
VIERKANT;1;SQUARE
STABILITEIT;1;STABILITY
STABILISEREN;1;STABILIZING
TESTING;1;TESTING
STAND;1;STAND
STANDAARDISEREN;1;STANDARDIZE
NIETJE;1;STAPLE
STATIGE;1;STATELY
STATIGE;1;STATELY
STELPEN;1;STOP BLEEDING
STAUNCHNESS;1;STAUNCHNESS
STANDVASTIG;1;STEADFAST
STANDVASTIGHEID;1;FORTITUDE
STABILITEIT;1;STABILITY
GESTAGE;1;STEADY
STIMULEREN;1;BOOST
STIMULATIE;1;STIMULATION
STOND;1;STOOD
RECHTE;1;STRAIGHT
EENVOUDIG;1;SIMPLE
STRUT;1;STRUT
STUD;1;STUD
LEERGIERIG;1;EAGER to LEARN
KOLOSSAAL;1;COLOSSAL
STEVIGE;1;SOLID
STIJLVOLLE;1;STYLISH
SUAVE;1;SUAVE
SUBLIEME;1;SUBLIME
ABONNEREN;1;SUBSCRIBE
ABONNEMENT;1;SUBSCRIPTION
SUBSIDIËREN;1;SUBSIDIZE
SUBSIDIE;1;GRANT
DE UITERLIJKE;1;THE OUTWARD
VERBLIJFKOSTEN;1;At COST
STAVEN;1;RODS
SUBTIELE;1;SUBTLE
SLAGEN;1;SUCCEED
SUCCES;1;Good luck
SUCCESVOLLE;1;SUCCESSFUL
VOLDOENDE ZIJN;1;SUFFICIENT
VOLDOENDE;1;SUFFICIENT
PAK;1;PAK
PAK;1;PAK
GESCHIKT;1;SUITABLE
TOP;1;TOP
WEELDERIGE;1;LUSH
SUPER;1;SUPER
SUPERIOR;1;SUPERIOR
SUPERIORITEIT;1;SUPERIORITY
OVERTREFFENDE TRAP;1;SUPERLATIVE
ONDERSTEUNING;1;SUPPORT
ONDERSTEUNING;1;SUPPORT
ONDERSTEUNING;1;SUPPORT
ONDERSTEUNING;1;SUPPORT
ONDERSTEUNENDE;1;SUPPORTING
OPPERSTE;1;SUPREME
OPPERSTE;1;SUPREME
SCHOMMELING;1;SWING
VERMOEDEN;1;SUSPECT
OVERWINNEN;1;OVERCOME
OVERTREFFEN;1;SURPASS
OVERLEVEN;1;SURVIVE
OVERLEVEN;1;SURVIVE
SURVIVOR;1;SURVIVOR
SWEET;1;SWEET
SWEET;1;SWEET
SWEET;1;SWEET
SWEET;1;SWEET
ZOETEN;1;SWEETEN
LIEFJE;1;SWEETHEART
ZOETHEID;1;SWEETNESS
SNELHEID;1;SPEED
SWOON;1;SWOON
BEËDIGD;1;SWORN in
SYMBOLISEREN;1;SYMBOLIZE
SYMMETRIE;1;SYMMETRY
SYMPATHIEK;1;SYMPATHETIC
SYMPATHISEREN;1;SYMPATHIZE
SYMPATHIE;1;SYMPATHY
SYNTHESE;1;SYNTHESIS
TACT;1;TACT
TACTIEK;1;TACTICS
TALENT;1;TALENT
GETALENTEERDE;1;TALENTED
SMAAK;1;TASTE
TEMPERANCE;1;TEMPERANCE
GEMATIGDE;1;MODERATE
VERLEIDEN;1;SEDUCE
VASTHOUDEND;1;TENACIOUS
VASTHOUDENDHEID;1;TENACITY
TEDERHEID;1;TENDERNESS
GEWELDIG;1;GREAT
DANK;1;THANKS
DANK;1;THANKS
DANK;1;THANKS
DANKBAAR;1;GRATEFUL
THERAPEUTISCHE;1;THERAPEUTIC
GRONDIGE;1;THOROUGH
DOORDACHTE;1;THOUGHTFUL
BEDACHTZAAMHEID;1;THOUGHTFULNESS
SPAARZAAMHEID;1;THRIFT
ZUINIG;1;ECONOMICAL
SENSATIE;1;SENSATION
GEDIJEN;1;THRIVE
TINTELEN;1;TINGLE
SAAMHORIGHEID;1;TOGETHERNESS
TOLERANTIE;1;TOLERANCE
TOLERANT;1;TOLERANT
TOLEREREN;1;TOLERATE
TOLERANTIE;1;TOLERANCE
BOVENSTE;1;UPPER
TRADITIE;1;TRADITION
TRADITIONELE;1;TRADITIONAL
TREIN;1;TRAIN
RUSTIGE;1;QUIET
RUST;1;REST
REIZEN;1;TRAVEL
SCHAT;1;My love
SCHAT;1;My love
TRAKTATIE;1;TREAT
VERHANDELING;1;DISCOURSE
VERDRAG;1;TREATY
ENORME;1;HUGE
ENORME;1;HUGE
EERBETOON;1;TRIBUTE
TRIUMPH;1;TRIUMPH
TRIUMPH;1;TRIUMPH
TRIOMFBOOG;1;TRIUMPHAL ARCH
TRIOMFANTELIJKE;1;TRIUMPHANT
TROFEE;1;TROPHY
WAAR;1;Where
WAAR;1;Where
WAAR;1;Where
WAAR;1;Where
WAAR;1;Where
VERTROUWEN;1;TRUST
VERTROUWEN;1;TRUST
VERTROUWEN;1;TRUST
VERTROUWEN;1;TRUST
VERTROUWEN;1;TRUST
VERTROUWEN;1;TRUST
BETROUWBAARHEID;1;RELIABILITY
BETROUWBAAR;1;RELIABLE
WAARHEID;1;TRUTH
WAARHEIDSGETROUW;1;TRUTHFUL
NIET-AFHANKELIJKE;1;UNBOUND
ONGEBROKEN;1;UNBROKEN
ONGEWOON;1;UNCOMMON
BEGRIJPEN;1;UNDERSTAND
BEGRIJPEN;1;UNDERSTAND
BEGRIJPELIJK;1;UNDERSTANDABLE
BEGREPEN;1;UNDERSTOOD
ONGETWIJFELD;1;NO DOUBT
ONGETWIJFELD;1;NO DOUBT
ONVERGETELIJKE;1;UNFORGETTABLE
ONGEHAASTE;1;UNHURRIED
ONBERISPELIJKE;1;IMPECCABLE
UNIEKE;1;UNIQUE
EENHEID;1;UNIT
ONBEPERKT;1;UNLIMITED
ONBAATZUCHTIG;1;SELFLESS
ONGEREPTE;1;PRISTINE
VROLIJKE;1;CHEERFUL
UPFRONT;1;UPFRONT
UPGRADE;1;UPGRADE
GEHANDHAAFD;1;MAINTAINED
HANDHAVEN;1;MAINTAIN
UPLIFT;1;UPLIFT
BOVENSTE;1;UPPER
RECHTOP;1;UPRIGHT
ONDERSTEBOVEN;1;UPSIDE DOWN
NAAR BOVEN;1;TO TOP
BRUIKBAAR;1;USABLE
NUTTIG;1;USEFUL
NUT;1;UTILITY
UTILITAIRE;1;UTILITARIAN
GEBRUIK;1;USE
GEBRUIKEN;1;USE
UITERSTE;1;EXTREME
VALIANT;1;VALIANT
GELDIG;1;VALID
GELDIGHEID;1;VALIDITY
VALOR;1;VALOR
WAARDEVOLLE;1;VALUABLE
WAARDE;1;VALUE
WAARDE;1;VALUE
VANQUISH;1;VANQUISH
UITGESTREKTHEID;1;EXPANSE
EERBIEDWAARDIGE;1;VENERABLE
VEREREN;1;REVERE
VERIFICATIE;1;AUTHENTICATION
CONTROLEER OF;1;CHECK OR
WARE;1;TRUE
VEELZIJDIG;1;VERSATILE
VEELZIJDIGHEID;1;VERSATILITY
LEVENSVATBAARHEID;1;VIABILITY
LEVENSVATBARE;1;VIABLE
OVERWINNAAR;1;VICTOR
WAAKZAAMHEID;1;VIGILANCE
WAAKZAAM;1;VIGILANT
DEUGD;1;VIRTUE
DEUGDZAAM;1;VIRTUOUS
VISIONAIRE;1;VISIONARY
VISUALISATIE;1;VISUALIZATION
VITALITEIT;1;VITALITY
LEVENDIGE;1;LIVELY
LEVENDIGE;1;LIVELY
VRIJWILLIGE;1;VOLUNTARY
INFORMATIEVERSTREKKERS GEVAL;1;INFORMATION PROVIDERS CASE
WARME;1;WARM
WARME;1;WARM
WARME;1;WARM
WARME;1;WARM
WARME;1;WARM
WARMHARTIGE;1;WARM HEARTED
WARMTE;1;HEAT
WELKOM;1;WELCOME
WELKOM;1;WELCOME
WELKOM;1;WELCOME
WELKOM;1;WELCOME
WELZIJN;1;WELFARE
GOED;1;GOOD
GOED;1;GOOD
GRILLIGE;1;WHIMSICAL
GEZOND;1;HEALTHY
EIGENZINNIGE;1;QUIRKY
BEREID;1;PREPARED
BEREIDHEID;1;READINESS
WIJSHEID;1;WISDOM
WISE;1;WISE
WISE;1;WISE
WISE;1;WISE
WISE;1;WISE
WISE;1;WISE
GEESTIG;1;WITTY
VRAAG ME AF;1;WONDER
PRACHTIGE;1;BEAUTIFUL
WONDERLIJKE;1;WONDROUS
WOO;1;WOO
WERKBARE;1;WORKABLE
VAKMANSCHAP;1;CRAFTSMANSHIP
WERELDBEROEMDE;1;WORLD FAMOUS
WORTH;1;WORTH
WORTH;1;WORTH
WORTH;1;WORTH
WORTH;1;WORTH
DE MOEITE WAARD;1;WORTH
WAARDIGHEID;1;DIGNITY
WAARDIG;1;WORTHY
ZENIT;1;ZENIT
ZEST;1;ZEST
ABANDON;-1;ABANDON
STOPZETTING;-1;CESSATION
ABATE;-1;ABATE
ABDICATE;-1;ABDICATE
VERAFSCHUWEN;-1;HATE
EXTREME;-1;EXTREME
ABNORMALE;-1;ABNORMAL
SCHAFFEN;-1;PURCHASE
GRUWELIJKE;-1;GRUESOME
SCHURENDE;-1;ABRASIVE
ABRUPTE;-1;ABRUPT
DUIKEN;-1;DIVING
AFWEZIGHEID;-1;ABSENCE
AFWEZIG;-1;ABSENT
VERSTROOID;-1;SCATTERED
AFWEZIGE;-1;ABSENT
ABSURD;-1;ABSURD
ABSURDITEIT;-1;ABSURDITY
MISBRUIK;-1;ABUSE
MISBRUIK;-1;ABUSE
AFGROND;-1;ABYSS
ONGEVAL;-1;ACCIDENT
ACCOST;-1;ACCOST
VERVLOEKTE;-1;CURSED
BESCHULDIGING;-1;ACCUSATION
BESCHULDIGEN;-1;ACCUSING
BESCHULDIGEN;-1;ACCUSING
ACHE;-1;ACHE
BITTERE;-1;BITTER
ACRIMONY;-1;ACRIMONY
VERSLAAFDE;-1;ADDICT
VERSLAVING;-1;ADDICTION
WAARSCHUW;-1;WARN
VERMANING;-1;ADMONITION
TORNEN;-1;QUESTION
VERVALSING;-1;FALSIFICATION
OVERSPEL;-1;ADULTERY
TEGENSTANDER;-1;OPPONENT
NEGATIEVE;-1;NEGATIVE
TEGENSPOED;-1;ADVERSITY
AANSTELLERIJ;-1;AFFECTATION
TEISTEREN;-1;INFEST
AANDOENING;-1;CONDITION
BANG;-1;BANG
TEGEN;-1;AGAINST
VERERGEREN;-1;WORSEN
TOENEMING VAN DE INVALIDITEIT;-1;AGGRAVATION OF INVALIDITY
AGRESSIE;-1;AGGRESSION
AGRESSIEVE;-1;AGGRESSIVE
AGRESSIVITEIT;-1;AGGRESSIVENESS
AGRESSOR;-1;AGGRESSOR
AGGRIEVE;-1;AGGRIEVE
ONTZET;-1;HORRIFIED
DOORROEREN;-1;By STIRRING
AGITATIE;-1;AGITATION
AGITATOR;-1;AGITATOR
AGONIZE;-1;AGONIZE
AGONY;-1;AGONY
AIL;-1;AIL
KWAAL;-1;DISEASE
DOELLOOS;-1;AIMLESSLY
ALARM;-1;ALARM
ALARMERENDE;-1;ALARMING
HELAAS;-1;UNFORTUNATELY
ALIBI;-1;ALIBI
ALIEN;-1;ALIEN
VERVREEMDEN;-1;DISPOSE
VERVREEMDING;-1;ALIENATION
BEWERING;-1;CLAIM
BEWEREN;-1;CLAIM
AFSTANDELIJK;-1;ALOOF
WOORDENWISSELING;-1;ALTERCATION
AMBIGUÏTEIT;-1;AMBIGUITY
DUBBELZINNIG;-1;AMBIGUOUS
AMBIVALENTE;-1;AMBIVALENT
HINDERLAAG;-1;AMBUSH
HINDERLAAG;-1;AMBUSH
MIS;-1;WRONG
AMPUTEREN;-1;AMPUTATE
ANARCHIST;-1;ANARCHIST
ANARCHIE;-1;ANARCHY
WOEDE;-1;ANGER
WOEDE;-1;ANGER
BOOS;-1;ANGRY
ANGST;-1;FEAR
ANIMOSITEIT;-1;ANIMOSITY
VERNIETIGEN;-1;DESTROY
VERNIETIGING;-1;DESTRUCTION
ERGEREN;-1;ANNOY
ERGERNIS;-1;ANNOYANCE
ABNORMALE;-1;ABNORMAL
ANOMALIE;-1;ANOMALY
ANTAGONISME;-1;ANTAGONISM
ANTAGONIST;-1;ANTAGONIST
ANTAGONISTISCHE;-1;ANTAGONISTIC
JENT;-1;JENT
ANTI-SOCIAAL;-1;ANTI-SOCIAL
ANTIPATHIE;-1;ANTIPATHY
OUDERWETSE;-1;OLD FASHIONED
ANTITRUST;-1;ANTITRUST
ANGST;-1;FEAR
ANGSTIG;-1;ANXIOUS
ANGSTIG;-1;ANXIOUS
ANGST;-1;FEAR
APATHISCH;-1;APATHETIC
APATHIE;-1;APATHY
APPALL;-1;APPALL
APPALL;-1;APPALL
AANHOUDING;-1;ARREST
ANGSTIG;-1;ANXIOUS
WILLEKEURIGE;-1;RANDOM
ZWARE;-1;HEAVY
BETOGEN;-1;ARGUE
ARGUMENT;-1;ARGUMENT
ARRESTATIE;-1;ARREST
ARRESTATIE;-1;ARREST
ARROGANTIE;-1;ARROGANCE
ARROGANT;-1;ARROGANT
KUNSTMATIGE;-1;ARTIFICIAL
BESCHAAMD;-1;ASHAMED
OVERVALLEN;-1;ROBBERIES
AANVALLER;-1;ATTACKER
MOORDENAAR;-1;KILLER
VERMOORDEN;-1;KILL
ASSAULT;-1;ASSAULT
ASSAULT;-1;ASSAULT
DWALEN;-1;WANDER
ASUNDER;-1;ASUNDER
AFSCHUWELIJKE;-1;HORRIBLE
ATROFIE;-1;ATROPHY
AANVAL;-1;ATTACK
AANVAL;-1;ATTACK
AANVAL;-1;ATTACK
AUDACIOUS;-1;AUDACIOUS
AUDACITY;-1;AUDACITY
SOBERE;-1;SOBER
ALLEENHEERSCHER;-1;AUTOCRAT
AUTOCRATISCHE;-1;AUTOCRATIC
AVARICE;-1;AVARICE
HEBZUCHTIG;-1;GREEDY
WREKEN;-1;AVENGE
AFKEER;-1;AVERSION
WENDEN;-1;TURN
VERMIJDEN;-1;AVOID
VERMIJDEN;-1;AVOID
VERSCHRIKKELIJK;-1;TERRIBLE
ONHANDIG;-1;AWKWARD
ONHANDIGHEID;-1;CLUMSINESS
AX;-1;AX
BRABBELEN;-1;BABBLE
ACHTERUIT;-1;BACKWARDS
ACHTERSTAND;-1;LAG
SLECHTE;-1;BAD
SLECHT;-1;BAD
BAFFLE;-1;BAFFLE
NADAT;-1;AFTER
BORGTOCHT;-1;BAIL
AAS;-1;ACE
SCHIJN;-1;APPEARANCE
BANALE;-1;BANAL
BANDIT;-1;BANDIT
BANE;-1;BANE
VERBANNEN;-1;BANNED
VERBANNEN;-1;BANNED
VERBANNING;-1;EXILE
FAILLIET;-1;BANKRUPT
FAILLISSEMENT;-1;BANKRUPTCY
BAR;-1;BAR
BARBAAR;-1;BARBARIAN
BARBAARSE;-1;BARBARIAN
ONVRUCHTBAAR;-1;BARREN
BARRIÈRE;-1;BARRIER
VERLEGEN;-1;SHY
BASTARD;-1;BASTARD
SLAG BIJ;-1;BATTLE OF
SLAG BIJ;-1;BATTLE OF
SLAGVELD;-1;BATTLEFIELD
BEESTACHTIG;-1;BEASTLY
BEAT;-1;BEAT
BEAT;-1;BEAT
BEAT;-1;BEAT
BEG;-1;BEG
BEDELAAR;-1;BEGGAR
ONTHOOFDEN;-1;BEHEADING
LATE;-1;LATE
VERLOOCHENEN;-1;DENY SELF
KLEINEREN;-1;MINIFY
OORLOGVOERENDE PARTIJ;-1;BELLIGERENT
RIEM;-1;BELT
BEROVEN;-1;ROB
STERFGEVAL;-1;DEATH
BEROOFD;-1;ROBBED
BERSERK;-1;BERSERK
SMEEK;-1;BEG
KAMPEN;-1;CAMPS
BELEGEREN;-1;LAY SIEGE
VERRADEN;-1;BETRAYED
VERRAAD;-1;BETRAYAL
PAS OP;-1;BEWARE
BEWILDER;-1;BEWILDER
VERBIJSTERING;-1;BEWILDERMENT
BITS;-1;BIT
BITCHY;-1;BAHADUR
BEET;-1;BITE
BEET;-1;BITE
BEET;-1;BITE
BITTER;-1;BITTER
BITTERHEID;-1;BITTERNESS
BIZARRE;-1;BIZARRE
CHANTAGE;-1;BLACKMAIL
BLA;-1;BLA
SCHULD;-1;DEBT
SCHULD;-1;DEBT
BLAND;-1;BLAND
BLAST;-1;BLAST
BLAST;-1;BLAST
FLAGRANTE;-1;BLATANT
SOMBER;-1;BLEAK
SMET;-1;SAHAY
BLIND;-1;BLIND
BLIND;-1;BLIND
BLIND;-1;BLIND
BLIND;-1;BLIND
BLINDHEID;-1;BLINDNESS
BLOK;-1;BLOCK
BLOK;-1;BLOCK
BLOCKHEAD;-1;BLOCKHEAD
BLOEDVERGIETEN;-1;BLOODSHED
BLOEDDORSTIGE;-1;BLOODTHIRSTY
BLOEDEND;-1;BLOODY
KLAP;-1;HIT
KLAP;-1;HIT
BLUNDER;-1;BLUNDER
BOTTE;-1;BLUNT
VERVAGEN;-1;BLUR
BLURT;-1;BLURT
RAAD VAN BESTUUR;-1;BOARD OF DIRECTORS
BOGEN;-1;ARCHES
OPSCHEPPERIG;-1;SWANKY
NEP;-1;FAKE
LUIDRUCHTIG;-1;NOISY
BOUT;-1;BOLT
BOM;-1;BOMB
BOM;-1;BOMB
BOMBARD;-1;BOMBARD
BOMBARDEMENT;-1;BOMBARDMENT
BONDAGE;-1;BONDAGE
BOOT;-1;BOAT
BORING;-1;BORING
BORING;-1;BORING
BORING;-1;BORING
VERVELING;-1;BOREDOM
DE MOEITE;-1;THE TROUBLE
DE MOEITE;-1;THE TROUBLE
LASTIG;-1;TRICKY
GEBONDEN;-1;BOUND
BOUT;-1;BOLT
VAK;-1;BOX
OPSCHEPPEN;-1;BRAGGING RIGHTS
A.S.;-1;A.S.
BRAT;-1;BRAT
BRAVOURE;-1;BRAVADO
BRAWL;-1;BRAWL
BRUTALE;-1;BRUTAL
SCHENDING;-1;VIOLATION
PAUZE;-1;PAUSE
PAUZE;-1;PAUSE
PAUZE;-1;PAUSE
VERDELING;-1;DISTRIBUTION
SMEERGELD;-1;KICKBACKS
VARKENSHAAR;-1;PIG BRISTLES
BROOS;-1;BRITTLE
BRAK;-1;BROKE
BRAK;-1;BROKE
BRAK;-1;BROKE
BRAK;-1;BROKE
BROKEN-HEARTED;-1;BROKEN-HEARTED
BROOD;-1;BREAD
BLAUWE PLEK;-1;BRUISE
BRUSQUE;-1;BRUSQUE
WREEDHEID;-1;CRUELTY
BRUUT;-1;BRUTE
BRUTE;-1;BRUTE
GESP;-1;BUCKLE
BUG;-1;BUG
OPSOMMINGSTEKEN;-1;BULLET
BUM;-1;BUM
BUNGLE;-1;BUNGLE
LAST;-1;LAST
LAST;-1;LAST
BELASTENDE;-1;INCRIMINATING
INBREKER;-1;BURGLAR
INBRAAK;-1;BURGLARY
BRANDEN;-1;BURN
BRANDEN;-1;BURN
BRANDEN;-1;BURN
BRANDEN;-1;BURN
BURY;-1;BURY
BEMOEIAL;-1;BUSYBODY
SLAGERIJ;-1;BUTCHER'S SHOP
CALAMITEIT;-1;CALAMITY
ONGEVOELIG;-1;INSENSITIVE
Annuleren;-1;Cancel
ANNULERING;-1;CANCELLATION
KANKER;-1;CANCER
KANNIBAAL;-1;CANNIBAL
CANNON;-1;CANNON
KAPITAAL;-1;CAPITAL
CAPITULEREN;-1;CAPITULATE
GRILLIGE;-1;WHIMSICAL
KAPSEIZEN;-1;CAPSIZE
IN GEVANGENSCHAP;-1;IN CAPTIVITY
VANGEN;-1;CATCH
VANGEN;-1;CATCH
ŽMEER;-1;ŽMEER
ONZORGVULDIG;-1;CARELESS
ONZORGVULDIGHEID;-1;CARELESSNESS
ONGEVAL;-1;ACCIDENT
CATACLYSME;-1;CATACLYSM
RAMP;-1;DISASTER
VANGST;-1;CATCH
GROT;-1;CAVE
CENSOR;-1;CENSOR
CENSUUR;-1;CENSORSHIP
AFKEURING;-1;CENSURE
SCHUREN;-1;SANDING
UITDAGING;-1;CHALLENGE
UITDAGING;-1;CHALLENGE
CHAOS;-1;CHAOS
CHAOTISCHE;-1;CHAOTIC
GRATIS;-1;FREE
GRATIS;-1;FREE
GRATIS;-1;FREE
GRATIS;-1;FREE
CHASE;-1;CHASE
CHASE;-1;CHASE
KASTIJDEN;-1;CHASTISE
GOEDKOOP;-1;CHEAP
AFPRIJZEN;-1;MARKDOWNS
BEDRIEGER;-1;CHEATER
CVERBERGEN;-1;CVERBERGEN
KINDERACHTIG;-1;CHILDISH
CHOKE;-1;CHOKE
CHOKE;-1;CHOKE
KARWEI;-1;CHORE
CHRONISCHE;-1;CHRONIC
CIRKEL;-1;CIRCLE
RUMOER;-1;NOISE
CLAMOROUS;-1;CLAMOROUS
BOTSING;-1;COLLISION
GEKLETTER;-1;CLATTER
KLIEK;-1;CABAL
KLOMP;-1;CLOG
SLUITEN;-1;CLOSE
SLUITEN;-1;CLOSE
CLUB;-1;CLUB
CLUB;-1;CLUB
ONHANDIGE;-1;CLUMSY
ROMMEL;-1;CLUTTER
GROF;-1;COARSE
RUWHEID;-1;ROUGHNESS
PRESENTEERT;-1;PRESENTS
EIGENWIJS;-1;COCKY
DWINGEN;-1;FORCE
DWANG;-1;COERCION
ONDER DWANG;-1;UNDER DURESS
KOUDE;-1;COLD
KOUDE;-1;COLD
KOUDE;-1;COLD
KOUDE;-1;COLD
INSTORTING;-1;COLLAPSE
INSTORTING;-1;COLLAPSE
BOTSEN;-1;COLLIDE
BOTSING;-1;COLLISION
COLLUSIE;-1;COLLUSION
KOLONIE;-1;COLONY
BESTRIJDING VAN;-1;FIGHT AGAINST
BESTRIJDING VAN;-1;FIGHT AGAINST
STRIJDER;-1;WARRIOR
MEDELIJDEN;-1;PITY
COMMIT;-1;COMMIT
VAKER;-1;MORE OFTEN
ALLEDAAGS;-1;EVERYDAY
COMMOTIE;-1;COMMOTION
DWINGEN;-1;FORCE
DWINGEN;-1;FORCE
CONCURREREN;-1;COMPETE
COMPETITIE;-1;COMPETITION
CONCURRERENDE;-1;COMPETITIVE
CONCURRENT;-1;COMPETITOR
KLAGEN;-1;COMPLAIN
KLACHT;-1;COMPLAINT
COMPLEX;-1;COMPLEX
COMPLEXITEIT;-1;COMPLEXITY
BEMOEILIJKEN;-1;COMPLICATE
BEMOEILIJKEN;-1;COMPLICATE
COMPLICATIE;-1;COMPLICATION
MEDEPLICHTIGHEID;-1;COMPLICITY
DWANG;-1;COERCION
VERBERGEN;-1;HIDE
HOOGMOED;-1;PRIDE
ZORG;-1;CARE
ZORG;-1;CARE
VEROORDELEN;-1;CONDEMN
VEROORDELEN;-1;CONDEMN
VEROORDELING;-1;CONDEMNATION
NEERBUIGEND;-1;CONDESCENDING
NEERBUIGENDHEID;-1;CONDESCENSION
BEKENNEN;-1;CONFESS
BEKENTENIS;-1;CONFESSION
BEPERKEN;-1;LIMIT
BEPERKEN;-1;LIMIT
OPSLUITING;-1;IMPRISONMENT
BESLAG;-1;BATTER
CONFISCATIE;-1;CONFISCATION
CONFLICT;-1;CONFLICT
CONFLICT;-1;CONFLICT
CONFLICT;-1;CONFLICT
CONFLICT;-1;CONFLICT
VERWARREN;-1;BE CONFUSED
CONFRONTEREN;-1;CONFRONT
CONFRONTATIE;-1;CONFRONTATION
VERWARREN;-1;BE CONFUSED
VERWARREN;-1;BE CONFUSED
VERWARREN;-1;BE CONFUSED
VERWARREN;-1;BE CONFUSED
VERWARRING;-1;CONFUSION
OVERBELAST;-1;OVERLOADED
CONGESTIE;-1;CONGESTION
SAMENZWERING;-1;CONSPIRACY
SAMENZWEERDER;-1;CONSPIRATOR
SAMENSPANNEN;-1;CONSPIRE
CONSTERNATIE;-1;CONSTERNATION
BEPERKEN;-1;LIMIT
BEPERKING;-1;LIMITATION
CONSUMPTIEF;-1;CONSUMER
BESMETTELIJKE;-1;INFECTIOUS
BESMETTEN;-1;INFECT
BESMETTING;-1;INFECTION
MINACHTING;-1;CONTEMPT
VERACHTELIJK;-1;DESPICABLE
MINACHTING;-1;CONTEMPT
KAMPEN;-1;CAMPS
TEGENSPREKEN;-1;CONTRADICTING
TEGENSPRAAK;-1;CONTRADICTION
TEGENSTRIJDIGE;-1;CONFLICTING
TEGENDEEL;-1;CONTRARY
CONTROVERSIËLE;-1;CONTROVERSIAL
CONTROVERSE;-1;CONTROVERSY
GEVANGENE;-1;PRISONER
GEVANGENE;-1;PRISONER
COOL;-1;COOL
KOELTE;-1;BREEZE
ROEST ONTSTAAT IN;-1;WILL CORRODE
CORROSIE;-1;CORROSION
BIJTENDE;-1;CAUSTIC
CORRUPT;-1;CORRUPT
CORRUPTIE;-1;CORRUPTION
KOSTEN;-1;COST
KOSTEN;-1;COST
KOSTBAARHEID;-1;PRECIOUSNESS
DURE;-1;EXPENSIVE
TEGENGAAN;-1;COUNTERING
TEGENWERKING;-1;OPPOSITION
VERVALST;-1;FAKED
COVERT;-1;COVERT
BEGEREN;-1;COVET
COWARD;-1;COWARD
CRAFTY;-1;CRAFTY
CRAM;-1;CRAM
KRAMP;-1;CRAMP
CHAGRIJNIG;-1;CRANKY
BOTTE;-1;BLUNT
HUNKEREN;-1;CRAVE
CRAWL;-1;CRAWL
RAGE;-1;RAGE
GEKTE;-1;CRAZINESS
GEK;-1;CRAZY
GOEDGELOVIG;-1;GULLIBLE
MISDAAD;-1;CRIME
STRAFRECHT;-1;CRIMINAL LAW
INEENKRIMPEN;-1;CRINGE
VERLAMDE;-1;CRIPPLE
CRISIS;-1;CRISIS
CRITICUS;-1;CRITIC
KRITIEK;-1;CRITICISM
KWAKEN;-1;CROAK
CROOK;-1;CROOK
KROM;-1;KROM
KRUIS;-1;CROSS
KRUIS;-1;CROSS
KRUIS;-1;CROSS
RUWE;-1;RAW
WREDE;-1;CRUEL
WREEDHEID;-1;CRUELTY
CRUMBLE;-1;CRUMBLE
KREUKELZONES;-1;CRUMPLE ZONES
CRUSH;-1;CRUSH
CRUSH;-1;CRUSH
PLETTEN;-1;CRUSHING
SCHULDIG;-1;GUILTY
BOOSDOENER;-1;CULPRIT
OMSLACHTIG;-1;CUMBERSOME
VLOEK;-1;CURSE
VLOEK;-1;CURSE
VLUCHTIGE;-1;VOLATILE
CURT;-1;CURT
BEKNOTTEN;-1;CURTAIL
KNIPPEN;-1;CUT
KNIPPEN;-1;CUT
CYNISCH;-1;CYNICAL
CYNISME;-1;CYNICISM
SCHADE;-1;DAMAGE
SCHADE;-1;DAMAGE
DAMN;-1;DAMN
VERVLOEKTEN;-1;CURSED
THE DAMNED;-1;THE DAMNED
GEVAAR;-1;DANGER
GEVAARLIJKE;-1;DANGEROUS
DONKER;-1;DARK
DONKERDER MAKEN;-1;DARKEN
DUISTERNIS;-1;DARKNESS
DARN;-1;DARN
ONTMOEDIGEN;-1;DISCOURAGE
GETREUZELD;-1;LINGERED
DAZE;-1;DAZE
DOOD;-1;DEATH
IMPASSE;-1;IMPASSE
DODELIJKE;-1;DEADLY
DRAAGVERMOGEN;-1;WEIGHT CAPACITY
DOVE;-1;DEAF
DOOFHEID;-1;DEAFNESS
DEAL;-1;DEAL
SCHAARSTE;-1;SCARCITY
DOOD;-1;DEATH
BETWISTBAAR;-1;MOOT
SCHULDENAAR;-1;DEBTOR
DECADENTIE;-1;DECADENCE
DECADENT;-1;DECADENT
VERVAL;-1;EXPIRATION
VERVAL;-1;EXPIRATION
OVERLIJDEN;-1;DEATH
BEDROG;-1;CHEATS
BEDRIEGLIJKE;-1;ROGUE
BEDRIEGEN;-1;CHEAT
BEDRIEGEN;-1;CHEAT
BEDROG;-1;CHEATS
MISLEIDENDE;-1;MISLEADING
DALING;-1;FALL
DALING;-1;FALL
ONTLEDEN;-1;PARSE
DALING;-1;FALL
DALING;-1;FALL
BELASTEREN;-1;DEFAMING
STANDAARD;-1;STANDARD
NEDERLAAG;-1;DEFEAT
NEDERLAAG;-1;DEFEAT
DEFECT;-1;DEFECT
DEFECTE;-1;FAULTY
VERWEERDER;-1;DEFENDANT
DEFENSIEF;-1;DEFENSIVE
DEFIANCE;-1;DEFIANCE
DEFIANT;-1;DEFIANT
DEFICIËNTIE;-1;DEFICIENCY
GEBREKKIGE;-1;DEFECTIVE
TEKORT;-1;DEFICIT
DEFILE;-1;DEFILE
TROTSEREN;-1;DEFY
ONTAARDEN;-1;DEGENERATE
DEGRADEREN;-1;DEGRADE
SCHAREN;-1;SHEARS
VERTRAGING;-1;DELAY
VERTRAGING;-1;DELAY
DELINQUENTIE;-1;DELINQUENCY
DELINQUENT;-1;DELINQUENT
DELIRIUM;-1;DELIRIUM
DELUGE;-1;DELUGE
WAAN;-1;DELUSION
VERNEDEREN;-1;HUMILIATE
ONDERGANG;-1;DEMISE
SLOPEN;-1;PILLOWCASES
DEMON;-1;DEMON
DEMORALISEREN;-1;DEMORALIZE
ONTKENNING;-1;DENIAL
AAN DE KAAK STELLEN;-1;TO DENOUNCE
DENT;-1;DENT
WEIGEREN;-1;REFUSE
AFHANKELIJK;-1;DEPENDING on
AFBREKEN;-1;BREAKING DOWN
BETREURENSWAARDIGE;-1;DEPLORABLE
BETREUREN;-1;REGRET
ONTTRONEN;-1;DETHRONE
VERDORVEN;-1;DEPRAVED
AFSCHRIJVEN;-1;WRITE OFF
AFSCHRIJVING;-1;DEPRECIATION
DRUKKEN;-1;PRINTING
DRUKKEN;-1;PRINTING
DRUKKEN;-1;PRINTING
DEPRESSIE;-1;DEPRESSION
DEPRESSIE;-1;DEPRESSION
ONTNEMEN;-1;DEPRIVE
UITLACHEN;-1;LAUGH at
SPOT;-1;SPOT
SPOTTENDE;-1;MOCKING
AFWIJKENDE;-1;DEVIATING
WOESTIJN;-1;DESERT
WOESTIJN;-1;DESERT
DESERTIE;-1;DESERTION
WENS;-1;WISH
VERLATEN;-1;LEAVING
VERWOESTING;-1;DEVASTATION
WANHOOP;-1;DESPAIR
WANHOOP;-1;DESPAIR
WANHOPIG;-1;DESPERATE
WANHOOP;-1;DESPAIR
VERACHTELIJKE;-1;DESPICABLE
VERACHTEN;-1;DESPISE
VERACHTEN;-1;DESPISE
BEROOID;-1;PENNILESS
VERNIETIGEN;-1;DESTROY
VERNIETIGING;-1;DESTRUCTION
DESTRUCTIEVE;-1;DESTRUCTIVE
DETACHEMENT;-1;DETACHMENT
VASTHOUDEN;-1;STICK
SCHRIKKEN;-1;SCARE
AFSCHRIKKENDE;-1;DISSUASIVE
VERAFSCHUWEN;-1;HATE
AFSCHUWELIJKE;-1;HORRIBLE
AFBREUK DOEN;-1;PREJUDICE
SCHADELIJK;-1;HARMFUL
VERWOESTEN;-1;DEVASTATING
VERWOESTING;-1;DEVASTATION
AFWIJKEN;-1;BE DIFFERENT
AFWIJKING;-1;DEVIATION
DUIVEL;-1;DEVIL
DUIVELSE;-1;DEVILISH
DEVIOUS;-1;DEVIOUS
VERSTOKEN;-1;DEVOID
DUIVELSE;-1;DEVILISH
DUIVELSE;-1;DEVILISH
DICTEREN;-1;DICTATE
DICTATORIALE;-1;DICTATORIAL
VERSCHILLEN;-1;DIFFERENCES
MOEILIJK;-1;DIFFICULT
MOEILIJKHEIDSGRAAD;-1;LEVEL of DIFFICULTY
DILEMMA;-1;DILEMMA
DIM;-1;DIM
DIM;-1;DIM
DIN;-1;DIN
DIRE;-1;DIRE
VUIL;-1;DIRT
DIRTY;-1;DIRTY
UITSCHAKELEN;-1;DISABLE
NADEEL;-1;DISADVANTAGE
NADELIG;-1;INJURIOUS
ONAANGENAME;-1;UNPLEASANT
ONENIGHEID;-1;DISAGREEMENT
TELEURSTELLEN;-1;DISAPPOINT
TELEURSTELLEN;-1;DISAPPOINT
TELEURSTELLEN;-1;DISAPPOINT
TELEURSTELLEN;-1;DISAPPOINT
TELEURSTELLING;-1;DISAPPOINTMENT
AFKEURING;-1;CENSURE
AFKEUREN;-1;DISAPPROVE
ONTWAPENEN;-1;DISARM
RAMP;-1;DISASTER
RAMPZALIGE;-1;DISASTROUS
AFGEVALLEN;-1;FALLEN OFF
AFWIJZING;-1;REJECTION
ONGELOOF;-1;DISBELIEF
KWIJTING;-1;DISCHARGE
KWIJTING;-1;DISCHARGE
WIJZEN;-1;POINT OUT
ONGEMAK;-1;DISCOMFORT
NIETS ONDERNEEMT;-1;NOTHING TAKES
ONTEVREDENHEID;-1;DISSATISFACTION
ONENIGHEID;-1;DISAGREEMENT
DISHARMONISCHE;-1;DISCORDANT
ONTMOEDIGEN;-1;DISCOURAGE
ONTMOEDIGEN;-1;DISCOURAGE
ONTMOEDIGING;-1;DISCOURAGEMENT
DISKREDIET;-1;DISREPUTE
DISCREPANTIE;-1;DISCREPANCY
DISCRIMINEREN;-1;DISCRIMINATE
MINACHTING;-1;CONTEMPT
ZIEKTE;-1;DISEASE
ZIEKE;-1;SICK
SCHANDE;-1;SHAME
VERMOMMING;-1;DISGUISE
WALGING;-1;NAUSEA
WALGING;-1;NAUSEA
WALGING;-1;NAUSEA
WALGING;-1;NAUSEA
WALGING;-1;NAUSEA
BENEPEN;-1;POKY
ONEERLIJK;-1;UNFAIR
DISHONOR;-1;DISHONOR
ACHTERBAKS;-1;UNDERHANDED
DESINTERESSE;-1;DISINTEREST
AFKEER;-1;AVERSION
AFKEER;-1;AVERSION
SOMBER;-1;BLEAK
ONTSLAAN;-1;LAY OFF
ONTSLAAN;-1;LAY OFF
ONGEHOORZAAMHEID;-1;DISOBEDIENCE
ONGEHOORZAAM;-1;NAUGHTY
STOORNIS;-1;DISORDER
ONGEORGANISEERD;-1;DISORGANIZED
VERJAGEN;-1;CHASE AWAY
MISBAARHEID;-1;DISPENSABILITY
AFZIEN;-1;DISPENSE
VERDRINGEN;-1;DISPLACE
MISHAGEN;-1;DISPLEASE
ONGENOEGEN;-1;DISPLEASURE
VERWIJDERING;-1;REMOVAL
VERVREEMDING;-1;ALIENATION
VERVREEMDING;-1;ALIENATION
ONEVENREDIGE;-1;DISPROPORTIONATE
WEERLEGGEN;-1;MEET
AANVECHTBAAR;-1;QUESTIONABLE
GESCHIL;-1;DISPUTE
GESCHIL;-1;DISPUTE
NEGEREN;-1;IGNORE
VERSTOREN;-1;DISRUPT
VERSTORING;-1;DISRUPTION
ONTEVREDENHEID;-1;DISSATISFACTION
ONTEVREDEN;-1;DISSATISFIED
ONTEVREDEN;-1;DISSATISFIED
DISSIDENTIE;-1;DISSENT
DISSENTION;-1;DISSENTION
ONTBINDING;-1;DISSOLUTION
VERVORMEN;-1;DEFORM
VERVORMING;-1;DISTORTION
AFLEIDEN;-1;DERIVING
AFLEIDEND;-1;DISTRACTING
AFLEIDING;-1;DISTRACTION
NOOD;-1;EMERGENCY
NOOD;-1;EMERGENCY
WANTROUWEND;-1;LEERY
VERSTOREN;-1;DISRUPT
VERSTOREN;-1;DISRUPT
VERSTOREN;-1;DISRUPT
VERSTORING;-1;DISRUPTION
AFLEIDING;-1;DISTRACTION
DOORSCHAKELEN;-1;CALL DIVERT
KLOOF;-1;GAP
KLOOF;-1;GAP
DIVISIE;-1;DIVISION
ECHTSCHEIDING;-1;DIVORCE
ECHTSCHEIDING;-1;DIVORCE
ECHTSCHEIDING;-1;DIVORCE
DUIZELIG;-1;DIZZY
SLOP;-1;SLOP
DOMINEREN;-1;DOMINATE
DOMINEREN;-1;DOMINATE
DOMINEREN;-1;DOMINATE
OVERHEERSING;-1;DOMINATION
DOOM;-1;DOOM
DOOM;-1;DOOM
DOOMSDAY;-1;DOOMSDAY
DOPE;-1;DOPE
DUBBEL;-1;DOUBLE
DUBBEL;-1;DOUBLE
TWIJFEL;-1;DOUBT
TWIJFEL;-1;DOUBT
TWIJFEL;-1;DOUBT
TWIJFELACHTIG;-1;QUESTIONABLE
NEERGESLAGEN;-1;KNOCKED DOWN
ONDERGANG;-1;DEMISE
DOWNHEARTED;-1;DOWNHEARTED
SAAI;-1;BORING
SLEPEN;-1;DRAG
DREAD;-1;DREAD
VRESELIJKE;-1;TERRIBLE
SOMBERE;-1;GLOOMY
STATION;-1;STATION
HANGEN;-1;HANG
DROP;-1;DROP
DROP;-1;DROP
DROP;-1;DROP
DROOGTE;-1;DROUGHT
VERDRINKEN;-1;DROWN
VERDRINKEN;-1;DROWN
SLAPERIGHEID;-1;DROWSINESS
SLAPERIG;-1;SLEEPY
DRONKEN;-1;DRUNK
DRONKEN;-1;DRUNK
DRONKAARD;-1;DRUNKARD
DRONKEN;-1;DRUNK
DUBIEUZE;-1;DUBIOUS
SAAI;-1;BORING
STOM;-1;STUPID
DUMP;-1;DUMP
DUMP;-1;DUMP
DOMKOP;-1;BLOCKHEAD
DUNGEON;-1;DUNGEON
PLICHT;-1;DUTY
VERKOMMEREN;-1;DWINDLE
STERVEN;-1;DIE
STERVEN;-1;DIE
EXCENTRIEK;-1;ECCENTRIC
EXCENTRICITEIT;-1;ECCENTRICITY
RAND;-1;EDGE
EGOÏSTISCH;-1;SELFISH
ELIMINEREN;-1;ELIMINATE
ELIMINATIE;-1;ELIMINATION
VERLEGENHEID;-1;EMBARRASSMENT
VERLEGENHEID;-1;EMBARRASSMENT
EMERGENCY;-1;EMERGENCY
LEEG;-1;EMPTY
LEEG;-1;EMPTY
INBREUK MAKEN;-1;INFRINGE
AANTASTING;-1;DEGRADATION
IN GEVAAR BRENGEN;-1;AT RISK
VIJAND;-1;ENEMY
AFDWINGEN;-1;ENFORCE
VERZWELGEN;-1;ENGULF
WOEDEND;-1;FURIOUS
SLAAF;-1;SLAVE
VERSTRENGELEN;-1;INTERTWINE
ENTANGLEMENT;-1;ENTANGLEMENT
SMEEK;-1;BEG
JALOERS;-1;JEALOUS
AFGUNST;-1;ENVY
EPIDEMIE;-1;EPIDEMIC
EPITHETON;-1;EPITHETON
DUBBELZINNIG;-1;AMBIGUOUS
ROEIEN;-1;ROWING
WISSEN;-1;ERASE
ERODE;-1;ERODE
EROSIE;-1;EROSION
ERR;-1;ERR
FOUTIEVE;-1;INCORRECT
FOUT;-1;ERROR
ESOTERISCHE;-1;ESOTERIC
VERVREEMD;-1;ALIENATED
ONTDUIKEN;-1;EVASION
BELASTINGONTDUIKING;-1;TAX EVASION
ZELFS;-1;EVEN
WEGHALEN;-1;REMOVAL
KWAAD;-1;EVIL
KWAAD;-1;EVIL
OVERDRIJVING;-1;EXAGGERATION
NEDERIGEN;-1;LOWLY
WREVEL;-1;RESENTMENT
UITZONDERING;-1;EXCEPTION
OVERMAAT;-1;EXCESS
BUITENSPORIGE;-1;EXCESSIVE
UITSLUITEN;-1;EXCLUDE
UITSLUITING;-1;EXCLUSION
EXCOMMUNICATIE;-1;EXCOMMUNICATION
UITVOEREN;-1;RUN
VRIJGESTELD;-1;EXEMPT
UITLAAT;-1;EXHAUST
UITPUTTING;-1;EXHAUSTION
BALLINGSCHAP;-1;EXILE
UITGANG;-1;OUTPUT
UITWEG;-1;WAY OUT
VERDRIJVEN;-1;DRIVING OUT
KOSTEN;-1;COST
KOSTEN;-1;COST
DUUR;-1;DURATION
ONTPLOFFEN;-1;EXPLODE
EXPLOIT;-1;EXPLOIT
EXPLOSIE;-1;EXPLOSION
EXPLOSIEVE;-1;EXPLOSIVE
BLOOT;-1;EXPOSE
ROEIEN;-1;ROWING
UITROEIING;-1;ERADICATION
UITGESTORVEN;-1;EXTINCT
BLUSSEN;-1;PUTTING OUT
EXTRAVAGANTE;-1;EXTRAVAGANT
FABRICEREN;-1;MANUFACTURE
FABRICAGE;-1;MANUFACTURING
FAIL;-1;FAIL
FAIL;-1;FAIL
FAIL;-1;FAIL
FAIL;-1;FAIL
STORING;-1;FAILURE
FLAUW;-1;FAINT
FAKE;-1;FAKE
VAL;-1;VAL
DROGREDEN;-1;FALLACY
FALLOUT;-1;FALLOUT
ONWAAR;-1;FALSE
LEUGEN;-1;LIE
FALTER;-1;FALTER
HONGERSNOOD;-1;FAMINE
FAMISHED;-1;FAMISHED
FANATIC;-1;FANATIC
FANATIEKE;-1;FANATICAL
KLUCHT;-1;FARCE
FASCIST;-1;FASCIST
VET;-1;FAT
VET;-1;FAT
VET;-1;FAT
FATALE;-1;FATAL
FATALISTISCHE;-1;FATALISTIC
VERMOEIDHEID;-1;FATIGUE
SCHULD;-1;DEBT
ANGST;-1;FEAR
ANGST;-1;FEAR
ANGST;-1;FEAR
ANGSTIG;-1;ANXIOUS
ANGSTAANJAGENDE;-1;TERRIFYING
GEVOED;-1;FED
ZWAK;-1;WEAK
VEINZEN;-1;FEIGN
FEINT;-1;FEINT
WOESTE;-1;SAVAGE
WREEDHEID;-1;CRUELTY
VETE;-1;FEUD
FEODALE;-1;FEUDAL
KOORTS;-1;FEVER
KOORTSIG;-1;FEVERISH
FIASCO;-1;FIASCO
WISPELTURIG;-1;FICKLE
FIDGET;-1;FIDGET
FIEND;-1;FIEND
FELLE;-1;BRIGHT
STRIJD;-1;FIGHT
STRIJD;-1;FIGHT
STRIJD;-1;FIGHT
FIGHTER;-1;FIGHTER
VUILIGHEID;-1;FILTH
SMERIGE;-1;NASTY
BOETE;-1;FINE
BOETE;-1;FINE
BRAND;-1;FIRE
BRAND;-1;FIRE
BRAND;-1;FIRE
VUIST;-1;FIST
FIX;-1;FIX
FLAGRANTE;-1;BLATANT
FOUT;-1;ERROR
GEVLUCHT;-1;FLED
VLUCHTEN;-1;FLIGHTS
VLUCHTIG;-1;VOLATILE
FLIMSY;-1;FLIMSY
VLOER;-1;FLOOR
BOT;-1;BOT
VIJAND;-1;ENEMY
FOIBLE;-1;FOIBLE
DE DWAAS;-1;THE FOOL
DE DWAAS;-1;THE FOOL
DWAAS;-1;FOOL
DWAASHEID;-1;FOLLY
VERBIEDEN;-1;BAN
VERBODEN;-1;FORBIDDEN
KRACHT;-1;POWER
KRACHT;-1;POWER
KRACHT;-1;POWER
VOORGEVOEL;-1;HUNCH
BUITENLANDSE;-1;FOREIGN
FORFEIT;-1;FORFEIT
VERGEETACHTIGHEID;-1;FORGETFULNESS
VERLATEN;-1;LEAVING
FORMIDABELE;-1;FORMIDABLE
VERZAKEN;-1;FORSAKE
VOCHT;-1;MOISTURE
OPRICHTER;-1;FOUNDER
FRACTUUR;-1;FRACTURE
KWETSBARE;-1;VULNERABLE
FRANTIC;-1;FRANTIC
VERWOED;-1;FRANTICALLY
FRAUDE;-1;FRAUD
FRAUDULEUZE;-1;FRAUDULENT
BELADEN;-1;LADEN
FREAK;-1;FREAK
FRET;-1;FRET
FRETFUL;-1;FRETFUL
SCHRIKKEN;-1;SCARE
SCHRIKKEN;-1;SCARE
SCHRIKKEN;-1;SCARE
VRESELIJKE;-1;TERRIBLE
FRIGIDE;-1;FRIGID
FRIVOLE;-1;FRIVOLOUS
VOORZIJDE;-1;FRONT
FROWN;-1;FROWN
FROWN;-1;FROWN
VRUCHTELOOS;-1;FRUITLESS
FRUSTREREN;-1;FRUSTRATING
FRUSTREREN;-1;FRUSTRATING
FRUSTREREN;-1;FRUSTRATING
FRUSTRATIE;-1;FRUSTRATION
DIFFUSE;-1;DIFFUSE
MORRELEN;-1;FUMBLE
LEUK;-1;FUN
WOEDEND;-1;FURIOUS
FURY;-1;FURY
OPHEF;-1;FUSS
KIESKEURIG;-1;PICKY
FUTILITEIT;-1;FUTILITY
GALL;-1;GALL
GOKKEN;-1;GAMBLING
GOKKEN;-1;GAMBLING
SNEE;-1;CUT
BONTE;-1;BAKER
GERM;-1;GERM
Toevoegen;-1;Add
AFSCHUWELIJKE;-1;HORRIBLE
GETTO;-1;GHETTO
GLARE;-1;GLARE
GLOAT;-1;GLOAT
SOMBERHEID;-1;GLOOM
SOMBER;-1;BLEAK
GLUM;-1;GLUM
GODDAMN;-1;SHELLEY
PAK;-1;PAK
GRAPPLE;-1;GRAPPLE
GRATUITOUS;-1;GRATUITOUS
GRAF;-1;GRAVE
GRAF;-1;GRAVE
GRAF;-1;GRAVE
GRAF;-1;GRAVE
GRAF;-1;GRAVE
VERDRIET;-1;GRIEF
KLACHT;-1;COMPLAINT
TREUREN;-1;GRIEVE
GRIM;-1;GRIM
GRIZZLY;-1;GRIZZLY
GROTESKE;-1;GROTESQUE
GROMMEN;-1;GROWL
WROK;-1;RESENTMENT
GRUFF;-1;GRUFF
MOPPEREN;-1;GRUMBLE
GUERRILLA;-1;GUERRILLA
SCHULD;-1;DEBT
SCHULDIG;-1;GUILTY
MOM;-1;MOM
ONNOZEL;-1;GREEN
PISTOOL;-1;GUN
SCHUTTERS;-1;SHOOTERS
HACK;-1;HACK
HACKNEY;-1;HACKNEY
HAG;-1;HAG
HAGGARD;-1;HAGGARD
MAND;-1;BASKET
HAND;-1;HAND
HANDICAP;-1;HANDICAP
HANG;-1;HANG
HANG;-1;HANG
LUKRAAK;-1;INDISCRIMINATELY
ONGELUKKIGE;-1;UNFORTUNATE
TREITEREN;-1;TAUNTING
INTIMIDATIE;-1;HARASSMENT
HARDE;-1;HARD
HARDE;-1;HARD
ONTBERING;-1;DEPRIVATION
SCHADE;-1;DAMAGE
SCHADE;-1;DAMAGE
SCHADELIJKE;-1;HARMFUL
HARDE;-1;HARD
RUZIE;-1;FEUD
HAAT;-1;HATE
HAAT;-1;HATE
HAAT;-1;HATE
HATER;-1;HATER
HAAT;-1;HATE
HOOGHARTIGE;-1;HAUGHTY
ACHTERVOLGEN;-1;CHASE
HAVOC;-1;HAVOC
HAZARD;-1;HAZARD
HAZARD;-1;HAZARD
GEVAARLIJKE;-1;DANGEROUS
NEVELACHTIGE;-1;MISTY
WAZIG;-1;BLURRED
HOOFDPIJN;-1;HEADACHE
HARTELOOS;-1;HEARTLESS
HECTISCHE;-1;HECTIC
HEDGE;-1;HEDGE
HEDONISTISCHE;-1;HEDONISTIC
ONBEZONNEN;-1;BRASH
GRUWELIJKE;-1;GRUESOME
HEL;-1;HELL
Help;-1;Help
HULPELOOS;-1;HELPLESS
HULPELOOSHEID;-1;HELPLESSNESS
AFSCHUWELIJK;-1;HORRIBLE
EEN BELEMMERING VORMEN VOOR;-1;AN OBSTACLE TO
BELEMMERING;-1;OBSTACLE
HIT;-1;HIT
HIT;-1;HIT
OPPOTTEN;-1;HOARD
HINKEN;-1;HOBBLE
GAT;-1;HOLE
GAT;-1;HOLE
HOLLOW;-1;HOLLOW
HUISELIJKE;-1;HOMELY
HOPELOOS;-1;HOPELESS
HORDE;-1;HORDE
HOORN;-1;HORN
VERSCHRIKKELIJK;-1;TERRIBLE
AKELIGE;-1;HORRID
GRUWELEN;-1;ABOMINATIONS
HORROR;-1;HORROR
VIJANDIGE;-1;HOSTILE
VIJANDIGHEID;-1;HOSTILITY
HETE;-1;HOT
VERNEDEREN;-1;HUMILIATE
VERNEDERING;-1;HUMILIATION
OPGEHANGEN;-1;HUNG UP
HONGER;-1;HUNGER
HONGER;-1;HUNGER
HUNT;-1;HUNT
HUNT;-1;HUNT
HUNT;-1;HUNT
HUNTER;-1;HUNTER
PIJN DOEN;-1;HURT
PIJN DOEN;-1;HURT
KWETSEND;-1;HURTFUL
HUSTLE;-1;HUSTLE
HUSTLER;-1;HUSTLER
HYPOCRISIE;-1;HYPOCRISY
HYPOCRIET;-1;HYPOCRITE
HYSTERIE;-1;HYSTERIA
HYSTERISCHE;-1;HYSTERICAL
IDIOT;-1;IDIOT
IDIOTE;-1;IDIOTIC
NIETSDOEN;-1;IDLENESS
ONWAARDIGE;-1;UNWORTHY
ONWETENDHEID;-1;IGNORANCE
ONWETEND;-1;IGNORANT
ZIEK;-1;SICK
ZIEK;-1;SICK
ZIEK;-1;SICK
ZIEK;-1;SICK
ILLEGALE;-1;ILLEGAL
ILLEGALITEIT;-1;ILLEGALITY
ANALFABEET;-1;ILLITERATE
ZIEKTE;-1;DISEASE
ONLOGISCH;-1;ILLOGICAL
ONRIJPE;-1;IMMATURE
IMMOBILITEIT;-1;IMMOBILITY
IMMOREEL;-1;IMMORAL
IMMORALITEIT;-1;IMMORALITY
ONROERENDE GOEDEREN;-1;REAL ESTATE
AFBREUK DOEN AAN;-1;PREJUDICE TO
IMPASSE;-1;IMPASSE
ONGEDULD;-1;IMPATIENCE
ONGEDULDIG;-1;IMPATIENT
BELEMMEREN;-1;HINDER
BELEMMERING;-1;OBSTACLE
IMPERFECT;-1;IMPERFECT
ONPERSOONLIJK;-1;IMPERSONAL
ONSTUIMIG;-1;BOISTEROUS
BETREKKEN;-1;INVOLVE
SMEEK;-1;BEG
LEGGEN;-1;LAY
IMPRECISION;-1;IMPRECISION
OPSLUITEN;-1;LOCKING UP
GEVANGENISSTRAF;-1;PRISON SENTENCE
ONJUISTE;-1;INCORRECT
IMPULSIEF;-1;IMPULSIVE
ONZUIVER;-1;IMPURE
ONZUIVERHEID;-1;IMPURITY
ONVERMOGEN;-1;INABILITY
ONTOEGANKELIJK;-1;INACCESSIBLE
ONNAUWKEURIGHEID;-1;INACCURACY
ONVOLDOENDE;-1;INSUFFICIENT
ZINLOOS;-1;POINTLESS
NIET IN STAAT;-1;UNABLE
ONOPHOUDELIJKE;-1;INCESSANT
ONVERENIGBAARHEID;-1;INCOMPATIBILITY
INCOMPATIBELE;-1;INCOMPATIBLE
INCOMPETENTIE;-1;INCOMPETENCE
INCOMPETENT;-1;INCOMPETENT
INCONSISTENTIE;-1;INCONSISTENCY
LASTIG;-1;TRICKY
ONJUISTE;-1;INCORRECT
ONGELOOFLIJKE;-1;INCREDIBLE
ONGENEESLIJKE;-1;INCURABLE
ONFATSOENLIJK;-1;INDECENT
ONBEPAALDE TIJD;-1;AN INDEFINITE PERIOD OF TIME
ONBESTEMD;-1;UNDEFINED
ONBEPAALD;-1;UNSPECIFIED
AANKLACHT;-1;INDICTMENT
ONVERSCHILLIGHEID;-1;INDIFFERENCE
ONVERSCHILLIG;-1;INDIFFERENT
VERONTWAARDIGING;-1;OUTRAGE
VERWEN UZELF;-1;TREAT YOURSELF
INEFFECTIEF;-1;INEFFECTIVE
ONVERBINDENDHEID VAN DE OVEREENKOMST;-1;INEFFECTIVENESS
INEFFECTIEF;-1;INEFFECTIVE
INEFFECTUALNESS;-1;INEFFECTUALNESS
INEFFICIËNTIE;-1;INEFFICIENCY
ONGELIJKHEID;-1;INEQUALITY
ONJUIST;-1;INCORRECT
ONVERKLAARBARE;-1;UNEXPLAINED
BERUCHTE;-1;INFAMOUS
INFECTEREN;-1;INFECT
INFECTIE;-1;INFECTION
INFERIEUR;-1;INFERIOR
MINDERWAARDIGHEID;-1;INFERIORITY
INFEST;-1;INFEST
INFILTRATIE;-1;INFILTRATION
WAKKEREN;-1;STIR UP
INFLATIE;-1;INFLATION
TOEBRENGEN;-1;INFLICTING
OVERTREDING;-1;VIOLATION
INBREUK;-1;INFRINGEMENT
WOEDEN;-1;RAGING
ONDANKBAARHEID;-1;INGRATITUDE
REMMEN;-1;BRAKES
INHIBITIE;-1;INHIBITION
ONMENSELIJKE;-1;INHUMAN
BEVEL;-1;COMMAND
VERWONDEN;-1;INJURE
SCHADELIJKE;-1;HARMFUL
LETSEL;-1;INJURY
KRANKZINNIG;-1;INSANE
ONZEKER;-1;UNCERTAIN
ONVEILIGHEID;-1;INSECURITY
GEVOELLOOS;-1;NUMB
VERRADERLIJKE;-1;TREACHEROUS
ONBELANGRIJK;-1;INSIGNIFICANT
INSINUEREN;-1;INSINUATE
BRUTALITEIT;-1;BRUTALITY
ONBESCHAAMD;-1;UNASHAMEDLY
INSTABILITEIT;-1;INSTABILITY
INSTABIEL;-1;UNSTABLE
INSUFFICIËNTIE;-1;INSUFFICIENCY
ONVOLDOENDE;-1;INSUFFICIENT
BELEDIGING;-1;INSULT
MENGEN;-1;MIXING
INTERFERENTIE;-1;INTERFERENCE
ONDERBREKEN;-1;INTERRUPT
ONDERBREKING;-1;BREAK
INTERVENTIE;-1;INTERVENTION
INTIMIDEREN;-1;INTIMIDATE
ONAANVAARDBAAR;-1;UNACCEPTABLE
DRONKEN;-1;DRUNK
UITSTEKEN;-1;STICKING OUT
INDRINGER;-1;INTRUDER
INBRAAK;-1;BURGLARY
OVERSTROMEN;-1;OVERFLOW
OVERSPOELD;-1;FLOODED
BINNENVALLEN;-1;INVADE
Ongeldig;-1;Invalid
ONZICHTBAAR;-1;INVISIBLE
ONVRIJWILLIGE;-1;INVOLUNTARY
BETREKKEN;-1;INVOLVE
IRK;-1;IRK
IJZER;-1;IRON
IJZER;-1;IRON
IRONISCH;-1;IRONIC
IRONIE;-1;IRONY
IRRATIONELE;-1;IRRATIONAL
ONREGELMATIGE;-1;IRREGULAR
ONREGELMATIGHEID;-1;IRREGULARITY
ONVERANTWOORD;-1;IRRESPONSIBLE
PRIKKELBAAR;-1;IRRITABLE
IRRITATIE;-1;IRRITATION
ISOLEREN;-1;ISOLATE
ISOLEREN;-1;ISOLATE
GEVANGENIS;-1;PRISON
GEVANGENIS;-1;PRISON
JAR;-1;JAR
BESCHIMPEN;-1;TAUNT
IN GEVAAR BRENGEN;-1;AT RISK
GEVAAR;-1;DANGER
EIKEL;-1;ACORN
EIKEL;-1;ACORN
ZENUWACHTIG;-1;NERVOUS
WERKLOZE;-1;UNEMPLOYED PERSON
JUMPY;-1;JUMPY
ONGEWENSTE;-1;UNWANTED
KICK;-1;KICK
KICK;-1;KICK
KICK;-1;KICK
KIDNAP;-1;KIDNAP
DODEN;-1;KILL
DODEN;-1;KILL
KILLER;-1;KILLER
MES;-1;KNIFE
KLOP;-1;BEAT
KLOP;-1;BEAT
KLOP;-1;BEAT
ONTBREKEN;-1;LACK
ONTBREKEN;-1;LACK
ONTBREKEN;-1;LACK
VERTRAGING;-1;DELAY
GELEGD;-1;LAID
LAME;-1;LAME
LAMENT;-1;LAMENT
BETREURENSWAARDIGE;-1;DEPLORABLE
WEGKWIJNEN;-1;WASTE AWAY
VERVALLEN;-1;EXPIRED
LACHEN;-1;LAUGH
LAWLESS;-1;LAWLESS
LEGGEN;-1;LAY
LUI;-1;LAZY
LUI;-1;LAZY
LEK;-1;LEK
LEKKAGE;-1;LEAKAGE
LAAT;-1;LET
AANSPRAKELIJKHEID;-1;LIABILITY
AANSPRAKELIJK;-1;BE LIABLE
LEUGENAAR;-1;LIAR
LEUGEN;-1;LIE
LEUGEN;-1;LIE
LEVENLOZE;-1;LIFELESS
LIMIET;-1;LIMIT
LIMIET;-1;LIMIT
LIMIET;-1;LIMIT
BEPERKING;-1;LIMITATION
SLAP;-1;SLAP
LIQUIDEREN;-1;WIND UP
LIQUIDATIE;-1;WINDING-UP
NEST;-1;NEST
BELASTING;-1;TAX
LONE;-1;LONE
EENZAAMHEID;-1;LONELINESS
EENZAAM;-1;LONELY
EENLING;-1;LONER
LONESOME;-1;LONESOME
LOOM;-1;LOOM
VERLIEZEN;-1;LOSSES
VERLIEZEN;-1;LOSSES
VERLIEZER;-1;LOSER
VERLIES;-1;LOSS
VERLOREN;-1;LOST
VERLOREN;-1;LOST
VERLOREN;-1;LOST
VERLOREN;-1;LOST
LOVELESS;-1;LOVELESS
LAGE;-1;LOW
LAGE;-1;LOW
LAGERE;-1;LOWER
NEDERIG;-1;HUMBLE
BELACHELIJK;-1;RIDICULOUS
STILTE;-1;SILENCE
WAANZINNIGE;-1;INSANE
LURE;-1;LURE
LOER LIGGEN;-1;LURK
LIEGEN;-1;LYING
LIEGEN;-1;LYING
MAD;-1;MAD
MAD;-1;MAD
MADMAN;-1;MADMAN
WAANZIN;-1;MADNESS
MAKEN;-1;MAKE
ONAANGEPASTE;-1;MALADJUSTED
ONGESCHIKTHEID;-1;DISABILITY
ZIEKTE;-1;DISEASE
MALICE;-1;MALICE
SCHADELIJKE;-1;HARMFUL
MALIGNE;-1;MALIGNANT
MANGEL;-1;MANGEL
MANIPULEREN;-1;MANIPULATE
MANIPULATIE;-1;MANIPULATION
DOODSLAG;-1;MANSLAUGHTER
MAR;-1;MAR
MAR;-1;MAR
MARGINALE;-1;MARGINAL
BLOEDBAD;-1;MASSACRE
ZAAK;-1;CASE
MAGERE;-1;SKINNY
GEMIDDELDE;-1;AVERAGE
ZINLOOS;-1;POINTLESS
MEDDLE;-1;MEDDLE
MIDDELMATIGE;-1;MEDIOCRE
ZACHTMOEDIGEN;-1;MEEK
MELANCHOLIE;-1;MELANCHOLY
MELODRAMATISCH;-1;MELODRAMATIC
MENACE;-1;MENACE
ONBENULLIGE;-1;POTTY
GENADELOOS;-1;MERCILESS
PUINHOOP;-1;MESS
PUINHOOP;-1;MESS
GEEST;-1;SPIRIT
MIJNE;-1;MINE
MISDRAGEN;-1;MISBEHAVING
WANGEDRAG;-1;MISCONDUCT
ONHEIL;-1;DOOM
ONDEUGEND;-1;NAUGHTY
VREK;-1;HUNKS
ELLENDIG;-1;MISERABLE
ELLENDE;-1;MISERY
PECH;-1;BAD LUCK
BEHANDEL;-1;TREATMENT
ONGELUK;-1;ACCIDENT
MISLEIDING;-1;DECEPTION
SLECHT GEÏNFORMEERD;-1;ILL-INFORMED
MISLEIDEN;-1;BE FOOLED
VERKEERD;-1;WRONG
MISS;-1;MISS
FOUT;-1;ERROR
FOUT;-1;ERROR
FOUT;-1;ERROR
VERGIS;-1;MISTAKEN
WANTROUWEN;-1;DISTRUST
VERKEERD;-1;WRONG
MISVERSTAND;-1;MISUNDERSTANDING
VERKEERD BEGREPEN;-1;MISUNDERSTOOD
MISBRUIK;-1;ABUSE
MIX;-1;MIX
KREUNEN;-1;MOANING
MOCK;-1;MOCK
SPOT;-1;SPOT
MOLESTEER;-1;MOLEST
EENTONIG;-1;MONOTONOUS
MONOTONIE;-1;MONOTONY
MONSTER;-1;MONSTER
MONSTERLIJKE;-1;MONSTROUS
MOODY;-1;MOODY
KASTIJDEN;-1;CHASTISE
ONBEWEEGLIJK;-1;IMMOBILE
MOTLEY;-1;MOTLEY
ROUWEN;-1;MOURNING
ROUWEN;-1;MOURNING
ROUWENDE;-1;GRIEVING
WARBOEL;-1;MUDDLE
MUDDY;-1;MUDDY
MUMBLE;-1;MUMBLE
ALLEDAAGSE;-1;EVERYDAY
MOORD;-1;MURDER
MOORD;-1;MURDER
MOORDDADIGE;-1;MURDEROUS
DUISTERE;-1;DARK
MUTTER (RAMMSTEIN);-1;MUTTER (RAMMSTEIN)
MEZELF >;-1;> MYSELF
NAG;-1;NAG
NAÏEVE;-1;NAIVE
VERVELENDE;-1;NASTY
ONDEUGENDE;-1;NAUGHTY
VAGE;-1;VAGUE
NOODZAAK;-1;NEED
NOODZAAK;-1;NEED
NOODZAAK;-1;NEED
NAALD;-1;NEEDLE
BEHOEFTIGE;-1;NEEDY
ONTKENNEN;-1;DENY
ONTKENNING;-1;DENIAL
NEGATIEVE;-1;NEGATIVE
VERWAARLOZING;-1;NEGLECT
VERWAARLOZING;-1;NEGLECT
NALATIGHEID;-1;NEGLIGENCE
NALATIGHEID;-1;NEGLIGENCE
NERVEUS;-1;NERVOUS
NERVOSITEIT;-1;NERVOUSNESS
NEUROTISCH;-1;NEUROTIC
NEUTRALISEREN;-1;NEUTRALIZE
NACHTMERRIE;-1;NIGHTMARE
NIX;-1;NIX
RUIS;-1;NOISE
NONCHALANT;-1;NONCHALANT
ONZIN;-1;NONSENSE
NIEUWSGIERIG;-1;CURIOUS
BERUCHTE;-1;INFAMOUS
BEGINNER;-1;NEWBIE
OVERLAST;-1;NUISANCE
ONGELDIGHEIDSVERKLARING;-1;NULLIFICATION
NEUTRALISEREN;-1;NEUTRALIZE
GEVOELLOOS;-1;NUMB
NOTEN;-1;NUTS
OBJECT;-1;OBJECT
BEZWAAR;-1;OBJECTION
SCHUINE;-1;OBLIQUE
VERNIETIGEN;-1;DESTROY
ONAANGENAAM;-1;UNPLEASANT
DUISTERE;-1;DARK
VEROUDERDE;-1;OUTDATED
OBSTAKEL;-1;OBSTACLE
KOPPIGE;-1;STUBBORN
BELEMMEREN;-1;HINDER
OBSTRUCTIE;-1;OBSTRUCTION
ONEVEN;-1;ODD
EIGENAARDIGHEID;-1;QUIRK
BELEDIGEN;-1;INSULTING
DADER;-1;OFFENDER
OFFENSIEF;-1;OFFENSIVE
ONHEILSPELLENDE;-1;OMINOUS
VERZUIM;-1;ABSENCE
WEGLATEN;-1;OMIT
EIGENWIJS;-1;COCKY
TEGENSTANDER;-1;OPPONENT
VERZETTEN TEGEN;-1;OPPOSE
VERZETTEN TEGEN;-1;OPPOSE
VERZETTEN TEGEN;-1;OPPOSE
OPPOSITIE;-1;OPPOSITION
ONDERDRUKKEN;-1;SUPPRESS
ONDERDRUKKING;-1;SUPPRESSION
ONDERDRUKKENDE;-1;OPPRESSIVE
BEPROEVING;-1;ORDEAL
BESTELLING;-1;ORDER
WEES;-1;BE
VEROORDELING;-1;CONDEMNATION
OUST;-1;OUST
UITBRAAK;-1;OUTBREAK
UITBARSTING;-1;ERUPTION
OUTCAST;-1;OUTCAST
PROTEST;-1;PROTEST
OUTLAW;-1;OUTLAW
VERONTWAARDIGING;-1;OUTRAGE
SCHANDALIG;-1;OUTRAGEOUS
BUITENSTAANDER;-1;OUTSIDER
OVERBEARING;-1;OVERBEARING
OVERLOOP;-1;OVERFLOW
OVER HET HOOFD;-1;OVER THE HEAD
OVERMEESTEREN;-1;MASTER
BUFFEROVERLOOP;-1;BUFFER OVERFLOW
TOEZICHT;-1;MONITORING
OMVER;-1;KNOCK OVER
KANTELEN;-1;TILT
OVERWELDIGEND;-1;OVERWHELMING
OVERWERKT;-1;OVERWORKED
VERSCHULDIGD ZIJN;-1;ARE DUE
PIJN;-1;PAIN
PIJNLIJKE;-1;PAINFUL
SCHAMEL;-1;PALTRY
PANDEMONIUM;-1;PANDEMONIUM
PANIEK;-1;PANIC
VERLAMMING;-1;PARALYSIS
VERLAMD;-1;PARALYZED
PARANOID;-1;PARANOID
PARASIET;-1;PARASITE
BEPAALDE;-1;CERTAIN
PARTITIE;-1;PARTITION
PASS;-1;PASS
PASS_;-1;PASS_
PASS_;-1;PASS_
PASSE;-1;PASSE
ZIELIG;-1;PATHETIC
BETUTTELEN;-1;NANNIES
EIGENAARDIGE;-1;PECULIAR
GEVAAR;-1;DANGER
GEVAARLIJKE;-1;DANGEROUS
OMKOMEN;-1;PERISH
PERPLEX;-1;PERPLEX
VERWARRING;-1;CONFUSION
VERVOLGEN;-1;SUE
VERVOLGING;-1;PROSECUTION
EROVER;-1;ABOUT IT
PERVERSE;-1;PERVERTED
VIEZERIK;-1;PERVERT
PESSIMISME;-1;PESSIMISM
PESSIMISTISCHE;-1;PESSIMISTIC
PEST;-1;PLAGUE
KLEINE;-1;SMALL
FOBIE;-1;PHOBIA
PICK;-1;PICK
STUK;-1;PIECE
SNUIFJE;-1;PINCH
SNUIFJE;-1;PINCH
ZIELIG;-1;PATHETIC
LIJFSBEHOUD;-1;PRESERVATION of LIFE
PEST;-1;PLAGUE
PEST;-1;PLAGUE
EISER;-1;PLAINTIFF
BENARDE SITUATIE;-1;PLIGHT
PLOETEREN;-1;SLOG
PLOT;-1;PLOT
PUNT;-1;POINT
ZINLOOS;-1;POINTLESS
POISON;-1;POISON
GIFTIGE;-1;TOXIC
VERVUILEN;-1;POLLUTE
VERVUILING;-1;POLLUTION
POMPEUZE;-1;POMPOUS
ARME;-1;POOR
ARME;-1;POOR
ARME;-1;POOR
ARME;-1;POOR
ARME;-1;POOR
ARME;-1;POOR
POND;-1;POUND
KEVER;-1;BEETLE
ARMOEDE;-1;POVERTY
MACHTELOOS;-1;POWERLESS
PRECAIRE;-1;PRECARIOUS
NEERSLAG;-1;PRECIPITATION
HACHELIJKE SITUATIE;-1;PREDICAMENT
AFBREUK TE DOEN;-1;PREJUDICE
NADELIG;-1;INJURIOUS
ABSURD;-1;ABSURD
PERS;-1;PRESS
AANMATIGEND;-1;PRESUMPTUOUS
DOEN ALSOF;-1;PRETEND
PRETENTIE;-1;PRETENSION
PRETENTIEUS;-1;PRETENTIOUS
GEVANGENIS;-1;PRISON
GEVANGENIS;-1;PRISON
GEVANGENE;-1;PRISONER
PROBLEEM;-1;PROBLEM
UITSTELLEN;-1;DELAYING
UITSTEL;-1;POSTPONEMENT
PROD;-1;PROD
VERBIEDEN;-1;BAN
VERBOD;-1;BAN
ONBETAALBAAR;-1;PRICELESS
PROPAGANDA;-1;PROPAGANDA
VERVOLGING;-1;PROSECUTION
PROTEST;-1;PROTEST
PROTEST;-1;PROTEST
PROVOCATIE;-1;PROVOCATION
PROVOCEREN;-1;PROVOKING
SNUFFEL;-1;POKE
WRIKKEN;-1;PRY
PUNCH;-1;PUNCH
STRAFFEN;-1;PENALTIES
NIETIGE;-1;VOID
PUSH;-1;PUSH
PUSH;-1;PUSH
PUSH;-1;PUSH
VERWARRING;-1;CONFUSION
QUALM;-1;QUALM
DILEMMA;-1;DILEMMA
RUZIE;-1;FEUD
RUZIE;-1;FEUD
RADCLYFFE;-1;RADCLYFFE
QUEER;-1;QUEER
TWIJFELACHTIGE;-1;QUESTIONABLE
KIBBELEN;-1;QUIBBLE
SLUIT AF;-1;FINISH OFF
QUITTER;-1;QUITTER
RACE;-1;RACE
RADICALE;-1;RADICAL
WOEDE;-1;ANGER
RAID;-1;RAID
VERHOGEN;-1;INCREASE
WANDELEN;-1;HIKING
WELIG TIERENDE;-1;RAMPANT
RASCAL;-1;RASCAL
UITSLAG;-1;RASH
RAT;-1;RAT
RANTSOEN;-1;RATION
RAMMELAAR;-1;RATTLE
RAVAGE;-1;HAVOC
REACTIONAIR;-1;REACTIONARY
REACTIEVE;-1;REACTIVE
REBEL;-1;REBEL
REBEL;-1;REBEL
OPSTAND;-1;REBELLION
OPSTANDIGE;-1;INSURGENT
AFWIJZEN;-1;REJECT
BERISPING;-1;REPRIMAND
WEERLEGGEN;-1;MEET
RECALCITRANT;-1;RECALCITRANT
WIJKEN;-1;DISTRICTS
RECESSIE;-1;RECESSION
ROEKELOOS;-1;RECKLESS
ROEKELOOSHEID;-1;RECKLESSNESS
TERUGSLAG;-1;RECOIL
REDUNDANTIE;-1;REDUNDANCY
REDUNDANTE;-1;REDUNDANT
REFREIN;-1;CHORUS
VLUCHTELING;-1;REFUGEE
WEIGERING;-1;REFUSAL
WEIGEREN;-1;REFUSE
ONGEACHT;-1;REGARDLESS of
REGRESSIE;-1;REGRESSION
REGRESSIE;-1;REGRESSION
SPIJT;-1;REGRET
SPIJT;-1;REGRET
JAMMER;-1;What a pity
VERWERPEN;-1;REJECT
AFWIJZING;-1;REJECTION
HERVAL;-1;RELAPSE
TERUGHOUDEND;-1;RELUCTANT
WROEGING;-1;REMORSE
AFZIEN VAN;-1;REFRAIN FROM
VERZAKING;-1;RENUNCIATION
INTREKKING;-1;WITHDRAWAL
VERWERPELIJK;-1;OBJECTIONABLE
ONDERDRUKKEN;-1;SUPPRESS
VERWIJT;-1;REPROACH
WIJS;-1;POINT
WEERZINWEKKEND;-1;REPULSIVE
HMS REPULSE;-1;HMS REPULSE
AFSTOTEND;-1;REPELLENT
OPNIEUW VERZONDEN;-1;SENT AGAIN
RANCUNEUS;-1;RESENTFUL
WROK;-1;RESENTMENT
ONTSLAG;-1;DISMISSAL
RUSTELOOS;-1;RESTLESS
RUSTELOOSHEID;-1;RESTLESSNESS
BEPERKEN;-1;LIMIT
BEPERKEN;-1;LIMIT
BEPERKEN;-1;LIMIT
BEPERKING;-1;LIMITATION
VERGELDEN;-1;RECIPROCATING
RETARD;-1;RETARD
PENSIOEN;-1;PENSION
RETRAITE;-1;RETREAT
RETRAITE;-1;RETREAT
WRAAK;-1;REVENGE
TERUGKEREN;-1;RETURN
INTREKKEN;-1;WITHDRAWAL
OPSTAND;-1;REBELLION
REVOLUTIE;-1;REVOLUTION
RID;-1;RID
RIDE;-1;RIDE
SPOT;-1;SPOT
SPOT;-1;SPOT
BELACHELIJK;-1;RIDICULOUS
STIJVE;-1;RIGID
STRENGHEID;-1;SEVERITY
STRENGE;-1;STRICT
RIP;-1;RIP
RIP;-1;RIP
RISKANT;-1;RISKY
RIVAAL;-1;RIVAL
RIVAAL;-1;RIVAL
RIVALITEIT;-1;RIVALRY
ROVER;-1;ROVER
OVERVAL;-1;ROBBERY
ROGUE;-1;ROGUE
ROOT;-1;ROOT
ROT;-1;ROT
ROTTE;-1;ROTTEN
RUW;-1;ROUGH
RUWHEID;-1;ROUGHNESS
ROTONDE;-1;ROUNDABOUT
ROMMEL;-1;CLUTTER
ONBELEEFD;-1;RUDE
RUE;-1;RUE
RUFFIAN;-1;RUFFIAN
RUÏNE;-1;RUIN
RUÏNE;-1;RUIN
RUÏNE;-1;RUIN
RUÏNE;-1;RUIN
RUÏNEUZE;-1;RUINOUS
GERUCHT;-1;RUMOR
RUMPLE;-1;RUMPLE
RUN;-1;RUN
RUN;-1;RUN
RUNAWAY;-1;RUNAWAY
BREUK;-1;FRACTURE
BREUK;-1;FRACTURE
ROESTIGE;-1;RUSTY
MEEDOGENLOZE;-1;RUTHLESS
RUWHEID;-1;ROUGHNESS
SABOTAGE;-1;SABOTAGE
SAD;-1;SAD
VERDRIET;-1;GRIEF
SAG;-1;SAG
ZONK;-1;SANK
SAP;-1;SAP
SARCASME;-1;SARCASM
SARCASTISCHE;-1;SARCASTIC
SAVAGE;-1;SAVAGE
SCHROEIEN;-1;SCORCH
SCHANDAAL;-1;SCANDAL
SCHANDALIG;-1;OUTRAGEOUS
ZONDEBOK;-1;SCAPEGOAT
LITTEKEN;-1;SCAR
SCHAARSTE;-1;SCARCITY
SCHRIKKEN;-1;SCARE
SCHRIKKEN;-1;SCARE
BANG;-1;BANG
BANG;-1;BANG
ENG;-1;ENG
REGELING;-1;SCHEME
REGELING;-1;SCHEME
SPOTTEN;-1;SPOTTING
BERISPEN;-1;SCOLD
BERISPEN;-1;SCOLD
VERSCHROEIEN;-1;SCORCH
MINACHTING;-1;CONTEMPT
SMALEND;-1;SCORNFUL
SCHURK;-1;VILLAIN
SCOWL;-1;SCOWL
SCHRAPEN;-1;SCRAPING
SCREAM;-1;SCREAM
SCREAM;-1;SCREAM
SCREECH;-1;SCREECH
SCREECH;-1;SCREECH
SCHROEF;-1;SCREW
ONDERZOEKT;-1;EXAMINES
HANDGEMEEN;-1;SCUFFLE
SCHUIM;-1;FOAM
AFSCHEIDING;-1;SECRETION
AFSCHEIDING;-1;SECRETION
GEHEIMHOUDING;-1;SECRECY
GEHEIM;-1;SECRET
SEDENTAIRE;-1;SEDENTARY
ZIEDE;-1;SEETHE
SEGREGATIE;-1;SEGREGATION
GRIJPEN;-1;GRAB
EGOÏSTISCH;-1;SELFISH
EGOÏSME;-1;SELFISHNESS
SENIELE;-1;SENILE
ZINLOZE;-1;SENSELESS
ZIN;-1;SENSE
SEKWESTREREN;-1;SEQUESTER
SERVE;-1;SERVE
SERVICE;-1;SERVICE
DIENSTBAARHEID;-1;SERVICE
SEVER;-1;SEVER
ERNSTIGE;-1;SERIOUS
ERNST;-1;ERNST
SHABBY;-1;SHABBY
SCHADUW;-1;SHADOW
SCHADUWRIJKE;-1;SHADY
SHAGGY;-1;SHAGGY
SCHUDDEN;-1;SHAKING
ONDIEP;-1;SHALLOW
SCHANDE;-1;SHAME
BESCHAMEND;-1;SHAMEFUL
SCHAAMTELOZE;-1;SHAMELESS
HAAI;-1;SHARK
SHELL;-1;SHELL
SHELL;-1;SHELL
SCHIPBREUK;-1;SHIPWRECK
SHIRK;-1;SHIRK
RILLING;-1;SHIVER
SCHOK;-1;SHOCK
SCHOK;-1;SHOCK
SCHOK;-1;SHOCK
SCHOK;-1;SHOCK
SCHOK;-1;SHOCK
ONWAARDIG;-1;UNWORTHY
SCHIETEN;-1;SHOOTING
SCHIETEN;-1;SHOOTING
SCHIETEN;-1;SHOOTING
KORTE;-1;SHORT
TEKORT;-1;DEFICIT
TEKORTKOMING;-1;SHORTCOMING
KORTZICHTIG;-1;SHORT-SIGHTED
SCHOT;-1;SHOT
DUW;-1;PUSH
TOON;-1;SHOW
SPITSMUIS;-1;SHREW
SPITSMUIS;-1;SHREW
SHRIEK;-1;SHRIEK
SHRILL;-1;SHRILL
VERSCHROMPELEN;-1;SHRINK
LIJKWADE;-1;SHROUD
BOLERO;-1;BOLERO
BOLERO;-1;BOLERO
SHUN;-1;SHUN
VERLEGENHEID;-1;EMBARRASSMENT
ZIEK;-1;SICK
ZIEK;-1;SICK
ZIEK;-1;SICK
ZIEK;-1;SICK
ZIEKELIJK;-1;SICKLY
ZIEKTE;-1;DISEASE
BELEG;-1;SIEGE
DOM;-1;DOM
SIMPLISTISCHE;-1;SIMPLISTIC
ZONDE;-1;SIN
ZONDE;-1;SIN
ZONDIG;-1;SINFUL
SINISTER;-1;SINISTER
SCEPTISCH;-1;SKEPTICAL
SCHETSMATIG;-1;SKETCHY
SCHERMUTSELING;-1;SKIRMISH
VERSTOPPEN;-1;CLOG
SLAM;-1;SLAM
LASTER;-1;SLANDER
LASTERAAR;-1;SLANDERER
LASTERLIJKE;-1;DEFAMATORY
KLAP;-1;HIT
SCHUINE STREEP;-1;SLASH
SLACHTEN;-1;SLAUGHTER
SLAYER;-1;SLAYER
SLEAZY;-1;SLEAZY
SLAPELOZE;-1;SLEEPLESS
LICHTE;-1;LIGHT
LICHTE;-1;LIGHT
LICHTE;-1;LIGHT
LICHTE;-1;LIGHT
SLIJM;-1;MUCUS
SLORDIG;-1;SLOPPY
LUIAARD;-1;SLOTH
VADSIGE;-1;FLABBY
SLAK;-1;SNAIL
TRAAG;-1;SLOW
MALAISE;-1;MALAISE
SLY;-1;SLY
SMACK;-1;SMACK
SMASH;-1;SMASH
SMASH;-1;SMASH
UITSTRIJKJE;-1;PAP SMEAR
SMOREN;-1;SMOTHER
SMOKKELEN;-1;SMUGGLING
SNARE;-1;SNARE
GROMMEN;-1;GROWL
SNATCH;-1;SNATCH
SLUIPEN;-1;SNEAK
GRIJNSLACH;-1;SMIRK
SNURKEN;-1;SNORING
SOB;-1;SOBS
SOMBERE;-1;GLOOMY
PIJNLIJKE;-1;PAINFUL
PIJN;-1;PAIN
VERDRIET;-1;GRIEF
BEDROEFD;-1;DISTRESSED
SORRY;-1;SORRY
SORRY;-1;SORRY
SORTEREN;-1;SORTING
ZURE;-1;SOUR
SPANK;-1;SPANK
SPEER;-1;SPEAR
MORSEN;-1;SPILLING
SPINSTER;-1;SPINNER
ONDANKS;-1;DESPITE
HATELIJK;-1;HATEFUL
SPLIT;-1;SPLIT
VERWENNEN;-1;SPOIL
PLEK;-1;PLACE
VERSTUIKING;-1;SPRAIN
SPUTTER;-1;SPUTTER
VERSPILLEN;-1;WASTING
STEEK;-1;INSERT
STAGNERENDE;-1;STAGNANT
VLEK;-1;STAIN
MUF;-1;STALE
PATSTELLING;-1;STALEMATE
STAMELEN;-1;STAMMERING
STEMPEL;-1;STAMP
STILSTAND;-1;STANDSTILL
SCHRIL;-1;STARK
SCHRIKKEN;-1;SCARE
HONGER;-1;HUNGER
VERHONGEREN;-1;STARVE
STATIC;-1;STATIC
STELEN;-1;STEAL
STELEN;-1;STEAL
STERN;-1;STERN
STOK;-1;STICK
VERSTIKKEN;-1;STIFLE
STIGMA;-1;STIGMA
STING;-1;STING
STINKEN;-1;STINK
STAL;-1;STABLE
GESTOLEN;-1;STOLEN
GESTOLEN;-1;STOLEN
STORM;-1;STORM
STORMACHTIGE;-1;STORMY
STRAGGLE;-1;STRAGGLE ALONG
HEKKENSLUITER;-1;BRINGING UP the REAR
STAM;-1;TRIBE
STAM;-1;TRIBE
WURGEN;-1;STRANGLE
VERDWAALDE;-1;STRAY
STRESS;-1;STRESS
STRESS;-1;STRESS
GETROFFEN;-1;AFFECTED
STRIKTE;-1;STRICT
STRIKTE;-1;STRICT
STRIKTE;-1;STRICT
STRIJD;-1;FIGHT
STAKING;-1;STRIKE
STAKING;-1;STRIKE
STRENGE;-1;STRICT
GESLAGEN;-1;BEATEN
STRIJD;-1;FIGHT
STRIJD;-1;FIGHT
STRIJD;-1;FIGHT
KOPPIG;-1;STUBBORN
KOPPIG;-1;STUBBORN
KOPPIGHEID;-1;STUBBORNNESS
STUDIE;-1;STUDY
VERSTOPTE;-1;CLOGGED
STUNT;-1;STUNT
DOM;-1;DOM
DOM;-1;DOM
DOM;-1;DOM
DOMHEID;-1;STUPIDITY
STUPOR;-1;STUPOR
ONDERWERPING;-1;SUBMISSION
ONDERWERPEN;-1;TOPICS
ONDERWERPING;-1;SUBMISSION
ONDERDANIGE;-1;SUBMISSIVE
ONDERDANIGHEID;-1;SUBMISSION
VERDWIJNEN;-1;DISAPPEAR
VERVANGING;-1;REPLACEMENT
AFTREKKEN;-1;JERK OFF
SUBVERSION;-1;SUBVERSION
ONDERMIJNEN;-1;UNDERMINE
BEZWIJKEN;-1;SUCCUMB
ZUIGNAP;-1;SUCTION CUP
LIJDEN;-1;SUFFERING
LIJDEN;-1;SUFFERING
PATIËNT;-1;PATIENT
STIK;-1;STIK
NORS;-1;SURLY
SUNDER;-1;SUNDER
OPPERVLAKKIGE;-1;SUPERFICIAL
OPPERVLAKKIGHEID;-1;SUPERFICIALITY
OVERBODIG;-1;REDUNDANT
BIJGELOOF;-1;SUPERSTITION
BIJGELOVIG;-1;SUPERSTITIOUS
ONDERDRUKKEN;-1;SUPPRESS
ONDERDRUKKING;-1;SUPPRESSION
GEVOELIG;-1;SENSITIVE
VERDACHTE;-1;SUSPICIOUS
VERDACHTE;-1;SUSPICIOUS
SCHORTEN;-1;APRONS
SCHORSING;-1;SUSPENSION
VERDENKING;-1;SUSPICION
VERDACHTE;-1;SUSPICIOUS
ZWEER;-1;ULCER
ZWOER;-1;SWORE
SYMPTOOM;-1;SYMPTOM
TABOE;-1;TABOO
TAINT;-1;TAINT
TAMPER;-1;TAMPER
WOEDEAANVAL;-1;TANTRUM
TARDY;-1;TARDY
TARIEF;-1;RATE
TATTER;-1;TATTER
TAUNT;-1;TAUNT
TAUNT;-1;TAUNT
BELASTING;-1;TAX
SCHEUR;-1;TEAR
SCHEUR;-1;TEAR
TEASE;-1;TEASE
VERVELEND;-1;ANNOYING
TEMPER;-1;TEMPER
TEMPER;-1;TEMPER
TEMPEST;-1;TEMPEST
TIJDELIJK;-1;TEMPORARILY
VERLEIDING;-1;TEMPTATION
GESPANNEN;-1;TENSE
SPANNING;-1;VOLTAGE
VERSCHRIKKELIJKE;-1;TERRIBLE
DOODSANGST;-1;AGONY
TERREUR;-1;TERROR
TERRORISME;-1;TERRORISM
TERRORISEREN;-1;TERRORIZE
DIEFSTAL;-1;THEFT
DIEF;-1;THIEF
DORST;-1;THIRST
DORST;-1;THIRST
NETELIGE;-1;THORNY
ONNADENKEND;-1;THOUGHTLESS
TRASHMETAL;-1;THRASH METAL
BEDREIGING;-1;THREAT
BEDREIGEN;-1;THREATEN
GOOIEN;-1;THROW
GOOIEN;-1;THROW
PLOF;-1;THUD
DWARSBOMEN;-1;CROSS TREES
TIMIDITY;-1;TIMIDITY
BAND;-1;BAND
BAND;-1;BAND
BAND;-1;BAND
MOE;-1;TIRED
MOE;-1;TIRED
MOE;-1;TIRED
MOE;-1;TIRED
VERMOEIEND;-1;TIRING
ZWOEGEN;-1;TOIL
MAXIMAAL TOELAATBARE;-1;MAXIMUM PERMISSIBLE
OOK;-1;ALSO
OMVALLEN;-1;FALL OVER
KWELLING;-1;TORMENT
TORRENT;-1;TORRENT
MARTELENDE;-1;TORTUROUS
LICHTGERAAKT;-1;TOUCHY
TRAGEDIE;-1;TRAGEDY
TRAGISCHE;-1;TRAGIC
VERRADER;-1;TRAITOR
VAGEBOND;-1;TRAMP
MET VOETEN TREDEN;-1;UNDERFOOT
OVERTREEDT;-1;VIOLATES
VAL;-1;VAL
VAL;-1;VAL
TRAUMA;-1;TRAUMA
TRAUMATISCHE;-1;TRAUMATIC
VERRADERLIJK;-1;TREACHEROUS
VERRAAD;-1;BETRAYAL
VERRAAD;-1;BETRAYAL
VERRADERLIJK;-1;TREACHEROUS
OVERTREDING;-1;VIOLATION
TRUC;-1;TRICK
TRUC;-1;TRICK
TRIVIAAL;-1;TRIVIAL
PROBLEMEN;-1;PROBLEMS
PROBLEMEN;-1;PROBLEMS
PROBLEMEN;-1;PROBLEMS
PROBLEMEN;-1;PROBLEMS
LASTIG;-1;TRICKY
SPIJBELEN;-1;TRUANCY
SJOKKEN;-1;TRUDGE
PROBEER;-1;TRY
PROBEER;-1;TRY
TURBULENTE;-1;TURBULENT
ONRUST;-1;UNREST
BEURT;-1;TURN
BEURT;-1;TURN
KRAMP;-1;CRAMP
TIRANNIE;-1;TYRANNY
LELIJK;-1;UGLY
ULTIMATUM;-1;ULTIMATUM
ONGEWONE;-1;UNUSUAL
UNARM;-1;UNARM
ONAANTREKKELIJK;-1;UNATTRACTIVE
UNAUTHENTIC;-1;UNAUTHENTIC
ONVERMIJDELIJK;-1;INEVITABLE
ONDRAAGLIJK;-1;UNBEARABLE
ONGELOOFLIJK;-1;INCREDIBLY
ONBESCHAAFDE;-1;UNCIVILIZED
ONREIN;-1;UNCLEAN
ONDUIDELIJK;-1;UNCLEAR
ONGEMAKKELIJK;-1;UNCOMFORTABLE
ONGEMANIERDE;-1;UNCOUTH
UNDEPENDABILITY;-1;UNDEPENDABILITY
ONBETROUWBAAR;-1;UNRELIABLE
ONDERMIJNEN;-1;UNDERMINE
ONDERWERELD;-1;UNDERWORLD
ONGEWENSTE;-1;UNWANTED
ONGEDAAN;-1;UNDO
ONWAARDIGE;-1;UNWORTHY
ONGEDAAN MAKEN;-1;UNDO
ONGEDAAN GEMAAKT;-1;UNDONE
ONNODIGE;-1;UNNECESSARY
ONBEHAGEN;-1;UNEASE
ONGEMAKKELIJK;-1;UNCOMFORTABLE
ONECONOMISCH;-1;UNECONOMICAL
WERKLOZEN;-1;UNEMPLOYED
ONGELIJKE;-1;UNEQUAL
ONGELIJKE;-1;UNEQUAL
ONVERWACHT;-1;UNEXPECTED
ONEERLIJKE;-1;UNFAIR
ONTROUW;-1;INFIDELITY
ONBEKEND;-1;UNKNOWN
ONGUNSTIGE;-1;UNFAVORABLE
GEVOELLOZE;-1;NUMB
ONGESCHIKT;-1;UNSUITABLE
ONVOORZIENE;-1;UNFORESEEN
JAMMER;-1;What a pity
JAMMER;-1;What a pity
JAMMER;-1;What a pity
ONVRIENDELIJKE;-1;UNFRIENDLY
ONDANKBAAR;-1;UNGRATEFUL
ONBEWAAKTE;-1;UNGUARDED
ONGELUK;-1;ACCIDENT
ONGELUKKIG;-1;UNHAPPY
ONGEZONDE;-1;UNHEALTHY
ONBELANGRIJK;-1;INSIGNIFICANT
ONWETEND;-1;IGNORANT
ONRECHTVAARDIGE;-1;UNJUST
ONGERECHTVAARDIGDE;-1;UNJUSTIFIED
ONAARDIG;-1;UNKIND
ONWETTIGE;-1;ILLEGAL
PECH;-1;BAD LUCK
ONBEWOGEN;-1;UNMOVED
ONNATUURLIJK;-1;UNNATURAL
ONNODIGE;-1;UNNECESSARY
STUK;-1;PIECE
ONOPGEMERKT;-1;UNDETECTED
ONOPGEMERKTE;-1;UNNOTICED
ONAANGENAME;-1;UNPLEASANT
IMPOPULAIRE;-1;UNPOPULAR
NIET RENDABEL;-1;NOT COST EFFECTIVE
NIET-GEKWALIFICEERDE;-1;NON-QUALIFIED
ONREDELIJK;-1;UNREASONABLE
ONBETROUWBAARHEID;-1;UNRELIABILITY
ONBETROUWBAAR;-1;UNRELIABLE
ONRUST;-1;UNREST
ONHANDELBAAR;-1;UNMANAGEABLE
ONVEILIGE;-1;UNSAFE
ONBEVREDIGEND;-1;UNSATISFACTORY
GEWETENLOZE;-1;UNSCRUPULOUS
ONGEZIEN;-1;UNSEEN
VERONTRUSTENDE;-1;DISTURBING
ONGEZOND;-1;UNHEALTHY
ONUITSPREKELIJKE;-1;UNSPEAKABLE
UNSTABLE;-1;UNSTABLE
ONBESTENDIG;-1;INCONSTANT
WANKELE;-1;SHAKY
MISLUKTE;-1;FAILED
VROEGTIJDIGE;-1;EARLY
ONGETRAIND;-1;UNTRAINED
ONWAAR;-1;FALSE
ONBETROUWBAAR;-1;UNRELIABLE
ONWAARHEID;-1;FALSEHOOD
NIET BEREID;-1;NOT WILLING
ONWIL;-1;UNWILLINGNESS
ONVERSTANDIG;-1;UNWISE
ONWAARDIG;-1;UNWORTHY
OMWENTELING;-1;ROTATION
OPSTAND;-1;REBELLION
TUMULT;-1;TUMULT
ONTWORTELEN;-1;UPROOTING
BOOS;-1;ANGRY
BOOS;-1;ANGRY
BOOS;-1;ANGRY
BOOS;-1;ANGRY
BOOS;-1;ANGRY
NUTTELOOS;-1;USELESS
OVERNEMEN;-1;TAKE OVER
UITING;-1;EXPRESSION
VAGABOND;-1;VAGABOND
DWAALGAST;-1;VAGRANT
VAAG;-1;VAGUE
VAAGHEID;-1;VAGUENESS
IJDELE;-1;VAIN
VERDWIJNEN;-1;DISAPPEAR
IJDELHEID;-1;VANITY
HEFTIGE;-1;VIOLENT
WRAAK;-1;REVENGE
VENOM;-1;VENOM
GIFTIGE;-1;TOXIC
VETO;-1;VETO
VEX;-1;VEX
ERGERNIS;-1;ANNOYANCE
KWELLENDE;-1;AGONIZING
VICE;-1;VICE
VICIEUZE;-1;VICIOUS
VIE;-1;VIE
VILE;-1;VILE
SCHURK;-1;VILLAIN
SCHENDEN;-1;VIOLATING
SCHENDING;-1;VIOLATION
GEWELD;-1;VIOLENCE
GEWELDDADIGE;-1;VIOLENT
VIPER;-1;VIPER
LEEGTE;-1;VOID
VLUCHTIGE;-1;VOLATILE
VOLATILITEIT;-1;VOLATILITY
BRAAKSEL;-1;VOMIT
VULGAIR;-1;VULGAR
WAIL;-1;WAIL
WACHTEN;-1;WAIT
WENTELEN;-1;WALLOW
AFNEMEN;-1;DECREASE
MOEDWILLIGE;-1;WANTON
OORLOG;-1;WAR
OORLOGVOERING;-1;WARFARE
KRIJGSHAFTIGE;-1;MARTIAL
WARP;-1;WARP
OP HUN HOEDE;-1;WARY
AFVAL;-1;WASTE
AFVAL;-1;WASTE
VERSPILLING;-1;WASTE
VERSPILLING;-1;WASTE
EIGENZINNIGE;-1;QUIRKY
VERZWAKKEN;-1;WEAKEN
SLIJTAGE;-1;WEAR
VERMOEIDHEID;-1;FATIGUE
VERMOEIEND;-1;TIRING
WEE;-1;WEE
ONKRUID;-1;WEED
HUILEN;-1;CRYING
WEIRD;-1;WEIRD
WENCH;-1;WENCH
WHACK;-1;WHACK
JANKEN;-1;WHINE
JANKEN;-1;WHINE
ZWEEP;-1;WHIP
ZWEEP;-1;WHIP
ZWEEP;-1;WHIP
WICKED;-1;WICKED
GODDELOOSHEID;-1;WICKEDNESS
WILD;-1;WILD
WILD;-1;WILD
WILD;-1;WILD
WILD;-1;WILD
VERWELKEN;-1;WILT
WILY;-1;WILY
WINCE;-1;WINCE
HEKSERIJ;-1;WITCHCRAFT
INGEHOUDEN;-1;WITHHELD
ONTHOUDEN;-1;REMEMBER
WEE;-1;WEE
JAMMERLIJK;-1;UNFORTUNATELY
GEDRAGEN;-1;WORN
GEDRAGEN;-1;WORN
PIEKERAAR;-1;BROODER
ZORG;-1;CARE
ZORG;-1;CARE
ZORG;-1;CARE
ZORG;-1;CARE
ZORG;-1;CARE
ERGER;-1;WORSE
VERERGEREN;-1;WORSEN
SLECHTSTE;-1;WORST
WAARDELOOS;-1;WORTHLESS
WOND;-1;WOUND
WOND;-1;WOUND
WOND;-1;WOUND
TOORN;-1;WRATH
WRAK;-1;WRECK
WORSTELEN;-1;WRESTLING
STAKKER;-1;WRETCH
ELLENDE;-1;MISERY
RIMPEL;-1;WRINKLE
SPARTELEN;-1;FLOUNDERING
VERKEERDE;-1;WRONG
VERKEERDE;-1;WRONG
ONRECHTMATIGE;-1;WRONGFUL
GEWROCHT;-1;WROUGHT
GEEUW;-1;YAWN
VERLANGEN;-1;DESIRE
YELP;-1;YELP
