"Word";"Polarity"
"ABLE";1
"ABUNDANCE";1
"ABUNDANT";1
"ACCLAIMED";1
"ACCOMPLISH";1
"ACCOMPLISHED";1
"ACCOMPLISHES";1
"ACCOMPLISHING";1
"ACCOMPLISHMENT";1
"ACCOMPLISHMENTS";1
"ACHIEVE";1
"ACHIEVED";1
"ACHIEVEMENT";1
"ACHIEVEMENTS";1
"ACHIEVES";1
"ACHIEVING";1
"ADEQUATELY";1
"ADVANCEMENT";1
"ADVANCEMENTS";1
"ADVANCES";1
"ADVANCING";1
"ADVANTAGE";1
"ADVANTAGED";1
"ADVANTAGEOUS";1
"ADVANTAGEOUSLY";1
"ADVANTAGES";1
"ALLIANCE";1
"ALLIANCES";1
"ASSURE";1
"ASSURED";1
"ASSURES";1
"ASSURING";1
"ATTAIN";1
"ATTAINED";1
"ATTAINING";1
"ATTAINMENT";1
"ATTAINMENTS";1
"ATTAINS";1
"ATTRACTIVE";1
"ATTRACTIVENESS";1
"BEAUTIFUL";1
"BEAUTIFULLY";1
"BENEFICIAL";1
"BENEFICIALLY";1
"BENEFIT";1
"BENEFITED";1
"BENEFITING";1
"BENEFITTED";1
"BENEFITTING";1
"BEST";1
"BETTER";1
"BOLSTERED";1
"BOLSTERING";1
"BOLSTERS";1
"BOOM";1
"BOOMING";1
"BOOST";1
"BOOSTED";1
"BREAKTHROUGH";1
"BREAKTHROUGHS";1
"BRILLIANT";1
"CHARITABLE";1
"COLLABORATE";1
"COLLABORATED";1
"COLLABORATES";1
"COLLABORATING";1
"COLLABORATION";1
"COLLABORATIONS";1
"COLLABORATIVE";1
"COLLABORATOR";1
"COLLABORATORS";1
"COMPLIMENT";1
"COMPLIMENTARY";1
"COMPLIMENTED";1
"COMPLIMENTING";1
"COMPLIMENTS";1
"CONCLUSIVE";1
"CONCLUSIVELY";1
"CONDUCIVE";1
"CONFIDENT";1
"CONSTRUCTIVE";1
"CONSTRUCTIVELY";1
"COURTEOUS";1
"CREATIVE";1
"CREATIVELY";1
"CREATIVENESS";1
"CREATIVITY";1
"DELIGHT";1
"DELIGHTED";1
"DELIGHTFUL";1
"DELIGHTFULLY";1
"DELIGHTING";1
"DELIGHTS";1
"DEPENDABILITY";1
"DEPENDABLE";1
"DESIRABLE";1
"DESIRED";1
"DESPITE";1
"DESTINED";1
"DILIGENT";1
"DILIGENTLY";1
"DISTINCTION";1
"DISTINCTIONS";1
"DISTINCTIVE";1
"DISTINCTIVELY";1
"DISTINCTIVENESS";1
"DREAM";1
"EASIER";1
"EASILY";1
"EASY";1
"EFFECTIVE";1
"EFFICIENCIES";1
"EFFICIENCY";1
"EFFICIENT";1
"EFFICIENTLY";1
"EMPOWER";1
"EMPOWERED";1
"EMPOWERING";1
"EMPOWERS";1
"ENABLE";1
"ENABLED";1
"ENABLES";1
"ENABLING";1
"ENCOURAGED";1
"ENCOURAGEMENT";1
"ENCOURAGES";1
"ENCOURAGING";1
"ENHANCE";1
"ENHANCED";1
"ENHANCEMENT";1
"ENHANCEMENTS";1
"ENHANCES";1
"ENHANCING";1
"ENJOY";1
"ENJOYABLE";1
"ENJOYABLY";1
"ENJOYED";1
"ENJOYING";1
"ENJOYMENT";1
"ENJOYS";1
"ENTHUSIASM";1
"ENTHUSIASTIC";1
"ENTHUSIASTICALLY";1
"EXCELLENCE";1
"EXCELLENT";1
"EXCELLING";1
"EXCELS";1
"EXCEPTIONAL";1
"EXCEPTIONALLY";1
"EXCITED";1
"EXCITEMENT";1
"EXCITING";1
"EXCLUSIVE";1
"EXCLUSIVELY";1
"EXCLUSIVENESS";1
"EXCLUSIVES";1
"EXCLUSIVITY";1
"EXEMPLARY";1
"FANTASTIC";1
"FAVORABLE";1
"FAVORABLY";1
"FAVORED";1
"FAVORING";1
"FAVORITE";1
"FAVORITES";1
"FRIENDLY";1
"GAIN";1
"GAINED";1
"GAINING";1
"GAINS";1
"GOOD";1
"GREAT";1
"GREATER";1
"GREATEST";1
"GREATLY";1
"GREATNESS";1
"HAPPIEST";1
"HAPPILY";1
"HAPPINESS";1
"HAPPY";1
"HIGHEST";1
"HONOR";1
"HONORABLE";1
"HONORED";1
"HONORING";1
"HONORS";1
"IDEAL";1
"IMPRESS";1
"IMPRESSED";1
"IMPRESSES";1
"IMPRESSING";1
"IMPRESSIVE";1
"IMPRESSIVELY";1
"IMPROVE";1
"IMPROVED";1
"IMPROVEMENT";1
"IMPROVEMENTS";1
"IMPROVES";1
"IMPROVING";1
"INCREDIBLE";1
"INCREDIBLY";1
"INFLUENTIAL";1
"INFORMATIVE";1
"INGENUITY";1
"INNOVATE";1
"INNOVATED";1
"INNOVATES";1
"INNOVATING";1
"INNOVATION";1
"INNOVATIONS";1
"INNOVATIVE";1
"INNOVATIVENESS";1
"INNOVATOR";1
"INNOVATORS";1
"INSIGHTFUL";1
"INSPIRATION";1
"INSPIRATIONAL";1
"INTEGRITY";1
"INVENT";1
"INVENTED";1
"INVENTING";1
"INVENTION";1
"INVENTIONS";1
"INVENTIVE";1
"INVENTIVENESS";1
"INVENTOR";1
"INVENTORS";1
"LEADERSHIP";1
"LEADING";1
"LOYAL";1
"LUCRATIVE";1
"MERITORIOUS";1
"OPPORTUNITIES";1
"OPPORTUNITY";1
"OPTIMISTIC";1
"OUTPERFORM";1
"OUTPERFORMED";1
"OUTPERFORMING";1
"OUTPERFORMS";1
"PERFECT";1
"PERFECTED";1
"PERFECTLY";1
"PERFECTS";1
"PLEASANT";1
"PLEASANTLY";1
"PLEASED";1
"PLEASURE";1
"PLENTIFUL";1
"POPULAR";1
"POPULARITY";1
"POSITIVE";1
"POSITIVELY";1
"PREEMINENCE";1
"PREEMINENT";1
"PREMIER";1
"PREMIERE";1
"PRESTIGE";1
"PRESTIGIOUS";1
"PROACTIVE";1
"PROACTIVELY";1
"PROFICIENCY";1
"PROFICIENT";1
"PROFICIENTLY";1
"PROFITABILITY";1
"PROFITABLE";1
"PROFITABLY";1
"PROGRESS";1
"PROGRESSED";1
"PROGRESSES";1
"PROGRESSING";1
"PROSPERED";1
"PROSPERING";1
"PROSPERITY";1
"PROSPEROUS";1
"PROSPERS";1
"REBOUND";1
"REBOUNDED";1
"REBOUNDING";1
"RECEPTIVE";1
"REGAIN";1
"REGAINED";1
"REGAINING";1
"RESOLVE";1
"REVOLUTIONIZE";1
"REVOLUTIONIZED";1
"REVOLUTIONIZES";1
"REVOLUTIONIZING";1
"REWARD";1
"REWARDED";1
"REWARDING";1
"REWARDS";1
"SATISFACTION";1
"SATISFACTORILY";1
"SATISFACTORY";1
"SATISFIED";1
"SATISFIES";1
"SATISFY";1
"SATISFYING";1
"SMOOTH";1
"SMOOTHING";1
"SMOOTHLY";1
"SMOOTHS";1
"SOLVES";1
"SOLVING";1
"SPECTACULAR";1
"SPECTACULARLY";1
"STABILITY";1
"STABILIZATION";1
"STABILIZATIONS";1
"STABILIZE";1
"STABILIZED";1
"STABILIZES";1
"STABILIZING";1
"STABLE";1
"STRENGTH";1
"STRENGTHEN";1
"STRENGTHENED";1
"STRENGTHENING";1
"STRENGTHENS";1
"STRENGTHS";1
"STRONG";1
"STRONGER";1
"STRONGEST";1
"SUCCEED";1
"SUCCEEDED";1
"SUCCEEDING";1
"SUCCEEDS";1
"SUCCESS";1
"SUCCESSES";1
"SUCCESSFUL";1
"SUCCESSFULLY";1
"SUPERIOR";1
"SURPASS";1
"SURPASSED";1
"SURPASSES";1
"SURPASSING";1
"TRANSPARENCY";1
"TREMENDOUS";1
"TREMENDOUSLY";1
"UNMATCHED";1
"UNPARALLELED";1
"UNSURPASSED";1
"UPTURN";1
"UPTURNS";1
"VALUABLE";1
"VERSATILE";1
"VERSATILITY";1
"VIBRANCY";1
"VIBRANT";1
"WIN";1
"WINNER";1
"WINNERS";1
"WINNING";1
"WORTHY";1
"ABANDON";-1
"ABANDONED";-1
"ABANDONING";-1
"ABANDONMENT";-1
"ABANDONMENTS";-1
"ABANDONS";-1
"ABDICATED";-1
"ABDICATES";-1
"ABDICATING";-1
"ABDICATION";-1
"ABDICATIONS";-1
"ABERRANT";-1
"ABERRATION";-1
"ABERRATIONAL";-1
"ABERRATIONS";-1
"ABETTING";-1
"ABNORMAL";-1
"ABNORMALITIES";-1
"ABNORMALITY";-1
"ABNORMALLY";-1
"ABOLISH";-1
"ABOLISHED";-1
"ABOLISHES";-1
"ABOLISHING";-1
"ABROGATE";-1
"ABROGATED";-1
"ABROGATES";-1
"ABROGATING";-1
"ABROGATION";-1
"ABROGATIONS";-1
"ABRUPT";-1
"ABRUPTLY";-1
"ABRUPTNESS";-1
"ABSENCE";-1
"ABSENCES";-1
"ABSENTEEISM";-1
"ABUSE";-1
"ABUSED";-1
"ABUSES";-1
"ABUSING";-1
"ABUSIVE";-1
"ABUSIVELY";-1
"ABUSIVENESS";-1
"ACCIDENT";-1
"ACCIDENTAL";-1
"ACCIDENTALLY";-1
"ACCIDENTS";-1
"ACCUSATION";-1
"ACCUSATIONS";-1
"ACCUSE";-1
"ACCUSED";-1
"ACCUSES";-1
"ACCUSING";-1
"ACQUIESCE";-1
"ACQUIESCED";-1
"ACQUIESCES";-1
"ACQUIESCING";-1
"ACQUIT";-1
"ACQUITS";-1
"ACQUITTAL";-1
"ACQUITTALS";-1
"ACQUITTED";-1
"ACQUITTING";-1
"ADULTERATE";-1
"ADULTERATED";-1
"ADULTERATING";-1
"ADULTERATION";-1
"ADULTERATIONS";-1
"ADVERSARIAL";-1
"ADVERSARIES";-1
"ADVERSARY";-1
"ADVERSE";-1
"ADVERSELY";-1
"ADVERSITIES";-1
"ADVERSITY";-1
"AFTERMATH";-1
"AFTERMATHS";-1
"AGAINST";-1
"AGGRAVATE";-1
"AGGRAVATED";-1
"AGGRAVATES";-1
"AGGRAVATING";-1
"AGGRAVATION";-1
"AGGRAVATIONS";-1
"ALERTED";-1
"ALERTING";-1
"ALIENATE";-1
"ALIENATED";-1
"ALIENATES";-1
"ALIENATING";-1
"ALIENATION";-1
"ALIENATIONS";-1
"ALLEGATION";-1
"ALLEGATIONS";-1
"ALLEGE";-1
"ALLEGED";-1
"ALLEGEDLY";-1
"ALLEGES";-1
"ALLEGING";-1
"ANNOY";-1
"ANNOYANCE";-1
"ANNOYANCES";-1
"ANNOYED";-1
"ANNOYING";-1
"ANNOYS";-1
"ANNUL";-1
"ANNULLED";-1
"ANNULLING";-1
"ANNULMENT";-1
"ANNULMENTS";-1
"ANNULS";-1
"ANOMALIES";-1
"ANOMALOUS";-1
"ANOMALOUSLY";-1
"ANOMALY";-1
"ANTICOMPETITIVE";-1
"ANTITRUST";-1
"ARGUE";-1
"ARGUED";-1
"ARGUING";-1
"ARGUMENT";-1
"ARGUMENTATIVE";-1
"ARGUMENTS";-1
"ARREARAGE";-1
"ARREARAGES";-1
"ARREARS";-1
"ARREST";-1
"ARRESTED";-1
"ARRESTS";-1
"ARTIFICIALLY";-1
"ASSAULT";-1
"ASSAULTED";-1
"ASSAULTING";-1
"ASSAULTS";-1
"ASSERTIONS";-1
"ATTRITION";-1
"AVERSELY";-1
"BACKDATING";-1
"BAD";-1
"BAIL";-1
"BAILOUT";-1
"BALK";-1
"BALKED";-1
"BANKRUPT";-1
"BANKRUPTCIES";-1
"BANKRUPTCY";-1
"BANKRUPTED";-1
"BANKRUPTING";-1
"BANKRUPTS";-1
"BANS";-1
"BARRED";-1
"BARRIER";-1
"BARRIERS";-1
"BOTTLENECK";-1
"BOTTLENECKS";-1
"BOYCOTT";-1
"BOYCOTTED";-1
"BOYCOTTING";-1
"BOYCOTTS";-1
"BREACH";-1
"BREACHED";-1
"BREACHES";-1
"BREACHING";-1
"BREAK";-1
"BREAKAGE";-1
"BREAKAGES";-1
"BREAKDOWN";-1
"BREAKDOWNS";-1
"BREAKING";-1
"BREAKS";-1
"BRIBE";-1
"BRIBED";-1
"BRIBERIES";-1
"BRIBERY";-1
"BRIBES";-1
"BRIBING";-1
"BRIDGE";-1
"BROKEN";-1
"BURDEN";-1
"BURDENED";-1
"BURDENING";-1
"BURDENS";-1
"BURDENSOME";-1
"BURNED";-1
"CALAMITIES";-1
"CALAMITOUS";-1
"CALAMITY";-1
"CANCEL";-1
"CANCELED";-1
"CANCELING";-1
"CANCELLATION";-1
"CANCELLATIONS";-1
"CANCELLED";-1
"CANCELLING";-1
"CANCELS";-1
"CARELESS";-1
"CARELESSLY";-1
"CARELESSNESS";-1
"CATASTROPHE";-1
"CATASTROPHES";-1
"CATASTROPHIC";-1
"CATASTROPHICALLY";-1
"CAUTION";-1
"CAUTIONARY";-1
"CAUTIONED";-1
"CAUTIONING";-1
"CAUTIONS";-1
"CEASE";-1
"CEASED";-1
"CEASES";-1
"CEASING";-1
"CENSURE";-1
"CENSURED";-1
"CENSURES";-1
"CENSURING";-1
"CHALLENGE";-1
"CHALLENGED";-1
"CHALLENGES";-1
"CHALLENGING";-1
"CHARGEOFFS";-1
"CIRCUMVENT";-1
"CIRCUMVENTED";-1
"CIRCUMVENTING";-1
"CIRCUMVENTION";-1
"CIRCUMVENTIONS";-1
"CIRCUMVENTS";-1
"CLAIMING";-1
"CLAIMS";-1
"CLAWBACK";-1
"CLOSED";-1
"CLOSEOUT";-1
"CLOSEOUTS";-1
"CLOSING";-1
"CLOSINGS";-1
"CLOSURE";-1
"CLOSURES";-1
"COERCE";-1
"COERCED";-1
"COERCES";-1
"COERCING";-1
"COERCION";-1
"COERCIVE";-1
"COLLAPSE";-1
"COLLAPSED";-1
"COLLAPSES";-1
"COLLAPSING";-1
"COLLISION";-1
"COLLISIONS";-1
"COLLUDE";-1
"COLLUDED";-1
"COLLUDES";-1
"COLLUDING";-1
"COLLUSION";-1
"COLLUSIONS";-1
"COLLUSIVE";-1
"COMPLAIN";-1
"COMPLAINED";-1
"COMPLAINING";-1
"COMPLAINS";-1
"COMPLAINT";-1
"COMPLAINTS";-1
"COMPLICATE";-1
"COMPLICATED";-1
"COMPLICATES";-1
"COMPLICATING";-1
"COMPLICATION";-1
"COMPLICATIONS";-1
"COMPULSION";-1
"CONCEALED";-1
"CONCEALING";-1
"CONCEDE";-1
"CONCEDED";-1
"CONCEDES";-1
"CONCEDING";-1
"CONCERN";-1
"CONCERNED";-1
"CONCERNS";-1
"CONCILIATING";-1
"CONCILIATION";-1
"CONCILIATIONS";-1
"CONDEMN";-1
"CONDEMNATION";-1
"CONDEMNATIONS";-1
"CONDEMNED";-1
"CONDEMNING";-1
"CONDEMNS";-1
"CONDONE";-1
"CONDONED";-1
"CONFESS";-1
"CONFESSED";-1
"CONFESSES";-1
"CONFESSING";-1
"CONFESSION";-1
"CONFINE";-1
"CONFINED";-1
"CONFINEMENT";-1
"CONFINEMENTS";-1
"CONFINES";-1
"CONFINING";-1
"CONFISCATE";-1
"CONFISCATED";-1
"CONFISCATES";-1
"CONFISCATING";-1
"CONFISCATION";-1
"CONFISCATIONS";-1
"CONFLICT";-1
"CONFLICTED";-1
"CONFLICTING";-1
"CONFLICTS";-1
"CONFRONT";-1
"CONFRONTATION";-1
"CONFRONTATIONAL";-1
"CONFRONTATIONS";-1
"CONFRONTED";-1
"CONFRONTING";-1
"CONFRONTS";-1
"CONFUSE";-1
"CONFUSED";-1
"CONFUSES";-1
"CONFUSING";-1
"CONFUSINGLY";-1
"CONFUSION";-1
"CONSPIRACIES";-1
"CONSPIRACY";-1
"CONSPIRATOR";-1
"CONSPIRATORIAL";-1
"CONSPIRATORS";-1
"CONSPIRE";-1
"CONSPIRED";-1
"CONSPIRES";-1
"CONSPIRING";-1
"CONTEMPT";-1
"CONTEND";-1
"CONTENDED";-1
"CONTENDING";-1
"CONTENDS";-1
"CONTENTION";-1
"CONTENTIONS";-1
"CONTENTIOUS";-1
"CONTENTIOUSLY";-1
"CONTESTED";-1
"CONTESTING";-1
"CONTRACTION";-1
"CONTRACTIONS";-1
"CONTRADICT";-1
"CONTRADICTED";-1
"CONTRADICTING";-1
"CONTRADICTION";-1
"CONTRADICTIONS";-1
"CONTRADICTORY";-1
"CONTRADICTS";-1
"CONTRARY";-1
"CONTROVERSIAL";-1
"CONTROVERSIES";-1
"CONTROVERSY";-1
"CONVICT";-1
"CONVICTED";-1
"CONVICTING";-1
"CONVICTION";-1
"CONVICTIONS";-1
"CORRECTED";-1
"CORRECTING";-1
"CORRECTION";-1
"CORRECTIONS";-1
"CORRECTS";-1
"CORRUPT";-1
"CORRUPTED";-1
"CORRUPTING";-1
"CORRUPTION";-1
"CORRUPTIONS";-1
"CORRUPTLY";-1
"CORRUPTNESS";-1
"COSTLY";-1
"COUNTERCLAIM";-1
"COUNTERCLAIMED";-1
"COUNTERCLAIMING";-1
"COUNTERCLAIMS";-1
"COUNTERFEIT";-1
"COUNTERFEITED";-1
"COUNTERFEITER";-1
"COUNTERFEITERS";-1
"COUNTERFEITING";-1
"COUNTERFEITS";-1
"COUNTERMEASURE";-1
"COUNTERMEASURES";-1
"CRIME";-1
"CRIMES";-1
"CRIMINAL";-1
"CRIMINALLY";-1
"CRIMINALS";-1
"CRISES";-1
"CRISIS";-1
"CRITICAL";-1
"CRITICALLY";-1
"CRITICISM";-1
"CRITICISMS";-1
"CRITICIZE";-1
"CRITICIZED";-1
"CRITICIZES";-1
"CRITICIZING";-1
"CRUCIAL";-1
"CRUCIALLY";-1
"CULPABILITY";-1
"CULPABLE";-1
"CULPABLY";-1
"CUMBERSOME";-1
"CURTAIL";-1
"CURTAILED";-1
"CURTAILING";-1
"CURTAILMENT";-1
"CURTAILMENTS";-1
"CURTAILS";-1
"CUT";-1
"CUTBACK";-1
"CUTBACKS";-1
"CYBERATTACK";-1
"CYBERATTACKS";-1
"CYBERBULLYING";-1
"CYBERCRIME";-1
"CYBERCRIMES";-1
"CYBERCRIMINAL";-1
"CYBERCRIMINALS";-1
"DAMAGE";-1
"DAMAGED";-1
"DAMAGES";-1
"DAMAGING";-1
"DAMPEN";-1
"DAMPENED";-1
"DANGER";-1
"DANGEROUS";-1
"DANGEROUSLY";-1
"DANGERS";-1
"DEADLOCK";-1
"DEADLOCKED";-1
"DEADLOCKING";-1
"DEADLOCKS";-1
"DEADWEIGHT";-1
"DEADWEIGHTS";-1
"DEBARMENT";-1
"DEBARMENTS";-1
"DEBARRED";-1
"DECEASED";-1
"DECEIT";-1
"DECEITFUL";-1
"DECEITFULNESS";-1
"DECEIVE";-1
"DECEIVED";-1
"DECEIVES";-1
"DECEIVING";-1
"DECEPTION";-1
"DECEPTIONS";-1
"DECEPTIVE";-1
"DECEPTIVELY";-1
"DECLINE";-1
"DECLINED";-1
"DECLINES";-1
"DECLINING";-1
"DEFACE";-1
"DEFACED";-1
"DEFACEMENT";-1
"DEFAMATION";-1
"DEFAMATIONS";-1
"DEFAMATORY";-1
"DEFAME";-1
"DEFAMED";-1
"DEFAMES";-1
"DEFAMING";-1
"DEFAULT";-1
"DEFAULTED";-1
"DEFAULTING";-1
"DEFAULTS";-1
"DEFEAT";-1
"DEFEATED";-1
"DEFEATING";-1
"DEFEATS";-1
"DEFECT";-1
"DEFECTIVE";-1
"DEFECTS";-1
"DEFEND";-1
"DEFENDANT";-1
"DEFENDANTS";-1
"DEFENDED";-1
"DEFENDING";-1
"DEFENDS";-1
"DEFENSIVE";-1
"DEFER";-1
"DEFICIENCIES";-1
"DEFICIENCY";-1
"DEFICIENT";-1
"DEFICIT";-1
"DEFICITS";-1
"DEFRAUD";-1
"DEFRAUDED";-1
"DEFRAUDING";-1
"DEFRAUDS";-1
"DEFUNCT";-1
"DEGRADATION";-1
"DEGRADATIONS";-1
"DEGRADE";-1
"DEGRADED";-1
"DEGRADES";-1
"DEGRADING";-1
"DELAY";-1
"DELAYED";-1
"DELAYING";-1
"DELAYS";-1
"DELETERIOUS";-1
"DELIBERATE";-1
"DELIBERATED";-1
"DELIBERATELY";-1
"DELINQUENCIES";-1
"DELINQUENCY";-1
"DELINQUENT";-1
"DELINQUENTLY";-1
"DELINQUENTS";-1
"DELIST";-1
"DELISTED";-1
"DELISTING";-1
"DELISTS";-1
"DEMISE";-1
"DEMISED";-1
"DEMISES";-1
"DEMISING";-1
"DEMOLISH";-1
"DEMOLISHED";-1
"DEMOLISHES";-1
"DEMOLISHING";-1
"DEMOLITION";-1
"DEMOLITIONS";-1
"DEMOTE";-1
"DEMOTED";-1
"DEMOTES";-1
"DEMOTING";-1
"DEMOTION";-1
"DEMOTIONS";-1
"DENIAL";-1
"DENIALS";-1
"DENIED";-1
"DENIES";-1
"DENIGRATE";-1
"DENIGRATED";-1
"DENIGRATES";-1
"DENIGRATING";-1
"DENIGRATION";-1
"DENY";-1
"DENYING";-1
"DEPLETE";-1
"DEPLETED";-1
"DEPLETES";-1
"DEPLETING";-1
"DEPLETION";-1
"DEPLETIONS";-1
"DEPRECATION";-1
"DEPRESS";-1
"DEPRESSED";-1
"DEPRESSES";-1
"DEPRESSING";-1
"DEPRIVATION";-1
"DEPRIVE";-1
"DEPRIVED";-1
"DEPRIVES";-1
"DEPRIVING";-1
"DERELICT";-1
"DERELICTION";-1
"DEROGATORY";-1
"DESTABILIZATION";-1
"DESTABILIZE";-1
"DESTABILIZED";-1
"DESTABILIZING";-1
"DESTROY";-1
"DESTROYED";-1
"DESTROYING";-1
"DESTROYS";-1
"DESTRUCTION";-1
"DESTRUCTIVE";-1
"DETAIN";-1
"DETAINED";-1
"DETENTION";-1
"DETENTIONS";-1
"DETER";-1
"DETERIORATE";-1
"DETERIORATED";-1
"DETERIORATES";-1
"DETERIORATING";-1
"DETERIORATION";-1
"DETERIORATIONS";-1
"DETERRED";-1
"DETERRENCE";-1
"DETERRENCES";-1
"DETERRENT";-1
"DETERRENTS";-1
"DETERRING";-1
"DETERS";-1
"DETRACT";-1
"DETRACTED";-1
"DETRACTING";-1
"DETRIMENT";-1
"DETRIMENTAL";-1
"DETRIMENTALLY";-1
"DETRIMENTS";-1
"DEVALUE";-1
"DEVALUED";-1
"DEVALUES";-1
"DEVALUING";-1
"DEVASTATE";-1
"DEVASTATED";-1
"DEVASTATING";-1
"DEVASTATION";-1
"DEVIATE";-1
"DEVIATED";-1
"DEVIATES";-1
"DEVIATING";-1
"DEVIATION";-1
"DEVIATIONS";-1
"DEVOLVE";-1
"DEVOLVED";-1
"DEVOLVES";-1
"DEVOLVING";-1
"DIFFICULT";-1
"DIFFICULTIES";-1
"DIFFICULTLY";-1
"DIFFICULTY";-1
"DIMINISH";-1
"DIMINISHED";-1
"DIMINISHES";-1
"DIMINISHING";-1
"DIMINUTION";-1
"DISADVANTAGE";-1
"DISADVANTAGED";-1
"DISADVANTAGEOUS";-1
"DISADVANTAGES";-1
"DISAFFILIATION";-1
"DISAGREE";-1
"DISAGREEABLE";-1
"DISAGREED";-1
"DISAGREEING";-1
"DISAGREEMENT";-1
"DISAGREEMENTS";-1
"DISAGREES";-1
"DISALLOW";-1
"DISALLOWANCE";-1
"DISALLOWANCES";-1
"DISALLOWED";-1
"DISALLOWING";-1
"DISALLOWS";-1
"DISAPPEAR";-1
"DISAPPEARANCE";-1
"DISAPPEARANCES";-1
"DISAPPEARED";-1
"DISAPPEARING";-1
"DISAPPEARS";-1
"DISAPPOINT";-1
"DISAPPOINTED";-1
"DISAPPOINTING";-1
"DISAPPOINTINGLY";-1
"DISAPPOINTMENT";-1
"DISAPPOINTMENTS";-1
"DISAPPOINTS";-1
"DISAPPROVAL";-1
"DISAPPROVALS";-1
"DISAPPROVE";-1
"DISAPPROVED";-1
"DISAPPROVES";-1
"DISAPPROVING";-1
"DISASSOCIATES";-1
"DISASSOCIATING";-1
"DISASSOCIATION";-1
"DISASSOCIATIONS";-1
"DISASTER";-1
"DISASTERS";-1
"DISASTROUS";-1
"DISASTROUSLY";-1
"DISAVOW";-1
"DISAVOWAL";-1
"DISAVOWED";-1
"DISAVOWING";-1
"DISAVOWS";-1
"DISCIPLINARY";-1
"DISCLAIM";-1
"DISCLAIMED";-1
"DISCLAIMER";-1
"DISCLAIMERS";-1
"DISCLAIMING";-1
"DISCLAIMS";-1
"DISCLOSE";-1
"DISCLOSED";-1
"DISCLOSES";-1
"DISCLOSING";-1
"DISCONTINUANCE";-1
"DISCONTINUANCES";-1
"DISCONTINUATION";-1
"DISCONTINUATIONS";-1
"DISCONTINUE";-1
"DISCONTINUED";-1
"DISCONTINUES";-1
"DISCONTINUING";-1
"DISCOURAGE";-1
"DISCOURAGED";-1
"DISCOURAGES";-1
"DISCOURAGING";-1
"DISCREDIT";-1
"DISCREDITED";-1
"DISCREDITING";-1
"DISCREDITS";-1
"DISCREPANCIES";-1
"DISCREPANCY";-1
"DISFAVOR";-1
"DISFAVORED";-1
"DISFAVORING";-1
"DISFAVORS";-1
"DISGORGE";-1
"DISGORGED";-1
"DISGORGEMENT";-1
"DISGORGEMENTS";-1
"DISGORGES";-1
"DISGORGING";-1
"DISGRACE";-1
"DISGRACEFUL";-1
"DISGRACEFULLY";-1
"DISHONEST";-1
"DISHONESTLY";-1
"DISHONESTY";-1
"DISHONOR";-1
"DISHONORABLE";-1
"DISHONORABLY";-1
"DISHONORED";-1
"DISHONORING";-1
"DISHONORS";-1
"DISINCENTIVES";-1
"DISINTERESTED";-1
"DISINTERESTEDLY";-1
"DISINTERESTEDNESS";-1
"DISLOYAL";-1
"DISLOYALLY";-1
"DISLOYALTY";-1
"DISMAL";-1
"DISMALLY";-1
"DISMISS";-1
"DISMISSAL";-1
"DISMISSALS";-1
"DISMISSED";-1
"DISMISSES";-1
"DISMISSING";-1
"DISORDERLY";-1
"DISPARAGE";-1
"DISPARAGED";-1
"DISPARAGEMENT";-1
"DISPARAGEMENTS";-1
"DISPARAGES";-1
"DISPARAGING";-1
"DISPARAGINGLY";-1
"DISPARITIES";-1
"DISPARITY";-1
"DISPLACE";-1
"DISPLACED";-1
"DISPLACEMENT";-1
"DISPLACEMENTS";-1
"DISPLACES";-1
"DISPLACING";-1
"DISPOSE";-1
"DISPOSSESS";-1
"DISPOSSESSED";-1
"DISPOSSESSES";-1
"DISPOSSESSING";-1
"DISPROPORTION";-1
"DISPROPORTIONAL";-1
"DISPROPORTIONATE";-1
"DISPROPORTIONATELY";-1
"DISPUTE";-1
"DISPUTED";-1
"DISPUTES";-1
"DISPUTING";-1
"DISQUALIFICATION";-1
"DISQUALIFICATIONS";-1
"DISQUALIFIED";-1
"DISQUALIFIES";-1
"DISQUALIFY";-1
"DISQUALIFYING";-1
"DISREGARD";-1
"DISREGARDED";-1
"DISREGARDING";-1
"DISREGARDS";-1
"DISREPUTABLE";-1
"DISREPUTE";-1
"DISRUPT";-1
"DISRUPTED";-1
"DISRUPTING";-1
"DISRUPTION";-1
"DISRUPTIONS";-1
"DISRUPTIVE";-1
"DISRUPTS";-1
"DISSATISFACTION";-1
"DISSATISFIED";-1
"DISSENT";-1
"DISSENTED";-1
"DISSENTER";-1
"DISSENTERS";-1
"DISSENTING";-1
"DISSENTS";-1
"DISSIDENT";-1
"DISSIDENTS";-1
"DISSOLUTION";-1
"DISSOLUTIONS";-1
"DISTORT";-1
"DISTORTED";-1
"DISTORTING";-1
"DISTORTION";-1
"DISTORTIONS";-1
"DISTORTS";-1
"DISTRACT";-1
"DISTRACTED";-1
"DISTRACTING";-1
"DISTRACTION";-1
"DISTRACTIONS";-1
"DISTRACTS";-1
"DISTRESS";-1
"DISTRESSED";-1
"DISTURB";-1
"DISTURBANCE";-1
"DISTURBANCES";-1
"DISTURBED";-1
"DISTURBING";-1
"DISTURBS";-1
"DIVERSION";-1
"DIVERT";-1
"DIVERTED";-1
"DIVERTING";-1
"DIVERTS";-1
"DIVEST";-1
"DIVESTED";-1
"DIVESTING";-1
"DIVESTITURE";-1
"DIVESTITURES";-1
"DIVESTMENT";-1
"DIVESTMENTS";-1
"DIVESTS";-1
"DIVORCE";-1
"DIVORCED";-1
"DIVULGE";-1
"DIVULGED";-1
"DIVULGES";-1
"DIVULGING";-1
"DOUBT";-1
"DOUBTED";-1
"DOUBTFUL";-1
"DOUBTS";-1
"DOWNGRADE";-1
"DOWNGRADED";-1
"DOWNGRADES";-1
"DOWNGRADING";-1
"DOWNSIZE";-1
"DOWNSIZED";-1
"DOWNSIZES";-1
"DOWNSIZING";-1
"DOWNSIZINGS";-1
"DOWNTIME";-1
"DOWNTIMES";-1
"DOWNTURN";-1
"DOWNTURNS";-1
"DOWNWARD";-1
"DOWNWARDS";-1
"DRAG";-1
"DRASTIC";-1
"DRASTICALLY";-1
"DRAWBACK";-1
"DRAWBACKS";-1
"DROPPED";-1
"DROUGHT";-1
"DROUGHTS";-1
"DURESS";-1
"DYSFUNCTION";-1
"DYSFUNCTIONAL";-1
"DYSFUNCTIONS";-1
"EASING";-1
"EGREGIOUS";-1
"EGREGIOUSLY";-1
"EMBARGO";-1
"EMBARGOED";-1
"EMBARGOES";-1
"EMBARGOING";-1
"EMBARRASS";-1
"EMBARRASSED";-1
"EMBARRASSES";-1
"EMBARRASSING";-1
"EMBARRASSMENT";-1
"EMBARRASSMENTS";-1
"EMBEZZLE";-1
"EMBEZZLED";-1
"EMBEZZLEMENT";-1
"EMBEZZLEMENTS";-1
"EMBEZZLER";-1
"EMBEZZLES";-1
"EMBEZZLING";-1
"ENCROACH";-1
"ENCROACHED";-1
"ENCROACHES";-1
"ENCROACHING";-1
"ENCROACHMENT";-1
"ENCROACHMENTS";-1
"ENCUMBER";-1
"ENCUMBERED";-1
"ENCUMBERING";-1
"ENCUMBERS";-1
"ENCUMBRANCE";-1
"ENCUMBRANCES";-1
"ENDANGER";-1
"ENDANGERED";-1
"ENDANGERING";-1
"ENDANGERMENT";-1
"ENDANGERS";-1
"ENJOIN";-1
"ENJOINED";-1
"ENJOINING";-1
"ENJOINS";-1
"ERODE";-1
"ERODED";-1
"ERODES";-1
"ERODING";-1
"EROSION";-1
"ERRATIC";-1
"ERRATICALLY";-1
"ERRED";-1
"ERRING";-1
"ERRONEOUS";-1
"ERRONEOUSLY";-1
"ERROR";-1
"ERRORS";-1
"ERRS";-1
"ESCALATE";-1
"ESCALATED";-1
"ESCALATES";-1
"ESCALATING";-1
"EVADE";-1
"EVADED";-1
"EVADES";-1
"EVADING";-1
"EVASION";-1
"EVASIONS";-1
"EVASIVE";-1
"EVICT";-1
"EVICTED";-1
"EVICTING";-1
"EVICTION";-1
"EVICTIONS";-1
"EVICTS";-1
"EXACERBATE";-1
"EXACERBATED";-1
"EXACERBATES";-1
"EXACERBATING";-1
"EXACERBATION";-1
"EXACERBATIONS";-1
"EXAGGERATE";-1
"EXAGGERATED";-1
"EXAGGERATES";-1
"EXAGGERATING";-1
"EXAGGERATION";-1
"EXCESSIVE";-1
"EXCESSIVELY";-1
"EXCULPATE";-1
"EXCULPATED";-1
"EXCULPATES";-1
"EXCULPATING";-1
"EXCULPATION";-1
"EXCULPATIONS";-1
"EXCULPATORY";-1
"EXONERATE";-1
"EXONERATED";-1
"EXONERATES";-1
"EXONERATING";-1
"EXONERATION";-1
"EXONERATIONS";-1
"EXPLOIT";-1
"EXPLOITATION";-1
"EXPLOITATIONS";-1
"EXPLOITATIVE";-1
"EXPLOITED";-1
"EXPLOITING";-1
"EXPLOITS";-1
"EXPOSE";-1
"EXPOSED";-1
"EXPOSES";-1
"EXPOSING";-1
"EXPROPRIATE";-1
"EXPROPRIATED";-1
"EXPROPRIATES";-1
"EXPROPRIATING";-1
"EXPROPRIATION";-1
"EXPROPRIATIONS";-1
"EXPULSION";-1
"EXPULSIONS";-1
"EXTENUATING";-1
"FAIL";-1
"FAILED";-1
"FAILING";-1
"FAILINGS";-1
"FAILS";-1
"FAILURE";-1
"FAILURES";-1
"FALLOUT";-1
"ONWAAR";-1
"FALSELY";-1
"FALSIFICATION";-1
"FALSIFICATIONS";-1
"FALSIFIED";-1
"FALSIFIES";-1
"FALSIFY";-1
"FALSIFYING";-1
"FALSITY";-1
"FATALITIES";-1
"FATALITY";-1
"FATALLY";-1
"FAULT";-1
"FAULTED";-1
"FAULTS";-1
"FAULTY";-1
"FEAR";-1
"FEARS";-1
"FELONIES";-1
"FELONIOUS";-1
"FELONY";-1
"FICTITIOUS";-1
"FINED";-1
"FINES";-1
"FIRED";-1
"FIRING";-1
"FLAW";-1
"FLAWED";-1
"FLAWS";-1
"FORBID";-1
"FORBIDDEN";-1
"FORBIDDING";-1
"FORBIDS";-1
"FORCE";-1
"FORCED";-1
"FORCING";-1
"FORECLOSE";-1
"FORECLOSED";-1
"FORECLOSES";-1
"FORECLOSING";-1
"FORECLOSURE";-1
"FORECLOSURES";-1
"FOREGO";-1
"FOREGOES";-1
"FOREGONE";-1
"FORESTALL";-1
"FORESTALLED";-1
"FORESTALLING";-1
"FORESTALLS";-1
"FORFEIT";-1
"FORFEITED";-1
"FORFEITING";-1
"FORFEITS";-1
"FORFEITURE";-1
"FORFEITURES";-1
"FORGERS";-1
"FORGERY";-1
"FRAUD";-1
"FRAUDS";-1
"FRAUDULENCE";-1
"FRAUDULENT";-1
"FRAUDULENTLY";-1
"FRIVOLOUS";-1
"FRIVOLOUSLY";-1
"FRUSTRATE";-1
"FRUSTRATED";-1
"FRUSTRATES";-1
"FRUSTRATING";-1
"FRUSTRATINGLY";-1
"FRUSTRATION";-1
"FRUSTRATIONS";-1
"FUGITIVE";-1
"FUGITIVES";-1
"GRATUITOUS";-1
"GRATUITOUSLY";-1
"GRIEVANCE";-1
"GRIEVANCES";-1
"GROSSLY";-1
"GROUNDLESS";-1
"GUILTY";-1
"HALT";-1
"HALTED";-1
"HAMPER";-1
"HAMPERED";-1
"HAMPERING";-1
"HAMPERS";-1
"HARASS";-1
"HARASSED";-1
"HARASSING";-1
"HARASSMENT";-1
"HARDSHIP";-1
"HARDSHIPS";-1
"HARM";-1
"HARMED";-1
"HARMFUL";-1
"HARMFULLY";-1
"HARMING";-1
"HARMS";-1
"HARSH";-1
"HARSHER";-1
"HARSHEST";-1
"HARSHLY";-1
"HARSHNESS";-1
"HAZARD";-1
"HAZARDOUS";-1
"HAZARDS";-1
"HINDER";-1
"HINDERED";-1
"HINDERING";-1
"HINDERS";-1
"HINDRANCE";-1
"HINDRANCES";-1
"HOSTILE";-1
"HOSTILITY";-1
"HURT";-1
"HURTING";-1
"IDLE";-1
"IDLED";-1
"IDLING";-1
"IGNORE";-1
"IGNORED";-1
"IGNORES";-1
"IGNORING";-1
"ILL";-1
"ILLEGAL";-1
"ILLEGALITIES";-1
"ILLEGALITY";-1
"ILLEGALLY";-1
"ILLEGIBLE";-1
"ILLICIT";-1
"ILLICITLY";-1
"ILLIQUID";-1
"ILLIQUIDITY";-1
"IMBALANCE";-1
"IMBALANCES";-1
"IMMATURE";-1
"IMMORAL";-1
"IMPAIR";-1
"IMPAIRED";-1
"IMPAIRING";-1
"IMPAIRMENT";-1
"IMPAIRMENTS";-1
"IMPAIRS";-1
"IMPASSE";-1
"IMPASSES";-1
"IMPEDE";-1
"IMPEDED";-1
"IMPEDES";-1
"IMPEDIMENT";-1
"IMPEDIMENTS";-1
"IMPEDING";-1
"IMPENDING";-1
"IMPERATIVE";-1
"IMPERFECTION";-1
"IMPERFECTIONS";-1
"IMPERIL";-1
"IMPERMISSIBLE";-1
"IMPLICATE";-1
"IMPLICATED";-1
"IMPLICATES";-1
"IMPLICATING";-1
"IMPOSSIBILITY";-1
"IMPOSSIBLE";-1
"IMPOUND";-1
"IMPOUNDED";-1
"IMPOUNDING";-1
"IMPOUNDS";-1
"IMPRACTICABLE";-1
"IMPRACTICAL";-1
"IMPRACTICALITIES";-1
"IMPRACTICALITY";-1
"IMPRISONMENT";-1
"IMPROPER";-1
"IMPROPERLY";-1
"IMPROPRIETIES";-1
"IMPROPRIETY";-1
"IMPRUDENT";-1
"IMPRUDENTLY";-1
"INABILITY";-1
"INACCESSIBLE";-1
"INACCURACIES";-1
"INACCURACY";-1
"INACCURATE";-1
"INACCURATELY";-1
"INACTION";-1
"INACTIONS";-1
"INACTIVATE";-1
"INACTIVATED";-1
"INACTIVATES";-1
"INACTIVATING";-1
"INACTIVATION";-1
"INACTIVATIONS";-1
"INACTIVITY";-1
"INADEQUACIES";-1
"INADEQUACY";-1
"INADEQUATE";-1
"INADEQUATELY";-1
"INADVERTENT";-1
"INADVERTENTLY";-1
"INADVISABILITY";-1
"INADVISABLE";-1
"INAPPROPRIATE";-1
"INAPPROPRIATELY";-1
"INATTENTION";-1
"INCAPABLE";-1
"INCAPACITATED";-1
"INCAPACITY";-1
"INCARCERATE";-1
"INCARCERATED";-1
"INCARCERATES";-1
"INCARCERATING";-1
"INCARCERATION";-1
"INCARCERATIONS";-1
"INCIDENCE";-1
"INCIDENCES";-1
"INCIDENT";-1
"INCIDENTS";-1
"INCOMPATIBILITIES";-1
"INCOMPATIBILITY";-1
"INCOMPATIBLE";-1
"INCOMPETENCE";-1
"INCOMPETENCY";-1
"INCOMPETENT";-1
"INCOMPETENTLY";-1
"INCOMPETENTS";-1
"INCOMPLETE";-1
"INCOMPLETELY";-1
"INCOMPLETENESS";-1
"INCONCLUSIVE";-1
"INCONSISTENCIES";-1
"INCONSISTENCY";-1
"INCONSISTENT";-1
"INCONSISTENTLY";-1
"INCONVENIENCE";-1
"INCONVENIENCES";-1
"INCONVENIENT";-1
"INCORRECT";-1
"INCORRECTLY";-1
"INCORRECTNESS";-1
"INDECENCY";-1
"INDECENT";-1
"INDEFEASIBLE";-1
"INDEFEASIBLY";-1
"INDICT";-1
"INDICTABLE";-1
"INDICTED";-1
"INDICTING";-1
"INDICTMENT";-1
"INDICTMENTS";-1
"INEFFECTIVE";-1
"INEFFECTIVELY";-1
"INEFFECTIVENESS";-1
"INEFFICIENCIES";-1
"INEFFICIENCY";-1
"INEFFICIENT";-1
"INEFFICIENTLY";-1
"INELIGIBILITY";-1
"INELIGIBLE";-1
"INEQUITABLE";-1
"INEQUITABLY";-1
"INEQUITIES";-1
"INEQUITY";-1
"INEVITABLE";-1
"INEXPERIENCE";-1
"INEXPERIENCED";-1
"INFERIOR";-1
"INFLICTED";-1
"INFRACTION";-1
"INFRACTIONS";-1
"INFRINGE";-1
"INFRINGED";-1
"INFRINGEMENT";-1
"INFRINGEMENTS";-1
"INFRINGES";-1
"INFRINGING";-1
"INHIBITED";-1
"INIMICAL";-1
"INJUNCTION";-1
"INJUNCTIONS";-1
"INJURE";-1
"INJURED";-1
"INJURES";-1
"INJURIES";-1
"INJURING";-1
"INJURIOUS";-1
"INJURY";-1
"INORDINATE";-1
"INORDINATELY";-1
"INQUIRY";-1
"INSECURE";-1
"INSENSITIVE";-1
"INSOLVENCIES";-1
"INSOLVENCY";-1
"INSOLVENT";-1
"INSTABILITY";-1
"INSUBORDINATION";-1
"INSUFFICIENCY";-1
"INSUFFICIENT";-1
"INSUFFICIENTLY";-1
"INSURRECTION";-1
"INSURRECTIONS";-1
"INTENTIONAL";-1
"INTERFERE";-1
"INTERFERED";-1
"INTERFERENCE";-1
"INTERFERENCES";-1
"INTERFERES";-1
"INTERFERING";-1
"INTERMITTENT";-1
"INTERMITTENTLY";-1
"INTERRUPT";-1
"INTERRUPTED";-1
"INTERRUPTING";-1
"INTERRUPTION";-1
"INTERRUPTIONS";-1
"INTERRUPTS";-1
"INTIMIDATION";-1
"INTRUSION";-1
"INVALID";-1
"INVALIDATE";-1
"INVALIDATED";-1
"INVALIDATES";-1
"INVALIDATING";-1
"INVALIDATION";-1
"INVALIDITY";-1
"INVESTIGATE";-1
"INVESTIGATED";-1
"INVESTIGATES";-1
"INVESTIGATING";-1
"INVESTIGATION";-1
"INVESTIGATIONS";-1
"INVOLUNTARILY";-1
"INVOLUNTARY";-1
"IRRECONCILABLE";-1
"IRRECONCILABLY";-1
"IRRECOVERABLE";-1
"IRRECOVERABLY";-1
"IRREGULAR";-1
"IRREGULARITIES";-1
"IRREGULARITY";-1
"IRREGULARLY";-1
"IRREPARABLE";-1
"IRREPARABLY";-1
"IRREVERSIBLE";-1
"JEOPARDIZE";-1
"JEOPARDIZED";-1
"JUSTIFIABLE";-1
"KICKBACK";-1
"KICKBACKS";-1
"KNOWINGLY";-1
"LACK";-1
"LACKED";-1
"LACKING";-1
"LACKLUSTER";-1
"LACKS";-1
"LAG";-1
"LAGGED";-1
"LAGGING";-1
"LAGS";-1
"LAPSE";-1
"LAPSED";-1
"LAPSES";-1
"LAPSING";-1
"LATE";-1
"LAUNDERING";-1
"LAYOFF";-1
"LAYOFFS";-1
"LIE";-1
"LIMITATION";-1
"LIMITATIONS";-1
"LINGERING";-1
"LIQUIDATE";-1
"LIQUIDATED";-1
"LIQUIDATES";-1
"LIQUIDATING";-1
"LIQUIDATION";-1
"LIQUIDATIONS";-1
"LIQUIDATOR";-1
"LIQUIDATORS";-1
"LITIGANT";-1
"LITIGANTS";-1
"LITIGATE";-1
"LITIGATED";-1
"LITIGATES";-1
"LITIGATING";-1
"LITIGATION";-1
"LITIGATIONS";-1
"LOCKOUT";-1
"LOCKOUTS";-1
"LOSE";-1
"LOSES";-1
"LOSING";-1
"LOSS";-1
"LOSSES";-1
"LOST";-1
"LYING";-1
"MALFEASANCE";-1
"MALFUNCTION";-1
"MALFUNCTIONED";-1
"MALFUNCTIONING";-1
"MALFUNCTIONS";-1
"MALICE";-1
"MALICIOUS";-1
"MALICIOUSLY";-1
"MALPRACTICE";-1
"MANIPULATE";-1
"MANIPULATED";-1
"MANIPULATES";-1
"MANIPULATING";-1
"MANIPULATION";-1
"MANIPULATIONS";-1
"MANIPULATIVE";-1
"MARKDOWN";-1
"MARKDOWNS";-1
"MISAPPLICATION";-1
"MISAPPLICATIONS";-1
"MISAPPLIED";-1
"MISAPPLIES";-1
"MISAPPLY";-1
"MISAPPLYING";-1
"MISAPPROPRIATE";-1
"MISAPPROPRIATED";-1
"MISAPPROPRIATES";-1
"MISAPPROPRIATING";-1
"MISAPPROPRIATION";-1
"MISAPPROPRIATIONS";-1
"MISBRANDED";-1
"MISCALCULATE";-1
"MISCALCULATED";-1
"MISCALCULATES";-1
"MISCALCULATING";-1
"MISCALCULATION";-1
"MISCALCULATIONS";-1
"MISCHARACTERIZATION";-1
"MISCHIEF";-1
"MISCLASSIFICATION";-1
"MISCLASSIFICATIONS";-1
"MISCLASSIFIED";-1
"MISCLASSIFY";-1
"MISCOMMUNICATION";-1
"MISCONDUCT";-1
"MISDATED";-1
"MISDEMEANOR";-1
"MISDEMEANORS";-1
"MISDIRECTED";-1
"MISHANDLE";-1
"MISHANDLED";-1
"MISHANDLES";-1
"MISHANDLING";-1
"MISINFORM";-1
"MISINFORMATION";-1
"MISINFORMED";-1
"MISINFORMING";-1
"MISINFORMS";-1
"MISINTERPRET";-1
"MISINTERPRETATION";-1
"MISINTERPRETATIONS";-1
"MISINTERPRETED";-1
"MISINTERPRETING";-1
"MISINTERPRETS";-1
"MISJUDGE";-1
"MISJUDGED";-1
"MISJUDGES";-1
"MISJUDGING";-1
"MISJUDGMENT";-1
"MISJUDGMENTS";-1
"MISLABEL";-1
"MISLABELED";-1
"MISLABELING";-1
"MISLABELLED";-1
"MISLABELS";-1
"MISLEAD";-1
"MISLEADING";-1
"MISLEADINGLY";-1
"MISLEADS";-1
"MISLED";-1
"MISMANAGE";-1
"MISMANAGED";-1
"MISMANAGEMENT";-1
"MISMANAGES";-1
"MISMANAGING";-1
"MISMATCH";-1
"MISMATCHED";-1
"MISMATCHES";-1
"MISMATCHING";-1
"MISPLACED";-1
"MISPRICE";-1
"MISPRICING";-1
"MISPRICINGS";-1
"MISREPRESENT";-1
"MISREPRESENTATION";-1
"MISREPRESENTATIONS";-1
"MISREPRESENTED";-1
"MISREPRESENTING";-1
"MISREPRESENTS";-1
"MISS";-1
"MISSED";-1
"MISSES";-1
"MISSTATE";-1
"MISSTATED";-1
"MISSTATEMENT";-1
"MISSTATEMENTS";-1
"MISSTATES";-1
"MISSTATING";-1
"MISSTEP";-1
"MISSTEPS";-1
"MISTAKE";-1
"MISTAKEN";-1
"MISTAKENLY";-1
"MISTAKES";-1
"MISTAKING";-1
"MISTRIAL";-1
"MISTRIALS";-1
"MISUNDERSTAND";-1
"MISUNDERSTANDING";-1
"MISUNDERSTANDINGS";-1
"MISUNDERSTOOD";-1
"MISUSE";-1
"MISUSED";-1
"MISUSES";-1
"MISUSING";-1
"MONOPOLISTIC";-1
"MONOPOLISTS";-1
"MONOPOLIZATION";-1
"MONOPOLIZE";-1
"MONOPOLIZED";-1
"MONOPOLIZES";-1
"MONOPOLIZING";-1
"MONOPOLY";-1
"MORATORIA";-1
"MORATORIUM";-1
"MORATORIUMS";-1
"MOTHBALLED";-1
"MOTHBALLING";-1
"NEGATIVE";-1
"NEGATIVELY";-1
"NEGATIVES";-1
"NEGLECT";-1
"NEGLECTED";-1
"NEGLECTFUL";-1
"NEGLECTING";-1
"NEGLECTS";-1
"NEGLIGENCE";-1
"NEGLIGENCES";-1
"NEGLIGENT";-1
"NEGLIGENTLY";-1
"NONATTAINMENT";-1
"NONCOMPETITIVE";-1
"NONCOMPLIANCE";-1
"NONCOMPLIANCES";-1
"NONCOMPLIANT";-1
"NONCOMPLYING";-1
"NONCONFORMING";-1
"NONCONFORMITIES";-1
"NONCONFORMITY";-1
"NONDISCLOSURE";-1
"NONFUNCTIONAL";-1
"NONPAYMENT";-1
"NONPAYMENTS";-1
"NONPERFORMANCE";-1
"NONPERFORMANCES";-1
"NONPERFORMING";-1
"NONPRODUCING";-1
"NONPRODUCTIVE";-1
"NONRECOVERABLE";-1
"NONRENEWAL";-1
"NUISANCE";-1
"NUISANCES";-1
"NULLIFICATION";-1
"NULLIFICATIONS";-1
"NULLIFIED";-1
"NULLIFIES";-1
"NULLIFY";-1
"NULLIFYING";-1
"OBJECTED";-1
"OBJECTING";-1
"OBJECTION";-1
"OBJECTIONABLE";-1
"OBJECTIONABLY";-1
"OBJECTIONS";-1
"OBSCENE";-1
"OBSCENITY";-1
"OBSOLESCENCE";-1
"OBSOLETE";-1
"OBSTACLE";-1
"OBSTACLES";-1
"OBSTRUCT";-1
"OBSTRUCTED";-1
"OBSTRUCTING";-1
"OBSTRUCTION";-1
"OBSTRUCTIONS";-1
"OFFENCE";-1
"OFFENCES";-1
"OFFEND";-1
"OFFENDED";-1
"OFFENDER";-1
"OFFENDERS";-1
"OFFENDING";-1
"OFFENDS";-1
"OMISSION";-1
"OMISSIONS";-1
"OMIT";-1
"OMITS";-1
"OMITTED";-1
"OMITTING";-1
"ONEROUS";-1
"OPPORTUNISTIC";-1
"OPPORTUNISTICALLY";-1
"OPPOSE";-1
"OPPOSED";-1
"OPPOSES";-1
"OPPOSING";-1
"OPPOSITION";-1
"OPPOSITIONS";-1
"OUTAGE";-1
"OUTAGES";-1
"OUTDATED";-1
"OUTMODED";-1
"OVERAGE";-1
"OVERAGES";-1
"OVERBUILD";-1
"OVERBUILDING";-1
"OVERBUILDS";-1
"OVERBUILT";-1
"OVERBURDEN";-1
"OVERBURDENED";-1
"OVERBURDENING";-1
"OVERCAPACITIES";-1
"OVERCAPACITY";-1
"OVERCHARGE";-1
"OVERCHARGED";-1
"OVERCHARGES";-1
"OVERCHARGING";-1
"OVERCOME";-1
"OVERCOMES";-1
"OVERCOMING";-1
"OVERDUE";-1
"OVERESTIMATE";-1
"OVERESTIMATED";-1
"OVERESTIMATES";-1
"OVERESTIMATING";-1
"OVERESTIMATION";-1
"OVERESTIMATIONS";-1
"OVERLOAD";-1
"OVERLOADED";-1
"OVERLOADING";-1
"OVERLOADS";-1
"OVERLOOK";-1
"OVERLOOKED";-1
"OVERLOOKING";-1
"OVERLOOKS";-1
"OVERPAID";-1
"OVERPAYMENT";-1
"OVERPAYMENTS";-1
"OVERPRODUCED";-1
"OVERPRODUCES";-1
"OVERPRODUCING";-1
"OVERPRODUCTION";-1
"OVERRUN";-1
"OVERRUNNING";-1
"OVERRUNS";-1
"OVERSHADOW";-1
"OVERSHADOWED";-1
"OVERSHADOWING";-1
"OVERSHADOWS";-1
"OVERSTATE";-1
"OVERSTATED";-1
"OVERSTATEMENT";-1
"OVERSTATEMENTS";-1
"OVERSTATES";-1
"OVERSTATING";-1
"OVERSUPPLIED";-1
"OVERSUPPLIES";-1
"OVERSUPPLY";-1
"OVERSUPPLYING";-1
"OVERTLY";-1
"OVERTURN";-1
"OVERTURNED";-1
"OVERTURNING";-1
"OVERTURNS";-1
"OVERVALUE";-1
"OVERVALUED";-1
"OVERVALUING";-1
"PANIC";-1
"PANICS";-1
"PENALIZE";-1
"PENALIZED";-1
"PENALIZES";-1
"PENALIZING";-1
"PENALTIES";-1
"PENALTY";-1
"PERIL";-1
"PERILS";-1
"PERJURY";-1
"PERPETRATE";-1
"PERPETRATED";-1
"PERPETRATES";-1
"PERPETRATING";-1
"PERPETRATION";-1
"PERSIST";-1
"PERSISTED";-1
"PERSISTENCE";-1
"PERSISTENT";-1
"PERSISTENTLY";-1
"PERSISTING";-1
"PERSISTS";-1
"PERVASIVE";-1
"PERVASIVELY";-1
"PERVASIVENESS";-1
"PETTY";-1
"PICKET";-1
"PICKETED";-1
"PICKETING";-1
"PLAINTIFF";-1
"PLAINTIFFS";-1
"PLEA";-1
"PLEAD";-1
"PLEADED";-1
"PLEADING";-1
"PLEADINGS";-1
"PLEADS";-1
"PLEAS";-1
"PLED";-1
"POOR";-1
"POORLY";-1
"POSES";-1
"POSING";-1
"POSTPONE";-1
"POSTPONED";-1
"POSTPONEMENT";-1
"POSTPONEMENTS";-1
"POSTPONES";-1
"POSTPONING";-1
"PRECIPITATED";-1
"PRECIPITOUS";-1
"PRECIPITOUSLY";-1
"PRECLUDE";-1
"PRECLUDED";-1
"PRECLUDES";-1
"PRECLUDING";-1
"PREDATORY";-1
"PREJUDICE";-1
"PREJUDICED";-1
"PREJUDICES";-1
"PREJUDICIAL";-1
"PREJUDICING";-1
"PREMATURE";-1
"PREMATURELY";-1
"PRESSING";-1
"PRETRIAL";-1
"PREVENTING";-1
"PREVENTION";-1
"PREVENTS";-1
"PROBLEM";-1
"PROBLEMATIC";-1
"PROBLEMATICAL";-1
"PROBLEMS";-1
"PROLONG";-1
"PROLONGATION";-1
"PROLONGATIONS";-1
"PROLONGED";-1
"PROLONGING";-1
"PROLONGS";-1
"PRONE";-1
"PROSECUTE";-1
"PROSECUTED";-1
"PROSECUTES";-1
"PROSECUTING";-1
"PROSECUTION";-1
"PROSECUTIONS";-1
"PROTEST";-1
"PROTESTED";-1
"PROTESTER";-1
"PROTESTERS";-1
"PROTESTING";-1
"PROTESTOR";-1
"PROTESTORS";-1
"PROTESTS";-1
"PROTRACTED";-1
"PROTRACTION";-1
"PROVOKE";-1
"PROVOKED";-1
"PROVOKES";-1
"PROVOKING";-1
"PUNISHED";-1
"PUNISHES";-1
"PUNISHING";-1
"PUNISHMENT";-1
"PUNISHMENTS";-1
"PUNITIVE";-1
"PURPORT";-1
"PURPORTED";-1
"PURPORTEDLY";-1
"PURPORTING";-1
"PURPORTS";-1
"QUESTION";-1
"QUESTIONABLE";-1
"QUESTIONABLY";-1
"QUESTIONED";-1
"QUESTIONING";-1
"QUESTIONS";-1
"QUIT";-1
"QUITTING";-1
"RACKETEER";-1
"RACKETEERING";-1
"RATIONALIZATION";-1
"RATIONALIZATIONS";-1
"RATIONALIZE";-1
"RATIONALIZED";-1
"RATIONALIZES";-1
"RATIONALIZING";-1
"REASSESSMENT";-1
"REASSESSMENTS";-1
"REASSIGN";-1
"REASSIGNED";-1
"REASSIGNING";-1
"REASSIGNMENT";-1
"REASSIGNMENTS";-1
"REASSIGNS";-1
"RECALL";-1
"RECALLED";-1
"RECALLING";-1
"RECALLS";-1
"RECESSION";-1
"RECESSIONARY";-1
"RECESSIONS";-1
"RECKLESS";-1
"RECKLESSLY";-1
"RECKLESSNESS";-1
"REDACT";-1
"REDACTED";-1
"REDACTING";-1
"REDACTION";-1
"REDACTIONS";-1
"REDEFAULT";-1
"REDEFAULTED";-1
"REDEFAULTS";-1
"REDRESS";-1
"REDRESSED";-1
"REDRESSES";-1
"REDRESSING";-1
"REFUSAL";-1
"REFUSALS";-1
"REFUSE";-1
"REFUSED";-1
"REFUSES";-1
"REFUSING";-1
"REJECT";-1
"REJECTED";-1
"REJECTING";-1
"REJECTION";-1
"REJECTIONS";-1
"REJECTS";-1
"RELINQUISH";-1
"RELINQUISHED";-1
"RELINQUISHES";-1
"RELINQUISHING";-1
"RELINQUISHMENT";-1
"RELINQUISHMENTS";-1
"RELUCTANCE";-1
"RELUCTANT";-1
"RENEGOTIATE";-1
"RENEGOTIATED";-1
"RENEGOTIATES";-1
"RENEGOTIATING";-1
"RENEGOTIATION";-1
"RENEGOTIATIONS";-1
"RENOUNCE";-1
"RENOUNCED";-1
"RENOUNCEMENT";-1
"RENOUNCEMENTS";-1
"RENOUNCES";-1
"RENOUNCING";-1
"REPARATION";-1
"REPARATIONS";-1
"REPOSSESSED";-1
"REPOSSESSES";-1
"REPOSSESSING";-1
"REPOSSESSION";-1
"REPOSSESSIONS";-1
"REPUDIATE";-1
"REPUDIATED";-1
"REPUDIATES";-1
"REPUDIATING";-1
"REPUDIATION";-1
"REPUDIATIONS";-1
"RESIGN";-1
"RESIGNATION";-1
"RESIGNATIONS";-1
"RESIGNED";-1
"RESIGNING";-1
"RESIGNS";-1
"RESTATE";-1
"RESTATED";-1
"RESTATEMENT";-1
"RESTATEMENTS";-1
"RESTATES";-1
"RESTATING";-1
"RESTRUCTURE";-1
"RESTRUCTURED";-1
"RESTRUCTURES";-1
"RESTRUCTURING";-1
"RESTRUCTURINGS";-1
"RETALIATE";-1
"RETALIATED";-1
"RETALIATES";-1
"RETALIATING";-1
"RETALIATION";-1
"RETALIATIONS";-1
"RETALIATORY";-1
"RETRIBUTION";-1
"RETRIBUTIONS";-1
"REVOCATION";-1
"REVOCATIONS";-1
"REVOKE";-1
"REVOKED";-1
"REVOKES";-1
"REVOKING";-1
"RIDICULE";-1
"RIDICULED";-1
"RIDICULES";-1
"RIDICULING";-1
"RISKIER";-1
"RISKIEST";-1
"RISKY";-1
"SABOTAGE";-1
"SACRIFICE";-1
"SACRIFICED";-1
"SACRIFICES";-1
"SACRIFICIAL";-1
"SACRIFICING";-1
"SCANDALOUS";-1
"SCANDALS";-1
"SCRUTINIZE";-1
"SCRUTINIZED";-1
"SCRUTINIZES";-1
"SCRUTINIZING";-1
"SCRUTINY";-1
"SECRECY";-1
"SEIZE";-1
"SEIZED";-1
"SEIZES";-1
"SEIZING";-1
"SENTENCED";-1
"SENTENCING";-1
"SERIOUS";-1
"SERIOUSLY";-1
"SERIOUSNESS";-1
"SETBACK";-1
"SETBACKS";-1
"SEVER";-1
"SEVERE";-1
"SEVERED";-1
"SEVERELY";-1
"SEVERITIES";-1
"SEVERITY";-1
"SHARPLY";-1
"SHOCKED";-1
"SHORTAGE";-1
"SHORTAGES";-1
"SHORTFALL";-1
"SHORTFALLS";-1
"SHRINKAGE";-1
"SHRINKAGES";-1
"SHUT";-1
"SHUTDOWN";-1
"SHUTDOWNS";-1
"SHUTS";-1
"SHUTTING";-1
"SLANDER";-1
"SLANDERED";-1
"SLANDEROUS";-1
"SLANDERS";-1
"SLIPPAGE";-1
"SLIPPAGES";-1
"SLOW";-1
"SLOWDOWN";-1
"SLOWDOWNS";-1
"SLOWED";-1
"SLOWER";-1
"SLOWEST";-1
"SLOWING";-1
"SLOWLY";-1
"SLOWNESS";-1
"SLUGGISH";-1
"SLUGGISHLY";-1
"SLUGGISHNESS";-1
"SOLVENCIES";-1
"SOLVENCY";-1
"SPAM";-1
"SPAMMERS";-1
"SPAMMING";-1
"STAGGERING";-1
"STAGNANT";-1
"STAGNATE";-1
"STAGNATED";-1
"STAGNATES";-1
"STAGNATING";-1
"STAGNATION";-1
"STANDSTILL";-1
"STANDSTILLS";-1
"STOLEN";-1
"STOPPAGE";-1
"STOPPAGES";-1
"STOPPED";-1
"STOPPING";-1
"STOPS";-1
"STRAIN";-1
"STRAINED";-1
"STRAINING";-1
"STRAINS";-1
"STRESS";-1
"STRESSED";-1
"STRESSES";-1
"STRESSFUL";-1
"STRESSING";-1
"STRINGENT";-1
"SUBJECTED";-1
"SUBJECTING";-1
"SUBJECTION";-1
"SUBPOENA";-1
"SUBPOENAED";-1
"SUBPOENAS";-1
"SUBSTANDARD";-1
"SUE";-1
"SUED";-1
"SUES";-1
"SUFFER";-1
"SUFFERED";-1
"SUFFERING";-1
"SUFFERS";-1
"SUING";-1
"SUMMONED";-1
"SUMMONING";-1
"SUMMONS";-1
"SUMMONSES";-1
"SUSCEPTIBILITY";-1
"SUSCEPTIBLE";-1
"SUSPECT";-1
"SUSPECTED";-1
"SUSPECTS";-1
"SUSPEND";-1
"SUSPENDED";-1
"SUSPENDING";-1
"SUSPENDS";-1
"SUSPENSION";-1
"SUSPENSIONS";-1
"SUSPICION";-1
"SUSPICIONS";-1
"SUSPICIOUS";-1
"SUSPICIOUSLY";-1
"TAINT";-1
"TAINTED";-1
"TAINTING";-1
"TAINTS";-1
"TAMPERED";-1
"TENSE";-1
"TERMINATE";-1
"TERMINATED";-1
"TERMINATES";-1
"TERMINATING";-1
"TERMINATION";-1
"TERMINATIONS";-1
"TESTIFY";-1
"TESTIFYING";-1
"THREAT";-1
"THREATEN";-1
"THREATENED";-1
"THREATENING";-1
"THREATENS";-1
"THREATS";-1
"TIGHTENING";-1
"TOLERATE";-1
"TOLERATED";-1
"TOLERATES";-1
"TOLERATING";-1
"TOLERATION";-1
"TORTUOUS";-1
"TORTUOUSLY";-1
"TRAGEDIES";-1
"TRAGEDY";-1
"TRAGIC";-1
"TRAGICALLY";-1
"TRAUMATIC";-1
"TROUBLE";-1
"TROUBLED";-1
"TROUBLES";-1
"TURBULENCE";-1
"TURMOIL";-1
"UNABLE";-1
"UNACCEPTABLE";-1
"UNACCEPTABLY";-1
"UNACCOUNTED";-1
"UNANNOUNCED";-1
"UNANTICIPATED";-1
"UNAPPROVED";-1
"UNATTRACTIVE";-1
"UNAUTHORIZED";-1
"UNAVAILABILITY";-1
"UNAVAILABLE";-1
"UNAVOIDABLE";-1
"UNAVOIDABLY";-1
"UNAWARE";-1
"UNCOLLECTABLE";-1
"UNCOLLECTED";-1
"UNCOLLECTIBILITY";-1
"UNCOLLECTIBLE";-1
"UNCOLLECTIBLES";-1
"UNCOMPETITIVE";-1
"UNCOMPLETED";-1
"UNCONSCIONABLE";-1
"UNCONSCIONABLY";-1
"UNCONTROLLABLE";-1
"UNCONTROLLABLY";-1
"UNCONTROLLED";-1
"UNCORRECTED";-1
"UNCOVER";-1
"UNCOVERED";-1
"UNCOVERING";-1
"UNCOVERS";-1
"UNDELIVERABLE";-1
"UNDELIVERED";-1
"UNDERCAPITALIZED";-1
"UNDERCUT";-1
"UNDERCUTS";-1
"UNDERCUTTING";-1
"UNDERESTIMATE";-1
"UNDERESTIMATED";-1
"UNDERESTIMATES";-1
"UNDERESTIMATING";-1
"UNDERESTIMATION";-1
"UNDERFUNDED";-1
"UNDERINSURED";-1
"UNDERMINE";-1
"UNDERMINED";-1
"UNDERMINES";-1
"UNDERMINING";-1
"UNDERPAID";-1
"UNDERPAYMENT";-1
"UNDERPAYMENTS";-1
"UNDERPAYS";-1
"UNDERPERFORM";-1
"UNDERPERFORMANCE";-1
"UNDERPERFORMED";-1
"UNDERPERFORMING";-1
"UNDERPERFORMS";-1
"UNDERPRODUCED";-1
"UNDERPRODUCTION";-1
"UNDERREPORTING";-1
"UNDERSTATE";-1
"UNDERSTATED";-1
"UNDERSTATEMENT";-1
"UNDERSTATEMENTS";-1
"UNDERSTATES";-1
"UNDERSTATING";-1
"UNDERUTILIZATION";-1
"UNDERUTILIZED";-1
"UNDESIRABLE";-1
"UNDESIRED";-1
"UNDETECTED";-1
"UNDETERMINED";-1
"UNDISCLOSED";-1
"UNDOCUMENTED";-1
"UNDUE";-1
"UNDULY";-1
"UNECONOMIC";-1
"UNECONOMICAL";-1
"UNECONOMICALLY";-1
"UNEMPLOYED";-1
"UNEMPLOYMENT";-1
"UNETHICAL";-1
"UNETHICALLY";-1
"UNEXCUSED";-1
"UNEXPECTED";-1
"UNEXPECTEDLY";-1
"UNFAIR";-1
"UNFAIRLY";-1
"UNFAVORABILITY";-1
"UNFAVORABLE";-1
"UNFAVORABLY";-1
"UNFAVOURABLE";-1
"UNFEASIBLE";-1
"UNFIT";-1
"UNFITNESS";-1
"UNFORESEEABLE";-1
"UNFORESEEN";-1
"UNFORSEEN";-1
"UNFORTUNATE";-1
"UNFORTUNATELY";-1
"UNFOUNDED";-1
"UNFRIENDLY";-1
"UNFULFILLED";-1
"UNFUNDED";-1
"UNINSURED";-1
"UNINTENDED";-1
"UNINTENTIONAL";-1
"UNINTENTIONALLY";-1
"UNJUST";-1
"UNJUSTIFIABLE";-1
"UNJUSTIFIABLY";-1
"UNJUSTIFIED";-1
"UNJUSTLY";-1
"UNKNOWING";-1
"UNKNOWINGLY";-1
"UNLAWFUL";-1
"UNLAWFULLY";-1
"UNLICENSED";-1
"UNLIQUIDATED";-1
"UNMARKETABLE";-1
"UNMERCHANTABLE";-1
"UNMERITORIOUS";-1
"UNNECESSARILY";-1
"UNNECESSARY";-1
"UNNEEDED";-1
"UNOBTAINABLE";-1
"UNOCCUPIED";-1
"UNPAID";-1
"UNPERFORMED";-1
"UNPLANNED";-1
"UNPOPULAR";-1
"UNPREDICTABILITY";-1
"UNPREDICTABLE";-1
"UNPREDICTABLY";-1
"UNPREDICTED";-1
"UNPRODUCTIVE";-1
"UNPROFITABILITY";-1
"UNPROFITABLE";-1
"UNQUALIFIED";-1
"UNREALISTIC";-1
"UNREASONABLE";-1
"UNREASONABLENESS";-1
"UNREASONABLY";-1
"UNRECEPTIVE";-1
"UNRECOVERABLE";-1
"UNRECOVERED";-1
"UNREIMBURSED";-1
"UNRELIABLE";-1
"UNREMEDIED";-1
"UNREPORTED";-1
"UNRESOLVED";-1
"UNREST";-1
"UNSAFE";-1
"UNSALABLE";-1
"UNSALEABLE";-1
"UNSATISFACTORY";-1
"UNSATISFIED";-1
"UNSAVORY";-1
"UNSCHEDULED";-1
"UNSELLABLE";-1
"UNSOLD";-1
"UNSOUND";-1
"UNSTABILIZED";-1
"UNSTABLE";-1
"UNSUBSTANTIATED";-1
"UNSUCCESSFUL";-1
"UNSUCCESSFULLY";-1
"UNSUITABILITY";-1
"UNSUITABLE";-1
"UNSUITABLY";-1
"UNSUITED";-1
"UNSURE";-1
"UNSUSPECTED";-1
"UNSUSPECTING";-1
"UNSUSTAINABLE";-1
"UNTENABLE";-1
"UNTIMELY";-1
"UNTRUSTED";-1
"UNTRUTH";-1
"UNTRUTHFUL";-1
"UNTRUTHFULLY";-1
"UNTRUTHFULNESS";-1
"UNTRUTHS";-1
"UNUSABLE";-1
"UNWANTED";-1
"UNWARRANTED";-1
"UNWELCOME";-1
"UNWILLING";-1
"UNWILLINGNESS";-1
"UPSET";-1
"URGENCY";-1
"URGENT";-1
"USURIOUS";-1
"USURP";-1
"USURPED";-1
"USURPING";-1
"USURPS";-1
"USURY";-1
"VANDALISM";-1
"VERDICT";-1
"VERDICTS";-1
"VETOED";-1
"VICTIMS";-1
"VIOLATE";-1
"VIOLATED";-1
"VIOLATES";-1
"VIOLATING";-1
"VIOLATION";-1
"VIOLATIONS";-1
"VIOLATIVE";-1
"VIOLATOR";-1
"VIOLATORS";-1
"VIOLENCE";-1
"VIOLENT";-1
"VIOLENTLY";-1
"VITIATE";-1
"VITIATED";-1
"VITIATES";-1
"VITIATING";-1
"VITIATION";-1
"VOIDED";-1
"VOIDING";-1
"VOLATILE";-1
"VOLATILITY";-1
"VULNERABILITIES";-1
"VULNERABILITY";-1
"VULNERABLE";-1
"VULNERABLY";-1
"WARN";-1
"WARNED";-1
"WARNING";-1
"WARNINGS";-1
"WARNS";-1
"WASTED";-1
"WASTEFUL";-1
"WASTING";-1
"WEAK";-1
"WEAKEN";-1
"WEAKENED";-1
"WEAKENING";-1
"WEAKENS";-1
"WEAKER";-1
"WEAKEST";-1
"WEAKLY";-1
"WEAKNESS";-1
"WEAKNESSES";-1
"WILLFULLY";-1
"WORRIES";-1
"WORRY";-1
"WORRYING";-1
"WORSE";-1
"WORSEN";-1
"WORSENED";-1
"WORSENING";-1
"WORSENS";-1
"WORST";-1
"WORTHLESS";-1
"WRITEDOWN";-1
"WRITEDOWNS";-1
"WRITEOFF";-1
"WRITEOFFS";-1
"WRONG";-1
"WRONGDOING";-1
"WRONGDOINGS";-1
"WRONGFUL";-1
"WRONGFULLY";-1
"WRONGLY";-1
