Word;Polarity
EN MESURE;1
ABONDANCE;1
ABONDANTE;1
ACCLAMÉ;1
ACCOMPLIR;1
ACCOMPLIE;1
ACCOMPLIT;1
ACCOMPLIR;1
ACCOMPLISSEMENT;1
RÉALISATIONS;1
RÉALISER;1
ATTEINT;1
RÉALISATION;1
RÉALISATIONS;1
PERMET D’OBTENIR;1
RÉALISATION DE;1
ADÉQUATEMENT;1
PROMOTION;1
AVANCEMENTS;1
AVANCES;1
FAIRE PROGRESSER;1
AVANTAGE;1
FAVORISÉS;1
AVANTAGEUSE;1
AVANTAGEUSEMENT;1
AVANTAGES;1
ALLIANCE;1
ALLIANCES;1
ASSURER;1
ASSURÉ;1
ASSURE;1
ASSURANT;1
ATTEINDRE;1
ATTEINT;1
RÉALISATION DE;1
RÉALISATION;1
RÉALISATIONS;1
ATTEINT;1
ATTRAYANT;1
ATTRACTIVITÉ;1
BELLE;1
MAGNIFIQUEMENT;1
BÉNÉFIQUE;1
UN DROIT DE BÉNÉFICIAIRE;1
AVANTAGE;1
ONT BÉNÉFICIÉ;1
BÉNÉFICIANT;1
A BÉNÉFICIÉ;1
BÉNÉFICIANT;1
MEILLEUR;1
MIEUX;1
RENFORCÉ;1
LE RENFORCEMENT;1
TRAVERSINS;1
BOOM;1
EN PLEIN ESSOR;1
COUP DE POUCE;1
BOOSTÉ;1
PERCÉE;1
PERCÉES;1
BRILLANT;1
BIENFAISANCE;1
COLLABORER;1
A COLLABORÉ;1
COLLABORE;1
EN COLLABORATION;1
COLLABORATION;1
COLLABORATIONS;1
COLLABORATIVE;1
COLLABORATEUR;1
COLLABORATEURS;1
COMPLIMENT;1
GRATUIT;1
COMPLIMENTÉ;1
COMPLIMENTANT;1
COMPLIMENTS;1
CONCLUANTE;1
AVEC CERTITUDE;1
PROPICE;1
CONFIANT;1
CONSTRUCTIVE;1
MANIÈRE CONSTRUCTIVE;1
COURTOIS;1
CRÉATIVE;1
FAÇON CRÉATIVE;1
CRÉATIVITÉ;1
CRÉATIVITÉ;1
DELIGHT;1
LE PLAISIR;1
DÉLICIEUX;1
DÉLICIEUSEMENT;1
ENCHANTANT;1
DÉLICES;1
SÛRETÉ DE FONCTIONNEMENT;1
FIABLE;1
SOUHAITABLE;1
VOUS LE SOUHAITEZ;1
MALGRÉ;1
DESTINÉ;1
DILIGENT;1
AVEC DILIGENCE;1
DISTINCTION;1
DISTINCTIONS;1
DISTINCTIVE;1
DISTINCTEMENT;1
CARACTÈRE DISTINCTIF;1
RÊVE;1
PLUS FACILE;1
FACILEMENT;1
FACILE;1
EFFICACE;1
GAINS D’EFFICACITÉ;1
EFFICACITÉ;1
EFFICACE;1
EFFICACEMENT;1
HABILITER LES;1
LE POUVOIR;1
EMPOWERING;1
DONNE LE POUVOIR;1
ENABLE;1
ACTIVÉ;1
PERMET;1
CE QUI PERMET;1
ENCOURAGÉ;1
ENCOURAGEMENT;1
ENCOURAGE LES;1
ENCOURAGER;1
AMÉLIORER;1
ENHANCED;1
MISE EN VALEUR;1
AMÉLIORATIONS;1
AMÉLIORE LA;1
AMÉLIORATION DE;1
PROFITEZ DE;1
AGRÉABLE;1
AGRÉABLEMENT;1
APPRÉCIÉ;1
BÉNÉFICIANT;1
JOUISSANCE;1
BÉNÉFICIE D';1
ENTHOUSIASME;1
ENTHOUSIASTE;1
AVEC ENTHOUSIASME;1
EXCELLENCE;1
Excellente;1
EXCELLANT;1
EXCELLE;1
EXCEPTIONNEL;1
EXCEPTIONNELLEMENT;1
EXCITÉ;1
EXCITATION;1
EXCITANT;1
EXCLUSIF;1
EXCLUSIVEMENT;1
EXCLUSIVITÉ;1
EXCLUSIVITÉS;1
EXCLUSIVITÉ;1
EXEMPLAIRE;1
FANTASTIQUE;1
FAVORABLE;1
FAVORABLEMENT;1
FAVORISÉE;1
FAVORISANT;1
FAVORI;1
FAVORIS;1
AMICALE;1
GAIN;1
ACQUISE;1
GAGNE;1
GAINS;1
BON;1
GRANDE;1
UNE PLUS GRANDE;1
PLUS GRAND;1
GRANDEMENT;1
GRANDEUR;1
PLUS HEUREUX;1
HEUREUSEMENT;1
BONHEUR;1
HEUREUX;1
PLUS HAUT;1
HONOR;1
HONORABLE;1
À L’HONNEUR;1
HONORANT;1
MENTION ASSEZ BIEN;1
IDÉAL;1
IMPRESS;1
A IMPRESSIONNÉ;1
IMPRESSIONNE;1
IMPRESSIONNER;1
IMPRESSIONNANTE;1
IMPRESSIONNANTE;1
AMÉLIORER;1
AMÉLIORÉE;1
AMÉLIORATION;1
AMÉLIORATIONS;1
AMÉLIORE LA;1
AMÉLIORATION DE LA;1
INCROYABLE;1
INCROYABLEMENT;1
INFLUENT;1
INFORMATIVE;1
INGÉNIOSITÉ;1
INNOVER;1
INNOVÉ;1
INNOVE;1
INNOVER;1
INNOVATION;1
INNOVATIONS;1
INNOVANTES;1
CAPACITÉ D’INNOVATION;1
INNOVATOR;1
INNOVATEURS;1
PERSPICACE;1
SOURCE D’INSPIRATION;1
SOURCE D’INSPIRATION;1
INTÉGRITÉ;1
INVENTER;1
INVENTÉ;1
INVENTER;1
INVENTION;1
INVENTIONS;1
ACTIVITÉ INVENTIVE;1
INVENTIVITÉ;1
INVENTEUR;1
INVENTEURS;1
LEADERSHIP;1
MENANT;1
FIDÈLE;1
LUCRATIVE;1
MÉRITOIRE;1
OCCASIONS;1
OCCASION;1
OPTIMISTE;1
SURPERFORMER;1
A SURPASSÉ;1
SURPERFORMANT;1
SURPASSE;1
PARFAIT;1
PERFECTIONNÉ;1
PARFAITEMENT;1
SANS-FAUTE;1
AGRÉABLE;1
AGRÉABLEMENT;1
HEUREUX;1
PLAISIR;1
ABONDANTE;1
POPULAIRES;1
POPULARITÉ;1
POSITIF;1
POSITIVEMENT;1
PRÉÉMINENCE;1
PAR EXCELLENCE;1
PREMIER MINISTRE;1
PREMIERE;1
PRESTIGE;1
PRESTIGIEUX;1
PROACTIVE;1
PROACTIVEMENT;1
COMPÉTENCE;1
UTILISATEUR EXPÉRIMENTÉ;1
AVEC COMPÉTENCE;1
RENTABILITÉ;1
RENTABLE;1
AVEC PROFIT;1
PROGRÈS;1
A PROGRESSÉ;1
PROGRESSE;1
PROGRESSE;1
A PROSPÉRÉ;1
LA PROSPÉRITÉ;1
PROSPÉRITÉ;1
PROSPÈRE;1
PROSPÈRE;1
REBOND;1
A REBONDI;1
REBONDISSEMENT;1
RÉCEPTIF;1
REPRENDRE LE;1
A RETROUVÉ;1
REGAGNANT;1
RÉSOUDRE LES;1
RÉVOLUTIONNER;1
A RÉVOLUTIONNÉ;1
RÉVOLUTIONNE;1
EN TRAIN DE RÉVOLUTIONNER;1
RÉCOMPENSE;1
RÉCOMPENSÉ;1
GRATIFIANT;1
RÉCOMPENSES;1
SATISFACTION;1
MANIÈRE SATISFAISANTE;1
SATISFAISANTS;1
SATISFAIT;1
SATISFAIT AUX;1
RÉPONDRE À;1
SATISFAISANT;1
LISSES;1
LISSAGE;1
EN DOUCEUR;1
LISSE;1
RÉSOUT;1
RÉSOUDRE LES;1
SPECTACULAIRE;1
SPECTACULAIREMENT;1
STABILITÉ;1
STABILISATION;1
STABILISATIONS;1
STABILISER;1
STABILISÉE;1
SE STABILISE;1
STABILISANT;1
TESTING;1
FORCE;1
RENFORCER;1
RENFORCÉ;1
RENFORCEMENT;1
RENFORCE;1
POINTS FORTS;1
STRONG;1
PLUS FORT;1
PLUS FORT;1
RÉUSSIR;1
A RÉUSSI;1
SUCCÉDANT À;1
SUCCÈDE À;1
SUCCÈS;1
RÉUSSITES;1
RÉUSSIE;1
AVEC SUCCÈS;1
SUPERIOR;1
SURPASS;1
A DÉPASSÉ;1
SURPASSE;1
SURPASSANT;1
TRANSPARENCE;1
FORMIDABLE;1
FORMIDABLEMENT;1
INÉGALÉE;1
INÉGALÉE;1
INÉGALÉE;1
REPRISE;1
REPRISES;1
PRÉCIEUSE;1
VERSATILE;1
POLYVALENCE;1
DYNAMISME;1
VIBRANT;1
WIN;1
VAINQUEUR;1
GAGNANTS;1
GAGNER;1
DIGNE;1
ABANDONNER;-1
ABANDONNÉ;-1
L’ABANDON;-1
ABANDON;-1
ABANDONS;-1
ABANDONNE;-1
ABDIQUE;-1
ABDIQUE;-1
SON ABDICATION;-1
ABDICATION;-1
ABDICATIONS;-1
ABERRANTE;-1
ABERRATION;-1
ABERRANT;-1
ABERRATIONS;-1
COMPLICITÉ;-1
ANORMALES;-1
ANOMALIES;-1
ANOMALIE;-1
ANORMALEMENT;-1
ABOLIR LES;-1
ABOLIE;-1
ABOLIT;-1
ABOLITION DES;-1
ABROGER;-1
ABROGÉ;-1
ABROGE;-1
ABROGEANT LA;-1
ABROGATION;-1
ABROGATIONS;-1
BRUSQUE;-1
BRUSQUEMENT;-1
ABRUPTNESS;-1
ABSENCE;-1
ABSENCES;-1
ABSENTÉISME;-1
ABUS;-1
VICTIMES DE VIOLENCE;-1
ABUS;-1
ABUSER DE;-1
ABUSIVES;-1
ABUSIVEMENT;-1
CARACTÈRE ABUSIF;-1
ACCIDENT;-1
ACCIDENTELLE;-1
ACCIDENTELLEMENT;-1
ACCIDENTS DE;-1
ACCUSATION;-1
ACCUSATIONS;-1
ACCUSER;-1
ACCUSÉ;-1
ACCUSE;-1
ACCUSANT;-1
ACQUIESCER;-1
ACQUIESCÉ;-1
ACQUIESCE;-1
ACQUIESCER;-1
ACQUIT;-1
ACQUITTE;-1
ACQUITTEMENT;-1
ACQUITTEMENTS;-1
ACQUITTÉ;-1
L’ACQUITTEMENT;-1
FRELATER;-1
ADULTÉRÉ;-1
ALTÉRER;-1
ADULTÉRATION;-1
FALSIFICATIONS;-1
ACCUSATOIRE;-1
ADVERSAIRES;-1
ADVERSAIRE;-1
EFFETS INDÉSIRABLES;-1
DÉFAVORABLEMENT;-1
ADVERSITÉS;-1
ADVERSITÉ;-1
SUITE;-1
SÉQUELLES;-1
CONTRE;-1
AGGRAVER;-1
AGGRAVÉE;-1
AGGRAVE;-1
CIRCONSTANCES AGGRAVANTES;-1
AGGRAVATION;-1
AGGRAVATIONS;-1
ALERTÉ;-1
ALERTE;-1
ALIÉNER;-1
ALIÉNÉ;-1
ÉLOIGNE LES;-1
S’ALIÉNER;-1
ALIÉNATION;-1
ALIENATIONS;-1
ALLÉGATION;-1
ALLÉGATIONS;-1
ALLÉGUER;-1
ALLÉGUÉ;-1
PRÉTENDUMENT;-1
ALLÈGUE;-1
TIRÉ DE LA;-1
ENNUYER;-1
GÊNE;-1
ENNUIS;-1
AGACÉ;-1
ENNUYEUX;-1
AGACE;-1
ANNULER;-1
A ANNULÉ;-1
BRISAI;-1
ANNULATION;-1
ANNULATIONS;-1
EST ANNULÉE;-1
ANOMALIES;-1
ANORMAL;-1
ANORMALEMENT;-1
ANOMALIE;-1
ANTICONCURRENTIELLES;-1
ANTITRUST;-1
FAIRE VALOIR;-1
A SOUTENU;-1
FAISANT VALOIR;-1
ARGUMENT;-1
ARGUMENTATIF;-1
ARGUMENTS;-1
ARRIÉRÉS;-1
ARRIÉRÉS;-1
ARRIÉRÉS;-1
ARRESTATION;-1
ARRÊTÉ;-1
ARRESTATIONS;-1
ARTIFICIELLEMENT;-1
VOIES DE FAIT;-1
AGRESSÉ;-1
VOIES DE FAIT CONTRE;-1
VOIES DE FAIT;-1
ASSERTIONS;-1
ATTRITION;-1
PROJET;-1
ANTIDATE;-1
MAUVAISE;-1
EN LIBERTÉ SOUS CAUTION;-1
PLAN DE SAUVETAGE;-1
BALK;-1
HÉSITÉ;-1
FAILLITE;-1
FAILLITES;-1
FAILLITE;-1
EN FAILLITE;-1
FAILLITE;-1
FAILLIS;-1
LES INTERDICTIONS;-1
BARRÉ;-1
BARRIÈRE;-1
BARRIÈRES;-1
GOULOT D’ÉTRANGLEMENT;-1
GOULOTS D’ÉTRANGLEMENT;-1
BOYCOTT;-1
BOYCOTTÉ;-1
BOYCOTTE;-1
BOYCOTTS;-1
MANQUEMENT À;-1
A MANQUÉ;-1
INFRACTIONS AUX;-1
VIOLANT;-1
CASSER;-1
RUPTURE;-1
RUPTURES;-1
VENTILATION;-1
VENTILATIONS;-1
RUPTURE;-1
PAUSES;-1
POT DE VIN;-1
SOUDOYÉ;-1
POT-DE-VINS;-1
CORRUPTION;-1
POTS DE VIN;-1
CORRUPTION;-1
PONT;-1
CASSÉ;-1
FARDEAU;-1
ACCABLÉS;-1
ALOURDIR;-1
CHARGES;-1
LOURDE;-1
BRÛLÉ;-1
CALAMITÉS;-1
CALAMITEUSE;-1
CALAMITÉ;-1
Annuler;-1
ANNULÉ;-1
ANNULATION DE;-1
ANNULATION;-1
ANNULATIONS;-1
ANNULÉ;-1
ANNULATION;-1
ANNULE;-1
IMPRUDENTE;-1
NÉGLIGEMMENT;-1
INSOUCIANCE;-1
CATASTROPHE;-1
CATASTROPHES;-1
CATASTROPHIQUES;-1
NE PAS DIRE COMPLÈTEMENT;-1
MISE EN GARDE;-1
MISE EN GARDE;-1
MISE EN GARDE;-1
METTANT EN GARDE;-1
MISES EN GARDE;-1
CESSER;-1
A CESSÉ;-1
NE RÉPOND PLUS;-1
CESSANT;-1
CENSURE;-1
MOTION DE CENSURE;-1
CENSURES;-1
CENSURER;-1
DÉFI;-1
MIS AU DÉFI;-1
DÉFIS;-1
CONTESTANT;-1
CHARGEOFFS;-1
CONTOURNER;-1
CONTOURNÉ;-1
CONTOURNER LES;-1
CONTOURNEMENT;-1
CONTOURNEMENTS;-1
CONTOURNE;-1
PRÉTENDANT;-1
REVENDICATIONS;-1
RÉCUPÉRATION FISCALE;-1
FERMÉ;-1
CLOSEOUT;-1
LIQUIDATIONS;-1
FERMETURE;-1
FERMETURES;-1
FERMETURE;-1
DISPOSITIFS DE FERMETURE;-1
CONTRAINDRE;-1
SOUS LA CONTRAINTE;-1
CONVERTIT EN VALEUR;-1
LE FAIT DE CONTRAINDRE;-1
COERCITION;-1
COERCITIVES;-1
EFFONDREMENT;-1
S’EST EFFONDRÉ;-1
S’EFFONDRE;-1
S’EFFONDRER;-1
COLLISION;-1
COLLISIONS;-1
COLLUSION;-1
ÉTAIT DE CONNIVENCE;-1
CONNIVENCE;-1
DE CONNIVENCE;-1
COLLUSION;-1
COLLUSION;-1
COLLUSOIRE;-1
SE PLAINDRE;-1
S’EST PLAINT;-1
SE PLAINDRE;-1
SE PLAINT;-1
PLAINTE;-1
PLAINTES;-1
COMPLIQUER;-1
COMPLIQUÉ;-1
COMPLIQUE;-1
CE QUI COMPLIQUE;-1
COMPLICATION;-1
COMPLICATIONS;-1
CONTRAINTE;-1
CACHÉ;-1
DISSIMULANT;-1
CONCÉDER;-1
A CONCÉDÉ;-1
CONCÈDE;-1
CONCÉDANT;-1
PRÉOCCUPATION;-1
CONCERNÉS;-1
PRÉOCCUPATIONS;-1
CONCILIANT;-1
CONCILIATION;-1
CONCILIATIONS;-1
CONDAMNONS;-1
CONDAMNATION;-1
CONDAMNATIONS DES;-1
CONDAMNÉ;-1
CONDAMNANT;-1
CONDAMNE LE;-1
FERMER LES YEUX;-1
FERME LES YEUX SUR;-1
CONFESSER;-1
A AVOUÉ;-1
CONFESSE;-1
CONFESSANT;-1
CONFESSION;-1
CONFINER;-1
CONFINÉES;-1
CONFINEMENT;-1
ACCOUCHEMENTS;-1
CONFINS;-1
DE CONFINEMENT;-1
CONFISQUER;-1
CONFISQUÉS;-1
CONFISQUE;-1
CONFISQUANT;-1
CONFISCATION;-1
CONFISCATIONS;-1
CONFLIT;-1
EN CONTRADICTION;-1
CONFLICTUELLES;-1
CONFLITS;-1
FAIRE FACE À;-1
CONFRONTATION;-1
CONFLICTUEL;-1
AFFRONTEMENTS;-1
CONFRONTÉ;-1
FACE AUX;-1
CONFRONTE;-1
CONFONDRE;-1
CONFONDU;-1
CONFOND;-1
CONFUSION ENTRE;-1
PRÊTER À CONFUSION;-1
CONFUSION;-1
COMPLOTS;-1
CONSPIRATION;-1
CONSPIRATEUR;-1
CONSPIRATION;-1
CONSPIRATEURS;-1
CONSPIRER;-1
CONSPIRÉ;-1
CONSPIRE;-1
CONSPIRER;-1
OUTRAGE AU TRIBUNAL;-1
PRÉTENDENT;-1
A SOUTENU;-1
PRÉTENDANT;-1
SOUTIENT;-1
CONTENTION;-1
PRÉTENTIONS;-1
CONTENTIEUSE;-1
PÉREMPTOIRE;-1
CONTESTÉ;-1
CONTESTANT;-1
CONTRACTION;-1
CONTRACTIONS;-1
CONTREDIRE;-1
CONTREDIT;-1
CONTREDISANT;-1
CONTRADICTION;-1
CONTRADICTIONS;-1
CONTRADICTOIRES;-1
VA À L’ENCONTRE;-1
CONTRAIRE;-1
CONTROVERSÉ;-1
CONTROVERSES;-1
CONTROVERSE;-1
FORÇAT;-1
DÉCLARÉ COUPABLE;-1
DÉCLARATION DE CULPABILITÉ;-1
DÉCLARATION DE CULPABILITÉ;-1
DÉCLARATIONS DE CULPABILITÉ;-1
CORRIGÉ;-1
CORRECTION;-1
CORRECTION;-1
SERVICES CORRECTIONNELS;-1
CORRIGE LA;-1
CORRUPT;-1
CORROMPU;-1
CORROMPRE;-1
CORRUPTION;-1
CORRUPTIONS;-1
PAR CORRUPTION;-1
CORRUPTNESS;-1
COÛTEUSES;-1
DEMANDE RECONVENTIONNELLE;-1
RECONVENTIONNELLE;-1
PRÉSENTE;-1
DEMANDES RECONVENTIONNELLES;-1
CONTREFAÇON;-1
CONTREFAITS;-1
FAUSSAIRE;-1
CONTREFACTEURS;-1
LA CONTREFAÇON;-1
CONTREFAÇONS;-1
CONTRE-MESURE;-1
CONTRE-MESURES;-1
CRIMINALITÉ;-1
CRIMES;-1
CRIMINEL;-1
PÉNALEMENT;-1
CRIMINELS;-1
CRISES;-1
CRISE;-1
CRITIQUE;-1
CRITIQUE;-1
CRITIQUE;-1
CRITIQUES;-1
CRITIQUER;-1
CRITIQUÉ;-1
CRITIQUE;-1
CRITIQUANT;-1
CRUCIAL;-1
CRUCIALEMENT;-1
CULPABILITÉ;-1
COUPABLE;-1
BLÂMABLE;-1
ENCOMBRANT;-1
RESTREINDRE;-1
RÉDUITES;-1
RÉDUCTION;-1
RÉDUCTION;-1
COMPRESSIONS;-1
RESTREINT;-1
COUPE;-1
BITUME FLUXÉ;-1
COMPRESSIONS;-1
CYBERATTAQUE;-1
CYBERATTAQUES;-1
CYBERINTIMIDATION;-1
CYBERCRIMINALITÉ;-1
CYBERCRIMES;-1
CYBERCRIMINEL;-1
CYBERCRIMINELS;-1
DOMMAGE;-1
ENDOMMAGÉ;-1
DOMMAGES-INTÉRÊTS;-1
ENDOMMAGEANT;-1
HUMIDIFIER;-1
HUMIDIFIÉ;-1
DANGER;-1
DANGEREUSES;-1
DANGEREUSEMENT;-1
DANGERS;-1
IMPASSE;-1
DANS UNE IMPASSE;-1
L’INTERBLOCAGE;-1
BLOCAGES DE VERROUS ?;-1
PORT EN LOURD;-1
CRUE;-1
FORCLUSION;-1
DEBARMENTS;-1
EXCLU DU BÉNÉFICE;-1
DÉFUNT;-1
TROMPERIE;-1
FOURBE;-1
SÉDUCTION;-1
INDUIRE EN ERREUR;-1
TROMPÉ;-1
TROMPE;-1
TROMPER;-1
DECEPTION;-1
TROMPERIES;-1
TROMPEUSES;-1
TROMPEUSEMENT;-1
DÉCLIN;-1
A DIMINUÉ;-1
DÉCLINS;-1
EN DÉCLIN;-1
DÉFIGURER;-1
DÉFIGURÉ;-1
BARBOUILLAGE;-1
DIFFAMATION;-1
DIFFAMATIONS;-1
DIFFAMATOIRES;-1
DIFFAMER;-1
DIFFAMÉ;-1
DIFFAME;-1
DIFFAMATION;-1
PAR DÉFAUT;-1
DÉFAUT DE PAIEMENT;-1
DÉFAILLANT;-1
VALEURS PAR DÉFAUT;-1
DÉFAITE;-1
BAT;-1
BATTANT;-1
DÉFAITES;-1
VICE;-1
DÉFECTUEUX;-1
DÉFAUTS;-1
DÉFENDRE;-1
DÉFENDEUR;-1
DÉFENDEURS;-1
A DÉFENDU;-1
DÉFENDANT;-1
DÉFEND;-1
DÉFENSIVE;-1
REPORTER;-1
DÉFICIENCES;-1
CARENCE EN;-1
DÉFICIENTES EN;-1
DÉFICIT;-1
DÉFICITS;-1
FRAUDER;-1
VICTIME D’UNE FRAUDE;-1
FRAUDER;-1
FRUSTRE;-1
DÉFUNTE;-1
DÉGRADATION;-1
DÉGRADATIONS;-1
DÉGRADER;-1
DÉGRADÉ;-1
SE DÉGRADE;-1
DÉGRADANTS;-1
DELAY;-1
RETARDÉE;-1
RETARDANT;-1
RETARDS;-1
DÉLÉTÈRES;-1
DÉLIBÉRER;-1
A DÉLIBÉRÉ;-1
DÉLIBÉRÉMENT;-1
DÉLINQUANCES;-1
DÉLINQUANCE;-1
DÉLINQUANT;-1
DELINQUENTLY;-1
DÉLINQUANTS;-1
RADIER;-1
RAYÉ DE LA LISTE;-1
RADIATION DE LA LISTE;-1
DÉCOTE;-1
DISPARITION;-1
TRANSMIS;-1
CONTREPARTIES;-1
LOCATRICE;-1
DÉMOLIR;-1
DÉMOLI;-1
DÉMOLIT;-1
TRAVAUX DE DÉMOLITION;-1
DÉMOLITION;-1
DÉMOLITIONS;-1
RÉTROGRADER;-1
RÉTROGRADÉ;-1
RÉTROGRADE;-1
LA RÉTROGRADATION;-1
RÉTROGRADATION;-1
RÉTROGRADATIONS;-1
DENIAL;-1
DÉNÉGATIONS;-1
NIÉ;-1
NIE;-1
DÉNIGRER;-1
DÉNIGRÉ;-1
DÉNIGRE;-1
DÉNIGRANT;-1
DÉNIGREMENT;-1
NIER;-1
NIANT;-1
APPAUVRISSENT;-1
L’APPAUVRI;-1
ÉPUISE;-1
QUI APPAUVRISSENT LA COUCHE;-1
APPAUVRISSEMENT DE LA COUCHE;-1
DÉPLÉTIONS;-1
DÉSAPPROBATION;-1
APPUYER SUR;-1
DÉPRIMÉ;-1
DÉPRIME;-1
DÉPRIMANT;-1
PRIVATION;-1
PRIVER;-1
PRIVÉS;-1
PRIVE;-1
PRIVER;-1
REMISE EN CONFORMITÉ;-1
MANQUEMENT AU;-1
PÉJORATIF;-1
DÉSTABILISATION;-1
DÉSTABILISER;-1
DÉSTABILISÉ;-1
DÉSTABILISANT;-1
DÉTRUIRE;-1
DÉTRUIT;-1
DÉTRUISANT;-1
DÉTRUIT;-1
DESTRUCTION;-1
DESTRUCTRICE;-1
DÉTENIR;-1
PLACÉ EN DÉTENTION;-1
DÉTENTION;-1
DÉTENTIONS;-1
DISSUADER LES;-1
SE DÉTÉRIORER;-1
S’EST DÉTÉRIORÉE;-1
SE DÉTÉRIORE;-1
DÉTÉRIORATION DE LA;-1
DÉTÉRIORATION;-1
ALTÉRATIONS;-1
DISSUADÉ;-1
DISSUASION;-1
DISSUASION;-1
DISSUASIF;-1
MOYENS DE DISSUASION;-1
DISSUADER LES;-1
DISSUADE;-1
PORTER ATTEINTE;-1
A NUI AUX;-1
PORTER ATTEINTE;-1
DÉTRIMENT;-1
NUISIBLE;-1
FAÇON PRÉJUDICIABLE;-1
DÉTRIMENTS;-1
DÉVALUER;-1
DÉVALUÉ;-1
DÉVALUE;-1
DÉVALUER;-1
DÉVASTER;-1
DÉVASTÉ;-1
DÉVASTATEURS;-1
DÉVASTATION;-1
S’ÉCARTER;-1
DÉVIÉ;-1
S’ÉCARTE;-1
S’ÉCARTANT;-1
DÉVIATION;-1
DÉVIATIONS;-1
DÉLÉGUER;-1
DÉVOLUES;-1
DÉLÈGUE LA;-1
DÉVOLUTION;-1
DIFFICILE;-1
DIFFICULTÉS;-1
DIFFICILEMENT;-1
DIFFICULTÉ;-1
DIMINUER;-1
DIMINUÉ;-1
DIMINUE;-1
DIMINUTION DES;-1
DIMINUTION;-1
DÉSAVANTAGE;-1
PERSONNES DÉFAVORISÉES;-1
DÉSAVANTAGEUX;-1
INCONVÉNIENTS;-1
DÉSAFFILIATION;-1
PAS D’ACCORD;-1
DÉSAGRÉABLE;-1
EN DÉSACCORD;-1
EN DÉSACCORD;-1
DÉSACCORD;-1
DÉSACCORDS;-1
EST EN DÉSACCORD;-1
NE PAS AUTORISER;-1
DÉSAVEU;-1
REFUS;-1
A REJETÉ;-1
REFUSANT LA;-1
N’AUTORISE PAS LES;-1
DISPARAISSENT;-1
DISPARITION;-1
DISPARITIONS FORCÉES;-1
A DISPARU;-1
EN VOIE DE DISPARITION;-1
DISPARAÎT;-1
DÉCEVOIR;-1
DÉÇU;-1
DÉCEVANTE;-1
DÉCEVANTE;-1
DÉCEPTION;-1
DÉCEPTIONS;-1
DÉÇOIT;-1
DÉSAPPROBATION;-1
DÉSAPPROBATION;-1
DÉSAPPROUVER;-1
ARRÊT CRITIQUÉ;-1
DÉSAPPROUVE;-1
QUI S’ÉLÈVENT CONTRE;-1
DISSOCIE;-1
DISSOCIANT;-1
DISSOCIATION;-1
DISSOCIATIONS;-1
EN CAS DE CATASTROPHE;-1
CATASTROPHES;-1
DÉSASTREUX;-1
DÉSASTREUSEMENT;-1
DÉSAVOUER;-1
DÉSAVEU;-1
DÉSAVOUÉ;-1
RENIER;-1
NIE;-1
DISCIPLINAIRES;-1
DÉCLINONS;-1
PAS ACCORDÉ;-1
CLAUSE DE NON-RESPONSABILITÉ;-1
CRÉATION;-1
DÉNÉGATION;-1
DÉCLINE;-1
DIVULGUER;-1
DIVULGUÉS;-1
DIVULGUE;-1
DIVULGATION DE;-1
CESSATION D’EXPLOITATION;-1
DÉSISTEMENTS;-1
ARRÊT DU TRAITEMENT;-1
ABANDONS;-1
CESSER;-1
DISCONTINUÉ;-1
SE DÉSISTE;-1
ABANDON DE;-1
DÉCOURAGER LES;-1
DÉCONSEILLÉE;-1
DÉCOURAGE;-1
DÉCOURAGEANT;-1
DISCRÉDITER;-1
DISCRÉDITÉE;-1
DISCRÉDITER;-1
JETTE LE DISCRÉDIT SUR;-1
ÉCARTS;-1
DIVERGENCE;-1
DISGRÂCE;-1
NON GRATA;-1
DÉSAPPROUVANT;-1
DISFAVORS;-1
DISGORGE;-1
DÉGORGÉ;-1
DÉGORGEMENT;-1
PÉCUNIAIRES;-1
HARMONIEUSEMENT;-1
DÉGORGEMENT;-1
DISGRÂCE;-1
SCANDALEUSE;-1
SCANDALEUSEMENT;-1
MALHONNÊTE;-1
MALHONNÊTEMENT;-1
MALHONNÊTETÉ;-1
DÉSHONNEUR;-1
DÉSHONORABLE;-1
RENVOYÉ;-1
DÉSHONORÉ;-1
DÉSHONORER;-1
DISHONORS;-1
MESURES DE DISSUASION;-1
DÉSINTÉRESSÉ;-1
BRUYAMMENT;-1
DÉSINTÉRESSEMENT;-1
DÉLOYAL;-1
DÉLOYALEMENT;-1
DÉLOYAUTÉ;-1
LAMENTABLE;-1
LAMENTABLEMENT;-1
REJETER;-1
LICENCIEMENT;-1
LICENCIEMENTS;-1
A REJETÉ;-1
CONGÉDIE;-1
QUI A REJETÉ;-1
DÉSORDONNÉE;-1
DÉNIGRER;-1
DÉCRIÉ;-1
DÉNIGREMENT;-1
DISPARAGEMENTS;-1
DÉNIGRER;-1
DÉSOBLIGEANTES;-1
AVEC MÉPRIS;-1
DISPARITÉS;-1
DISPARITÉ;-1
DÉPLACER;-1
DÉPLACÉES;-1
DÉPLACEMENT;-1
DÉPLACEMENTS;-1
DÉPLACE;-1
DÉPLAÇANT;-1
DISPOSER;-1
DÉPOSSÉDER;-1
DÉPOSSÉDÉS;-1
DÉPOSSÈDE;-1
DÉPOSSÉDER;-1
DISPROPORTION;-1
DISPROPORTIONNÉ PAR RAPPORT;-1
DISPROPORTIONNÉ;-1
MANIÈRE DISPROPORTIONNÉE;-1
RÈGLEMENT DES DIFFÉRENDS;-1
CONTESTÉ;-1
LITIGES;-1
CONTESTANT;-1
DISQUALIFICATION;-1
DÉCHÉANCES;-1
DISQUALIFIÉ;-1
NE PEUVENT ÊTRE CONSIDÉRÉS;-1
DISQUALIFIER;-1
DISQUALIFIANT;-1
NE PAS TENIR COMPTE;-1
MÉCONNU;-1
NE TENANT PAS COMPTE;-1
NE TIENT PAS COMPTE;-1
PEU RECOMMANDABLES;-1
DISCRÉDIT;-1
PERTURBER LA;-1
PERTURBÉE;-1
PERTURBANT;-1
PERTURBATION;-1
PERTURBATIONS;-1
PERTURBATEUR;-1
PERTURBE;-1
INSATISFACTION;-1
INSATISFAIT (E);-1
DISSIDENCE;-1
ENTRÉS EN DISSIDENCE;-1
DISSIDENT;-1
DISSIDENTS;-1
DISSIDENT;-1
OPINIONS DIVERGENTES;-1
DISSIDENT;-1
DISSIDENTS;-1
DISSOLUTION;-1
DISSOLUTIONS;-1
FAUSSER;-1
DÉFORMÉE;-1
DISTORSION;-1
DISTORSION;-1
DISTORSIONS;-1
DÉFORME;-1
DISTRAIRE;-1
DISTRAIT;-1
DISTRAIRE;-1
DISTRACTION;-1
DISTRACTIONS;-1
DISTRAIT;-1
DÉTRESSE;-1
EN DIFFICULTÉ;-1
DÉRANGER;-1
PERTURBATION;-1
PERTURBATIONS;-1
DISTURBED;-1
DÉRANGEANT;-1
DÉRANGE;-1
DIVERSION;-1
DÉTOURNER;-1
DÉTOURNÉ;-1
DÉTOURNANT;-1
DÉTOURNE;-1
SE DÉPARTIR;-1
A CÉDÉ;-1
SE DÉPARTISSANT;-1
DESSAISISSEMENT;-1
DÉSINVESTISSEMENTS;-1
DÉSINVESTISSEMENT;-1
CESSIONS D’ACTIFS;-1
DÉPARTIT;-1
DIVORCE;-1
DIVORCÉ;-1
DIVULGUER DES;-1
DIVULGUÉ;-1
DIVULGUE;-1
DIVULGATION DE;-1
DOUTE;-1
MISE EN DOUTE;-1
DOUTEUX;-1
DOUTES;-1
DOWNGRADE;-1
DÉCLASSÉ;-1
DÉCLASSEMENTS;-1
SANS DÉCLASSEMENT;-1
RÉDUIRE LA TAILLE;-1
RÉDUIT;-1
RÉTRÉCIT;-1
RÉDUCTION DES EFFECTIFS;-1
RÉDUCTIONS;-1
TEMPS D’ARRÊT;-1
TEMPS D’ARRÊT;-1
RALENTISSEMENT DE L’ACTIVITÉ;-1
RALENTISSEMENTS;-1
À LA BAISSE;-1
VERS LE BAS;-1
DRAG;-1
DRASTIQUES;-1
RADICALEMENT;-1
DRAWBACK;-1
INCONVÉNIENTS;-1
A CHUTÉ;-1
SÉCHERESSE;-1
SÉCHERESSES;-1
CONTRAINTE;-1
DYSFONCTION;-1
DYSFONCTIONNELLE;-1
DYSFONCTIONNEMENTS;-1
D’ACCÉLÉRATION;-1
FLAGRANTS;-1
FLAGRANTE;-1
EMBARGO SUR;-1
SOUS EMBARGO;-1
EMBARGOS;-1
DÉNONCIATION;-1
EMBARRASSER;-1
EMBARRASSÉ;-1
EMBARRASSE;-1
EMBARRASSANT;-1
EMBARRAS;-1
EMBARRAS;-1
DÉTOURNER;-1
DÉTOURNÉ;-1
DÉTOURNEMENT DE FONDS;-1
DÉTOURNEMENTS DE FONDS;-1
EMBEZZLER;-1
DÉTOURNE;-1
AVOIR DÉTOURNÉ;-1
EMPIÉTER;-1
EMPIÉTÉ;-1
EMPIÈTE;-1
EMPIÉTANT;-1
EMPIÈTEMENT;-1
EMPIÉTEMENTS;-1
GREVER;-1
GREVÉ D’UNE CHARGE;-1
ENCOMBRANT;-1
ENCOMBRE;-1
CHARGE;-1
CHARGES;-1
METTRE EN DANGER;-1
EN VOIE DE DISPARITION;-1
METTRE EN DANGER;-1
MISE EN DANGER;-1
MET EN DANGER;-1
INTERDIRE;-1
ENJOINT;-1
INTERDISANT À;-1
ENJOINT;-1
ÉRODER;-1
ÉRODÉS;-1
ÉRODE;-1
ÉRODER;-1
ÉROSION;-1
ERRATIQUE;-1
ERRATIQUE;-1
A COMMIS UNE ERREUR;-1
PÉCHER PAR;-1
ERRONÉE;-1
PAR ERREUR;-1
ERREUR;-1
ERREURS;-1
SE TROMPE;-1
S’AGGRAVER;-1
DÉGÉNÉRÉ;-1
S’AGGRAVE;-1
ESCALADE DE LA;-1
SE SOUSTRAIRE;-1
ÉLUDÉ;-1
EVADES;-1
SE SOUSTRAIRE;-1
ÉVASION;-1
EVASIONS;-1
ÉVASIVES;-1
EXPULSER;-1
EXPULSÉES;-1
EXPULSANT;-1
ÉVICTION;-1
EXPULSIONS;-1
EXPULSE;-1
EXACERBER;-1
EXACERBÉ;-1
EXACERBE;-1
EXACERBANT;-1
EXACERBATION;-1
EXACERBATIONS;-1
EXAGÉRER;-1
EXAGÉRÉ;-1
EXAGÈRE;-1
EXAGÉRER;-1
EXAGÉRATION;-1
EXCESSIVE;-1
EXCESSIVEMENT;-1
DISCULPER;-1
DISCULPER;-1
DISCULPE;-1
DISCULPER;-1
DISCULPATION;-1
EXCULPATIONS;-1
DISCULPATOIRES;-1
EXONÉRER;-1
DISCULPÉ;-1
EXONÈRE;-1
EXONÉRANT;-1
EXONÉRATION;-1
EXONÉRATIONS;-1
EXPLOIT;-1
EXPLOITATION;-1
EXPLOITATIONS;-1
EXPLOITEUR;-1
EXPLOITÉES;-1
EXPLOITANT;-1
EXPLOITS;-1
EXPOSER;-1
EXPOSÉS;-1
EXPOSE LES;-1
EXPOSANT;-1
EXPROPRIER;-1
EXPROPRIÉ;-1
EXPROPRIE;-1
EXPROPRIANTE;-1
EXPROPRIATION;-1
EXPROPRIATIONS;-1
EXPULSION;-1
EXPULSIONS;-1
ATTÉNUANTES;-1
EN CAS D’ÉCHEC;-1
A ÉCHOUÉ;-1
FAUTE DE;-1
DÉFAILLANCES;-1
ÉCHOUE;-1
ÉCHEC;-1
ÉCHECS;-1
FALLOUT;-1
ONWAAR;-1
FAUSSEMENT;-1
FALSIFICATION;-1
FALSIFICATIONS;-1
FALSIFIÉS;-1
FALSIFIE;-1
FALSIFIER;-1
LA FALSIFICATION;-1
FAUSSETÉ;-1
ACCIDENTS MORTELS;-1
ACCIDENT MORTEL;-1
MORTELLEMENT;-1
FAUTE;-1
DÉFAILLANTE;-1
FAILLES;-1
DÉFECTUEUX;-1
PEUR;-1
CRAINTES;-1
CRIMES;-1
GUET-APENS;-1
FELONY;-1
FICTIVE;-1
CONDAMNÉ À UNE AMENDE;-1
AMENDES;-1
TIRÉ;-1
MISE À FEU;-1
RECHERCHE DE DÉFAUTS;-1
VICIÉE;-1
DÉFAUTS;-1
NE PLAISE;-1
INTERDIT;-1
INTERDISANT;-1
INTERDIT;-1
FORCE;-1
FORCÉ;-1
FORÇAGE;-1
FORCLUSION;-1
FORCLOS;-1
EMPÊCHE;-1
FORCLUSION;-1
FORCLUSION;-1
FORCLUSIONS;-1
RENONCER À;-1
RENONCE À;-1
SACRIFIÉES;-1
PRÉVENIR;-1
PRÉVENUS;-1
À PRÉVENIR;-1
PRÉVIENT;-1
FORFAIT;-1
CONFISQUÉS;-1
PERDRE;-1
GAGES;-1
CONFISCATION;-1
CONFISCATIONS;-1
FAUSSAIRES;-1
FAUX;-1
FRAUDE;-1
FRAUDES;-1
FRAUDULEUX;-1
FRAUDULEUX;-1
FRAUDULEUSEMENT;-1
FRIVOLE;-1
FRIVOLE;-1
FRUSTRER;-1
FRUSTRÉ;-1
FRUSTRE;-1
FRUSTRANT;-1
DÉSESPÉRÉMENT;-1
FRUSTRATION;-1
FRUSTRATIONS;-1
ÉMISSIONS FUGITIVES;-1
FUGITIFS;-1
GRATUIT;-1
GRATUITEMENT;-1
GRIEF;-1
GRIEFS;-1
GROSSIÈREMENT;-1
SANS FONDEMENT;-1
COUPABLE;-1
HALT;-1
STOPPÉ;-1
PANIER;-1
ENTRAVÉE;-1
QUI ENTRAVENT;-1
PANIERS À LINGE;-1
HARCELER;-1
HARCELÉS;-1
HARCELER;-1
HARCÈLEMENT;-1
DIFFICULTÉS;-1
DIFFICULTÉS;-1
DOMMAGE;-1
NUI;-1
NUISIBLE;-1
NUISIBLE;-1
NUIRE À;-1
HARMS;-1
DURES;-1
PLUS SÉVÈRES;-1
PLUS RUDES;-1
DUREMENT;-1
RUDESSE;-1
RISQUE;-1
DANGEREUSES;-1
DANGERS;-1
ENTRAVENT;-1
ENTRAVÉE;-1
QUI ENTRAVENT;-1
GÊNE;-1
OBSTACLE;-1
ENTRAVES;-1
HOSTILE;-1
HOSTILITÉ;-1
FAIT MAL;-1
BLESSER;-1
IDLE;-1
RALENTI;-1
MARCHE AU RALENTI;-1
IGNORER;-1
IGNORÉS;-1
NE TIENT PAS COMPTE;-1
IGNORANT;-1
ILL;-1
ILLÉGALES;-1
ILLÉGALITÉS;-1
ILLÉGALITÉ;-1
ILLÉGALEMENT;-1
ILLISIBLE;-1
ILLICITES;-1
ILLICITEMENT;-1
ILLIQUIDES;-1
MANQUE DE LIQUIDITÉ;-1
DÉSÉQUILIBRE;-1
DÉSÉQUILIBRES;-1
IMMATURES;-1
IMMORAL;-1
PORTER ATTEINTE À;-1
AVEC FACULTÉS AFFAIBLIES;-1
UNE ATTEINTE;-1
IMPAIRMENT;-1
DÉFICIENCES;-1
ALTÈRE;-1
IMPASSE;-1
IMPASSES;-1
FONT OBSTACLE À;-1
ENTRAVÉE;-1
ENTRAVE;-1
OBSTACLE;-1
OBSTACLES;-1
QUI ENTRAVENT;-1
IMMINENTE;-1
IMPÉRATIF;-1
IMPERFECTION;-1
IMPERFECTIONS;-1
METTRE EN PÉRIL;-1
INADMISSIBLE;-1
IMPLIQUER;-1
MIS EN CAUSE;-1
IMPLIQUE;-1
IMPLIQUANT;-1
IMPOSSIBILITÉ;-1
IMPOSSIBLE;-1
MISE EN FOURRIÈRE;-1
MIS EN FOURRIÈRE;-1
MISE EN FOURRIÈRE;-1
FOURRIÈRE;-1
IMPRATICABLE;-1
PEU PRATIQUE;-1
RÉALISME;-1
IMPRATICABILITÉ;-1
EMPRISONNEMENT;-1
UNE MAUVAISE;-1
INCORRECTEMENT;-1
IRRÉGULARITÉS;-1
INCONVENANCE;-1
IMPRUDENT;-1
IMPRUDEMMENT;-1
INCAPACITÉ;-1
INACCESSIBLE;-1
INEXACTITUDES;-1
INEXACTITUDE;-1
INEXACTES;-1
INCORRECTEMENT;-1
INACTION;-1
INACTION;-1
INACTIVER;-1
INACTIVÉ;-1
INACTIVE;-1
INACTIVER;-1
INACTIVATION;-1
INACTIVATIONS;-1
INACTIVITÉ;-1
INSUFFISANCES;-1
INSUFFISANCE;-1
INADÉQUATE;-1
INSUFFISAMMENT;-1
PAR INADVERTANCE;-1
PAR INADVERTANCE;-1
ARGUMENTS CONTRE;-1
DÉCONSEILLÉ;-1
INAPPROPRIÉ;-1
FAÇON INAPPROPRIÉE;-1
INATTENTION;-1
INCAPABLE;-1
FRAPPÉ D’INCAPACITÉ;-1
INCAPACITÉ;-1
INCARCÉRER;-1
INCARCÉRÉ;-1
PEUT RECEVOIR;-1
INCARCÉRER;-1
INCARCÉRATION;-1
INCARCÉRATIONS;-1
INCIDENCE;-1
INCIDENCE;-1
INCIDENT;-1
INCIDENTS;-1
INCOMPATIBILITÉS;-1
INCOMPATIBILITÉ;-1
INCOMPATIBLE;-1
INCOMPÉTENCE;-1
INCOMPÉTENCE;-1
INCOMPÉTENT;-1
INCOMPÉTENCE;-1
INCOMPÉTENTS;-1
INCOMPLÈTES;-1
INCOMPLÈTEMENT;-1
INCOMPLÉTUDE;-1
NON CONCLUANTES;-1
INCOHÉRENCES;-1
INCOHÉRENCE;-1
INCOMPATIBLE;-1
MANIÈRE INCOHÉRENTE;-1
INCONVÉNIENTS;-1
INCONVÉNIENTS;-1
QUI DÉRANGE;-1
INCORRECTE;-1
INCORRECTEMENT;-1
INEXACTITUDE;-1
INDÉCENCE;-1
INDÉCENT;-1
IMPRESCRIPTIBLES;-1
IRRÉVOCABLEMENT;-1
METTRE EN ACCUSATION;-1
CRIMINEL;-1
MIS EN ACCUSATION;-1
INCULPER;-1
ACTE D’ACCUSATION;-1
ACTES D’ACCUSATION;-1
INEFFICACE;-1
INEFFICACEMENT;-1
INEFFICACITÉ;-1
INEFFICACITÉS;-1
INEFFICACITÉ;-1
INEFFICACE;-1
INEFFICACEMENT;-1
INADMISSIBILITÉ;-1
NON ADMISSIBLES;-1
INÉQUITABLE;-1
INÉQUITABLE;-1
INÉGALITÉS;-1
INÉGALITÉ;-1
INÉVITABLE;-1
MANQUE D’EXPÉRIENCE;-1
INEXPÉRIMENTÉS;-1
INFÉRIEURE;-1
INFLIGÉ;-1
INFRACTION;-1
INFRACTIONS;-1
PORTER ATTEINTE;-1
VIOLÉ;-1
CONTREFAÇON;-1
INFRACTIONS;-1
VIOLE;-1
PORTANT ATTEINTE À;-1
INHIBÉ;-1
HOSTILE;-1
INJONCTION;-1
INJONCTIONS;-1
BLESSER;-1
BLESSÉ;-1
BLESSE;-1
BLESSURES;-1
BLESSANT;-1
PRÉJUDICIABLES;-1
BLESSURES;-1
DÉMESURÉ;-1
EXCESSIVEMENT;-1
ENQUÊTE;-1
INSÉCURITÉ;-1
INSENSIBLE;-1
DOSSIERS D’INSOLVABILITÉ;-1
INSOLVABILITÉ;-1
INSOLVABLE;-1
INSTABILITÉ;-1
INSUBORDINATION;-1
INSUFFISANCE;-1
INSUFFISANT;-1
INSUFFISAMMENT;-1
INSURRECTION;-1
INSURRECTIONS;-1
INTENTIONNEL;-1
S’IMMISCER;-1
NUI;-1
INTERFÉRENCE;-1
INTERFÉRENCES;-1
INTERFÈRE;-1
INTERFÉRANT;-1
INTERMITTENT;-1
PAR INTERMITTENCE;-1
INTERRUPT;-1
INTERROMPU;-1
INTERRUPTION DE LA;-1
INTERRUPTION;-1
INTERRUPTIONS;-1
INTERRUPTIONS;-1
INTIMIDATION;-1
INTRUSION;-1
Non valide;-1
INVALIDER;-1
INVALIDÉ;-1
INVALIDE;-1
INVALIDANT;-1
INVALIDATION;-1
INVALIDITÉ;-1
ENQUÊTER SUR;-1
OBJET D’UNE ENQUÊTE;-1
ENQUÊTE SUR LES;-1
ENQUÊTE SUR;-1
ENQUÊTE;-1
ENQUÊTES;-1
INVOLONTAIREMENT;-1
INVOLONTAIRES;-1
IRRÉCONCILIABLE;-1
IRRÉMÉDIABLEMENT;-1
IRRÉCUPÉRABLES;-1
IRRÉMÉDIABLEMENT;-1
IRRÉGULIÈRE;-1
IRRÉGULARITÉS;-1
IRRÉGULARITÉ;-1
IRRÉGULIÈREMENT;-1
IRRÉPARABLE;-1
IRRÉMÉDIABLEMENT;-1
IRRÉVERSIBLES;-1
METTRE EN DANGER;-1
MISE EN PÉRIL;-1
JUSTIFIABLE;-1
CHOC EN RETOUR;-1
COMMISSIONS OCCULTES;-1
SCIEMMENT;-1
MANQUE;-1
N’AVAIT PAS;-1
MANQUE;-1
TERNE;-1
N’A PAS;-1
LAG;-1
DÉCALÉ;-1
À LA TRAÎNE;-1
GAL;-1
DÉCHÉANCE;-1
PÉRIMÉ;-1
EST CADUQUE;-1
DÉCHÉANCE;-1
VERS LA FIN;-1
BLANCHIMENT D’ARGENT;-1
MISE À PIED;-1
MISES À PIED;-1
MENSONGE;-1
LIMITATION;-1
LIMITES;-1
S’ATTARDANT;-1
LIQUIDER;-1
MISE EN LIQUIDATION;-1
LIQUIDER;-1
LA LIQUIDATION;-1
LIQUIDATION;-1
LIQUIDATIONS;-1
LIQUIDATEUR;-1
LIQUIDATEURS;-1
PLAIDEUR;-1
PLAIDEURS;-1
ESTER EN JUSTICE;-1
PLAIDÉE;-1
PLAIDE;-1
EN LITIGE;-1
CONTENTIEUX DES AFFAIRES;-1
LITIGES;-1
LOCK-OUT;-1
LOCK-OUTS;-1
PERDRE;-1
PERD;-1
PERDRE;-1
PERTE;-1
PERTES;-1
PERDU;-1
COUCHÉ;-1
MALVERSATIONS;-1
MAUVAIS FONCTIONNEMENT;-1
DÛ À UN DYSFONCTIONNEMENT;-1
UN MAUVAIS FONCTIONNEMENT;-1
DYSFONCTIONNEMENTS;-1
MALICE;-1
MALVEILLANTS;-1
AVEC MALVEILLANCE;-1
FAUTE PROFESSIONNELLE;-1
MANIPULER LES;-1
MANIPULÉ;-1
MANIPULE;-1
MANIPULATION DES;-1
MANIPULATION;-1
MANIPULATIONS;-1
MANIPULATRICE;-1
MARKDOWN;-1
DÉMARQUES;-1
MAUVAISE APPLICATION;-1
PERSUADENT;-1
MAL APPLIQUÉ;-1
DÉTOURNE;-1
MAL APPLIQUÉ;-1
APPLIQUANT;-1
DÉTOURNER;-1
DÉTOURNÉ;-1
DÉTOURNE;-1
DÉTOURNEMENT DE;-1
APPROPRIATION ILLICITE;-1
DÉTOURNEMENTS;-1
MAL ÉTIQUETÉS;-1
FAIRE UN CALCUL ERRONÉ;-1
MAL CALCULÉ;-1
MISCALCULATES;-1
CALCUL INEXACT;-1
ERREUR DE CALCUL;-1
ERREURS DE CALCUL;-1
FAUSSE;-1
MÉFAIT;-1
ERREURS DE CLASSIFICATION;-1
ERREURS DE CLASSIFICATION;-1
MAL CLASSÉS;-1
ENTRAÎNE;-1
MAUVAISE COMMUNICATION;-1
FAUTE;-1
NOUVELLE;-1
MISDEMEANOR;-1
DÉLITS;-1
DONNÉ DES DIRECTIVES ERRONÉES;-1
INCORRECTEMENT;-1
MAUVAISE MANIPULATION;-1
IMPROPREMENT;-1
UNE MAUVAISE MANIPULATION;-1
DÉSINFORMER;-1
DÉSINFORMATION;-1
MAL INFORMÉS;-1
DÉSINFORMER;-1
DÉSINFORMENT;-1
MAL INTERPRÉTER;-1
INTERPRÉTATION ERRONÉE;-1
INTERPRÉTATIONS ERRONÉES;-1
MAL INTERPRÉTÉ;-1
UNE MAUVAISE INTERPRÉTATION;-1
DÉNATURE;-1
MÉCONNAÎTRE;-1
MAL JUGÉ;-1
MÉCONNAÎT;-1
SOUS-ESTIMANT;-1
ERREUR DE JUGEMENT;-1
ERREURS DE JUGEMENT;-1
MÉCONNAÎTRE;-1
MAL ÉTIQUETÉS;-1
UN ÉTIQUETAGE ERRONÉ;-1
MAL ÉTIQUETÉS;-1
MISLABELS;-1
INDUIRE EN ERREUR;-1
INDUIRE EN ERREUR;-1
TROMPEUSEMENT;-1
INDUIT EN ERREUR;-1
INDUIT EN ERREUR;-1
MAL GÉRER;-1
MAL GÉRÉES;-1
MAUVAISE GESTION;-1
GÈRE;-1
MAUVAISE GESTION DE;-1
INCOMPATIBILITÉ DE;-1
CORRESPONDENT PAS;-1
DES INCOMPATIBILITÉS;-1
DÉSADAPTATION;-1
ÉGARÉ;-1
MISPRICE;-1
MAUVAISE ÉVALUATION;-1
MISPRICINGS;-1
PRÉSENTER DE MANIÈRE INEXACTE;-1
FAUSSE DÉCLARATION;-1
FAUSSES DÉCLARATIONS;-1
DÉFORMÉ;-1
DÉFORMER;-1
DONNE UNE IDÉE FAUSSE;-1
MISS;-1
MANQUÉ;-1
JEUNE :;-1
MISSTATE;-1
ERRONÉS;-1
DÉCLARATION INEXACTE;-1
DÉCLARATIONS INEXACTES;-1
DÉFORME;-1
MAL FORMULÉ;-1
FAUX PAS;-1
FAUX-PAS;-1
ERREUR;-1
CONFONDU AVEC;-1
PAR ERREUR;-1
ERREURS;-1
SE MÉPRENANT SUR;-1
ANNULATION DU PROCÈS;-1
PROCÈS;-1
SE MÉPRENDRE;-1
MALENTENDU;-1
MALENTENDUS;-1
MAL COMPRIS;-1
MAUVAISE UTILISATION;-1
UTILISÉES À MAUVAIS ESCIENT;-1
UTILISATION NON CONFORME;-1
ABUSANT DE;-1
MONOPOLISTIQUE;-1
MONOPOLISTES;-1
MONOPOLISATION;-1
MONOPOLISER;-1
MONOPOLISÉ;-1
MONOPOLISE;-1
MONOPOLISER;-1
MONOPOLE;-1
MORATOIRES;-1
MORATOIRE;-1
MORATOIRES;-1
MISE AU RANCART;-1
MISE SOUS COCON;-1
NÉGATIF;-1
NÉGATIVEMENT;-1
NÉGATIFS;-1
NÉGLIGENCE;-1
NÉGLIGÉ;-1
NÉGLIGENTS;-1
NÉGLIGEANT;-1
NÉGLIGE;-1
NÉGLIGENCE;-1
NÉGLIGENCES;-1
FAIT PREUVE DE NÉGLIGENCE;-1
PAR NÉGLIGENCE;-1
NON-CONFORMITÉ;-1
NON COMPÉTITIVE;-1
CAS DE NON-CONFORMITÉ;-1
TOUTE NON-CONFORMITÉ;-1
NON CONFORMES;-1
INDU;-1
NON CONFORME;-1
NON-CONFORMITÉS;-1
NON-CONFORMITÉ;-1
NON-DIVULGATION;-1
NE FONCTIONNE PAS;-1
DÉFAUT DE PAIEMENT;-1
PROPOSÉE;-1
NON-EXÉCUTION;-1
NONPERFORMANCES;-1
IMPRODUCTIFS;-1
TRANSCRIPTIBLE;-1
NON-PRODUCTION;-1
NON RÉCUPÉRABLE;-1
NON-RENOUVELLEMENT;-1
NUISANCE;-1
NUISANCES;-1
ANNULATION PAR LE;-1
ANNULATIONS;-1
RÉDUIT À NÉANT;-1
ANNULE;-1
RÉDUIRE À NÉANT;-1
DÉTRUIRE;-1
S’EST OPPOSÉE;-1
S’OPPOSANT;-1
OBJECTION DE CONSCIENCE;-1
RÉPRÉHENSIBLE;-1
PARODIQUE;-1
OBJECTIONS;-1
OBSCÈNE;-1
OBSCÉNITÉ;-1
OBSOLESCENCE;-1
OBSOLÈTES;-1
OBSTACLE;-1
OBSTACLES;-1
OBSTRUER;-1
OBSTRUÉE;-1
ENTRAVE À LA;-1
OBSTRUCTION;-1
OBSTRUCTIONS;-1
INFRACTION;-1
INFRACTIONS;-1
OFFENSER;-1
OFFENSÉ;-1
AUTEUR DE L’INFRACTION;-1
DÉLINQUANTS;-1
LA FAUTIVE;-1
COMMET UNE INFRACTION AU;-1
OMISSION;-1
OMISSIONS;-1
OMETTRE LES;-1
OMET;-1
OMIS;-1
L’OMISSION;-1
ONÉREUSES;-1
OPPORTUNISTE;-1
OPPORTUNISTE;-1
S’OPPOSER À;-1
S’OPPOSE À;-1
S’OPPOSE À;-1
S’OPPOSER À;-1
OPPOSITION;-1
OPPOSITIONS;-1
PANNE DE COURANT;-1
PANNES;-1
DÉMODÉ;-1
DÉMODÉE;-1
SURTITRAGE;-1
EXCÉDENTS;-1
CONSTRUIRE;-1
SURCONSTRUCTION;-1
OVERBUILDS;-1
RELOCALISER;-1
MORT-TERRAIN;-1
SURENDETTÉ;-1
SURCHARGER LES;-1
SURCAPACITÉS;-1
SURCAPACITÉ;-1
SURCHARGE;-1
SURFACTURÉ;-1
SURFACTURATIONS;-1
UNE SURCHARGE;-1
SURMONTER LES;-1
SURMONTE;-1
SURMONTER LES;-1
EN RETARD;-1
SURESTIMATION;-1
SURESTIMÉ;-1
SURESTIME;-1
SURESTIMANT;-1
SURESTIMATION;-1
SURESTIMATIONS;-1
SURCHARGE;-1
SURCHARGÉ;-1
UNE SURCHARGE;-1
SURCHARGES;-1
OVERLOOK;-1
NÉGLIGÉ;-1
DONNANT SUR;-1
DONNE SUR;-1
EN TROP;-1
PAIEMENT EXCÉDENTAIRE;-1
TROP-PAYÉS;-1
SURPRODUCTION;-1
SURPRODUIT;-1
SURPRODUCTION;-1
SURPRODUCTION;-1
SATURATION DE LA;-1
ROUE LIBRE;-1
DÉPASSEMENTS DE;-1
ÉCLIPSER;-1
DANS L’OMBRE;-1
ÉCLIPSANT;-1
ÉCLIPSE;-1
EXAGÉRER;-1
SURÉVALUÉ;-1
SURESTIMATION;-1
EXAGÉRATIONS;-1
EXAGÈRE;-1
EXAGÉRER;-1
SATURÉ;-1
VOLUMINEUX;-1
EXCÉDENT DE L’OFFRE;-1
SURPLUS;-1
OUVERTEMENT;-1
POINT DE RETOURNEMENT;-1
A INFIRMÉ;-1
PAR UN RETOURNEMENT;-1
EN CAS DE RENVERSEMENT;-1
SURÉVALUER;-1
SURÉVALUÉ;-1
SURÉVALUATION;-1
PANIQUE;-1
PANIQUES;-1
PÉNALISER LES;-1
PÉNALISÉS;-1
PÉNALISE;-1
PÉNALISANT;-1
PÉNALITÉS;-1
PEINE DE;-1
RISQUES ET PÉRILS;-1
PÉRILS;-1
PARJURE;-1
PERPÉTRER;-1
PERPÉTRÉES;-1
COMMET;-1
PERPÉTRER;-1
PERPÉTRATION;-1
PERSISTENT;-1
A PERSISTÉ;-1
PERSISTANCE;-1
PERSISTANTS;-1
AVEC PERSISTANCE;-1
PERSISTANT;-1
PERSISTE;-1
PERVASIVE;-1
OMNIPRÉSENTE;-1
OMNIPRÉSENCE;-1
PETITE;-1
PIQUET;-1
PIQUETAGE;-1
PIQUETAGE;-1
DEMANDEUR;-1
DEMANDEURS;-1
PLAIDOYER DE CULPABILITÉ;-1
PLAIDER;-1
A PLAIDÉ;-1
PLAIDANT;-1
ACTES DE PROCÉDURE;-1
PLAIDE;-1
PLAIDS;-1
A PLAIDÉ;-1
PAUVRE;-1
MAL;-1
POSES;-1
POSANT;-1
REPORTER;-1
REPORTÉ;-1
REPORT;-1
AJOURNEMENTS;-1
REPORTE;-1
REPORT DE;-1
PRÉCIPITÉ;-1
ABRUPT;-1
ABRUPTEMENT;-1
S’OPPOSENT;-1
EXCLUE;-1
S’OPPOSE À;-1
EXCLUANT L';-1
PRÉDATEUR;-1
PRÉJUDICE;-1
CAUSÉ UN PRÉJUDICE;-1
PRÉJUGÉS;-1
PRÉJUDICIABLE;-1
PORTER PRÉJUDICE;-1
PRÉMATURÉ;-1
PRÉMATURÉMENT;-1
EN APPUYANT SUR;-1
PRÉVENTIVE;-1
PRÉVENTION;-1
PRÉVENTION;-1
EMPÊCHE;-1
PROBLÈME;-1
PROBLÉMATIQUE;-1
PROBLÉMATIQUES;-1
PROBLÈMES;-1
PROLONGER;-1
PROLONGATION;-1
PROLONGATIONS;-1
PROLONGÉE;-1
PROLONGER LA;-1
PROLONGE;-1
SUJETTES;-1
INTENTER DES POURSUITES;-1
L’OBJET DE POURSUITES;-1
ENGAGE LES POURSUITES;-1
POURSUIVRE;-1
POURSUITE;-1
POURSUITES;-1
PROTESTATION;-1
A PROTESTÉ;-1
MANIFESTANT;-1
MANIFESTANTS;-1
POUR PROTESTER CONTRE;-1
PROTESTATAIRE;-1
MANIFESTANTS;-1
PROTESTATIONS;-1
LONGUE DURÉE;-1
PROTRACTION;-1
PROVOQUER;-1
A PROVOQUÉ;-1
PROVOQUE;-1
PROVOQUANT;-1
PUNIS;-1
PUNIT;-1
PUNIR;-1
PUNITION;-1
PUNITIONS;-1
PUNITIVE;-1
PRÉTENDENT;-1
PRÉTENDU;-1
PRÉTENDUMENT;-1
PRÉTENDANT;-1
SE PRÉSENTE COMME;-1
QUESTION;-1
DISCUTABLE;-1
DOUTEUSE;-1
REMISE EN QUESTION;-1
QUESTIONNEMENT;-1
QUESTIONS;-1
CESSER DE FUMER;-1
ARRÊTER DE FUMER;-1
RACKETEER;-1
RACKET;-1
RATIONALISATION;-1
RATIONALISATIONS;-1
RATIONALISER;-1
RATIONALISÉ;-1
RATIONALISE;-1
RATIONALISER LES;-1
NOUVELLE COTISATION;-1
NOUVELLES COTISATIONS;-1
RÉASSIGNER;-1
RÉAFFECTÉ;-1
LA RÉAFFECTATION;-1
RÉAFFECTATION;-1
RÉAFFECTATIONS;-1
RÉAFFECTE;-1
RAPPEL;-1
A RAPPELÉ;-1
RAPPELANT;-1
RAPPELLE;-1
RÉCESSION;-1
RÉCESSION;-1
RÉCESSIONS;-1
TÉMÉRAIRE;-1
PAR IMPRUDENCE;-1
INSOUCIANCE;-1
EXPURGER;-1
EXPURGÉE;-1
BIFFURE;-1
BIFFURE;-1
REDACTIONS;-1
REDEFAULT;-1
REDEFAULTED;-1
REDEFAULTS;-1
RÉPARATION;-1
REMÉDIÉ;-1
RETABLIT;-1
REDRESSER LES;-1
REFUS;-1
REFUS;-1
REFUSER;-1
A REFUSÉ;-1
REFUSE;-1
REFUSANT;-1
REJETER;-1
A REJETÉ;-1
REJETANT;-1
REJET;-1
REJETS;-1
REJETTE;-1
RENONCER À;-1
A RENONCÉ À;-1
RENONCE À LA;-1
RENONÇANT À;-1
ABANDON;-1
RENONCIATIONS;-1
RÉTICENCE;-1
RÉTICENTS;-1
RENÉGOCIER;-1
RENÉGOCIÉ;-1
RENÉGOCIE;-1
LA RENÉGOCIATION;-1
RENÉGOCIATION;-1
RENÉGOCIATIONS;-1
RENONCER À;-1
RENONCÉ À;-1
RENONCIATION À;-1
RENONCEMENTS;-1
RENONCE À;-1
RENONÇANT À;-1
RÉPARATION;-1
RÉPARATIONS;-1
REPRISE DE POSSESSION;-1
REPREND;-1
REPRISE DE POSSESSION;-1
REPRISE DE POSSESSION;-1
SAISIES IMMOBILIÈRES;-1
RÉPUDIER;-1
RÉPUDIÉ;-1
RÉPUDIE;-1
RÉPUDIANT;-1
RÉPUDIATION;-1
RÉPUDIATIONS;-1
DÉMISSIONNER;-1
DÉMISSION;-1
DÉMISSIONS;-1
A DÉMISSIONNÉ;-1
SA DÉMISSION;-1
DÉMISSIONNE;-1
RESTATE;-1
REFORMULÉ;-1
RETRAITEMENT;-1
RETRAITEMENTS;-1
REFORMULE;-1
REFORMULANT;-1
RESTRUCTURATION DE LA;-1
RESTRUCTURÉ;-1
RESTRUCTURE;-1
LA RESTRUCTURATION;-1
RESTRUCTURATIONS;-1
RIPOSTER;-1
A RIPOSTÉ;-1
SE VENGE;-1
REPRÉSAILLES;-1
REPRÉSAILLES;-1
REPRÉSAILLES;-1
REPRÉSAILLES;-1
RETRIBUTION;-1
HÂTIMENTS;-1
RÉVOCATION;-1
RÉVOCATIONS;-1
REVOKE;-1
RÉVOQUÉ;-1
RÉVOQUE;-1
RÉVOCATION DE;-1
RIDICULISER;-1
RIDICULISÉ;-1
RIDICULISE;-1
RIDICULISANT;-1
PLUS RISQUÉS;-1
LES PLUS RISQUÉS;-1
RISQUÉ;-1
SABOTAGE;-1
SACRIFICE;-1
SACRIFIÉ;-1
SACRIFICES;-1
SACRIFICIEL;-1
SACRIFIER;-1
SCANDALEUSE;-1
SCANDALES;-1
EXAMINER ATTENTIVEMENT;-1
SCRUTÉ;-1
SCRUTE;-1
SCRUTANT;-1
EXAMEN;-1
SECRET;-1
SAISIR;-1
SAISIS;-1
S’EMPARE;-1
S’EMPARANT;-1
CONDAMNÉ;-1
DÉTERMINATION DE LA PEINE;-1
SÉRIEUX;-1
AU SÉRIEUX;-1
GRAVITÉ;-1
REVERS;-1
REVERS;-1
SEVER;-1
SÉVÈRE;-1
SECTIONNÉE;-1
SÉVÈREMENT;-1
SÉVÉRITÉS;-1
GRAVITÉ;-1
FORTEMENT;-1
CHOQUÉ;-1
PÉNURIE DE;-1
PÉNURIES;-1
MANQUE À GAGNER;-1
MANQUES À GAGNER;-1
RÉTRÉCISSEMENT;-1
TOUTE;-1
FERMER;-1
SHUTDOWN;-1
FERMETURES;-1
S’ARRÊTE;-1
FERMETURE;-1
CALOMNIE;-1
CALOMNIÉ;-1
CALOMNIEUSES;-1
CALOMNIES;-1
GLISSEMENT;-1
DÉRAPAGES;-1
LENTE;-1
RALENTISSEMENT;-1
RALENTISSEMENTS;-1
RALENTI;-1
PLUS LENT;-1
PLUS LENT;-1
RALENTISSANT;-1
LENTEMENT;-1
LENTEUR;-1
ATONE;-1
TRÈS LENTEMENT;-1
LENTEUR;-1
SOLVENCIES;-1
SOLVABILITÉ;-1
SPAM;-1
SPAMMEURS;-1
LE SPAMMING;-1
SIDÉRANTS;-1
STAGNANTE;-1
STAGNER;-1
A STAGNÉ;-1
STAGNE;-1
EN STAGNATION;-1
STAGNATION;-1
STATU QUO;-1
MORATOIRES;-1
VOLÉ;-1
ARRÊT DE;-1
ARRÊTS DE;-1
ARRÊTÉ;-1
S’ARRÊTANT;-1
S’ARRÊTE;-1
SOUCHE;-1
TENDUES;-1
MIS À RUDE ÉPREUVE;-1
SOUCHES;-1
STRESS;-1
A SOULIGNÉ;-1
CONTRAINTES;-1
STRESSANT;-1
METTANT L’ACCENT SUR;-1
STRICTES;-1
L’OBJET;-1
SOUMETTANT;-1
ASSUJETTISSEMENT TROP LONG;-1
CITATION À COMPARAÎTRE;-1
CITÉ À COMPARAÎTRE;-1
ASSIGNATIONS À COMPARAÎTRE;-1
NON CONFORMES AUX NORMES;-1
SUE;-1
POURSUIVI EN JUSTICE;-1
SUES;-1
SOUFFRIR;-1
A SUBI;-1
SOUFFRANT;-1
SOUFFRE;-1
ENGAGER DES POURSUITES CONTRE;-1
CONVOQUÉ;-1
CONVOQUANT;-1
CITATION;-1
CONVOCATIONS;-1
SUSCEPTIBILITÉ;-1
SENSIBLES;-1
SUSPECT;-1
SOUPÇONNÉS;-1
SUSPECTS;-1
SUSPENDRE;-1
SUSPENDU;-1
SUSPENDANT;-1
SUSPEND;-1
SUSPENSION;-1
SUSPENSIONS;-1
SOUPÇONS;-1
SOUPÇONS;-1
SUSPECTES;-1
AVEC MÉFIANCE;-1
SOUILLURE;-1
ENTACHÉE;-1
ALTÉRATION DE LA CHAIR;-1
TARES;-1
ALTÉRÉ;-1
VERBE;-1
METTRE FIN À;-1
RÉSILIÉ;-1
SE TERMINE;-1
CLÔTURANT;-1
CESSATION D’EMPLOI;-1
TERMINAISONS;-1
TÉMOIGNER;-1
SON TÉMOIGNAGE;-1
MENACE;-1
MENACER;-1
MENACÉ;-1
EN DANGER;-1
MENACE;-1
MENACES;-1
DE SERRAGE;-1
TOLÉRER;-1
TOLÉRÉ;-1
TOLÈRE;-1
TOLÉRER LES;-1
TOLÉRANCE;-1
TORTUEUX;-1
TORTUEUSE;-1
TRAGÉDIES;-1
TRAGÉDIE;-1
TRAGIQUE;-1
TRAGIQUEMENT;-1
TRAUMATIQUE;-1
TROUBLE;-1
TROUBLÉ;-1
TROUBLES;-1
TURBULENCE;-1
TOURMENTE;-1
IMPOSSIBLE;-1
Inacceptable;-1
BEAUCOUP TROP;-1
PORTÉES DISPARUES;-1
SANS PRÉAVIS;-1
IMPRÉVUS;-1
NON HOMOLOGUÉS;-1
SANS ATTRAIT;-1
NON AUTORISÉ;-1
INDISPONIBILITÉ;-1
NON DISPONIBLE;-1
INÉVITABLE;-1
INÉVITABLEMENT;-1
PAS AU COURANT;-1
IRRÉCOUVRABLE;-1
NON PERÇUS;-1
IRRÉCOUVRABILITÉ;-1
CRÉANCES IRRÉCOUVRABLES;-1
CRÉANCES IRRÉCOUVRABLES;-1
NON COMPÉTITIVE;-1
INACHEVÉ;-1
INIQUE;-1
EXCESSIVEMENT;-1
INCONTRÔLABLE;-1
INCONTRÔLABLE;-1
NON CONTRÔLÉ;-1
NON CORRIGÉE;-1
DÉCOUVRIR;-1
NON COUVERT;-1
DÉCOUVRANT;-1
DÉVOILE;-1
NON LIVRABLE;-1
NON-LIVRAISON;-1
SOUS-CAPITALISÉES;-1
CONTRE-DÉPOUILLE;-1
EST INFÉRIEURE À;-1
SOUS-COTATION;-1
SOUS-ESTIMER;-1
SOUS-ESTIMÉ;-1
SOUS-ESTIME;-1
SOUS-ESTIMANT;-1
SOUS-ESTIMATION;-1
SOUS-FINANCÉ;-1
SOUS-ASSURÉS;-1
MINER;-1
SAPÉ;-1
SAPE;-1
SAPER;-1
SOUS-PAYÉS;-1
PAIEMENT INSUFFISANT;-1
DÉFICITAIRES;-1
VERSE;-1
ENREGISTRÉ DES RÉSULTATS INFÉRIEURS;-1
SOUS-PERFORMANCE;-1
A SOUS-PERFORMÉ;-1
LAISSE À DÉSIRER;-1
SOUS-PERFORME;-1
UNDERPRODUCED;-1
SOUS-PRODUCTION;-1
LA SOUS-DÉCLARATION;-1
SOUS-ESTIMER;-1
SOUS-ESTIMÉ;-1
LITOTE;-1
LITOTE;-1
SOUS-ESTIME;-1
SOUS-ESTIMER;-1
SOUS-UTILISATION;-1
SOUS-UTILISÉES;-1
INDÉSIRABLES;-1
CONSIDÉRÉE COMME INDÉSIRABLE;-1
NON DÉTECTÉ;-1
INDÉTERMINÉ;-1
NE PAS DIVULGUER;-1
SANS-PAPIERS;-1
INDU;-1
INDÛMENT;-1
PAS RENTABLE;-1
PAS RENTABLE;-1
NE;-1
CHÔMEURS;-1
CHÔMAGE;-1
CONTRAIRE À L’ÉTHIQUE;-1
CONTRAIREMENT À L’ÉTHIQUE;-1
SANS EXCUSE VALABLE;-1
INATTENDUE;-1
FERMER DE FAÇON INATTENDUE;-1
DÉLOYALE;-1
INJUSTEMENT;-1
UNFAVORABILITY;-1
DÉFAVORABLE;-1
DÉFAVORABLEMENT;-1
DÉFAVORABLE;-1
INFAISABLE;-1
IMPROPRES;-1
INAPTITUDE;-1
IMPRÉVISIBLES;-1
IMPRÉVUES;-1
IMPRÉVU;-1
MALHEUREUX;-1
MALHEUREUSEMENT;-1
NON FONDÉES;-1
INAMICAL;-1
INASSOUVI;-1
NON CAPITALISÉ;-1
NON ASSURÉS;-1
INVOLONTAIRES;-1
NON INTENTIONNELLES;-1
SANS LE VOULOIR;-1
INJUSTE;-1
INJUSTIFIABLE;-1
SANS JUSTIFICATION;-1
INJUSTIFIÉE;-1
INJUSTEMENT;-1
INCONNAISSANCE;-1
SANS LE SAVOIR;-1
ILLICITES;-1
ILLÉGALEMENT;-1
SANS LICENCE;-1
ENGAGEMENTS NON RÉGLÉS;-1
INVENDABLES;-1
NON-MARCHANDES;-1
NON FONDÉES;-1
INUTILEMENT;-1
INUTILES;-1
LES INUTILES;-1
IMPOSSIBLE D’OBTENIR;-1
INOCCUPÉS;-1
NON RÉMUNÉRÉ;-1
NON EXÉCUTÉE;-1
NON PLANIFIÉES;-1
IMPOPULAIRES;-1
IMPRÉVISIBILITÉ;-1
IMPRÉVISIBLE;-1
MANIÈRE IMPRÉVISIBLE;-1
IMPRÉVUE;-1
IMPRODUCTIFS;-1
NON RENTABILITÉ;-1
NON RENTABLES;-1
NON QUALIFIÉ;-1
IRRÉALISTE;-1
DÉRAISONNABLE;-1
CARACTÈRE DÉRAISONNABLE;-1
DÉRAISONNABLEMENT;-1
SAVOIR-JE;-1
IRRÉCUPÉRABLE;-1
NON RECOUVRÉE;-1
NON REMBOURSÉS;-1
PEU FIABLE;-1
INCHANGÉE;-1
INÉDIT;-1
EN SUSPENS;-1
TROUBLES;-1
NON SÉCURISÉ;-1
INVENDABLE;-1
INVENDABLES;-1
INSATISFAISANTE;-1
NON SATISFAITS;-1
PEU RECOMMANDABLES;-1
NON PROGRAMMÉE;-1
INVENDABLE;-1
INVENDUS;-1
BOITEUX;-1
NON STABILISÉE;-1
UNSTABLE;-1
NON FONDÉES;-1
INFRUCTUEUSE;-1
EN VAIN;-1
INAPTITUDE;-1
IMPROPRES;-1
INCORRECTEMENT;-1
INADAPTÉE;-1
PAS SÛR;-1
INSOUPÇONNÉE;-1
SANS MÉFIANCE;-1
INSOUTENABLE;-1
INTENABLE;-1
PRÉMATURÉE;-1
NON FIABLE;-1
MENSONGE;-1
MENSONGÈRES;-1
FAUSSE;-1
MENSONGE;-1
CONTREVÉRITÉS;-1
INUTILISABLE;-1
LES INDÉSIRABLES;-1
INJUSTIFIÉE;-1
IMPORTUNS;-1
PAS DISPOSÉ;-1
MANQUE DE VOLONTÉ;-1
BOULEVERSÉ;-1
URGENCE;-1
URGENT;-1
USURAIRES;-1
USURPER;-1
USURPÉ;-1
USURPANT;-1
USURPE;-1
USURE;-1
VANDALISME;-1
VERDICT;-1
VERDICTS;-1
A OPPOSÉ SON VETO;-1
VICTIMES;-1
VIOLENT;-1
VIOLÉ;-1
VIOLE;-1
VIOLANT;-1
VIOLATION;-1
VIOLATIONS;-1
VIOLANT;-1
VIOLATOR;-1
CONTREVENANTS;-1
VIOLENCE;-1
VIOLENTE;-1
VIOLEMMENT;-1
VICIER;-1
VICIÉ;-1
VICIE;-1
VICIANT LE;-1
VITIATION;-1
ANNULÉE;-1
MICTION;-1
VOLATILS;-1
VOLATILITÉ;-1
VULNÉRABILITÉS;-1
VULNÉRABILITÉ;-1
VULNÉRABLES;-1
VULNÉRABILITÉ;-1
METTRE EN GARDE;-1
A MIS EN GARDE;-1
MISE EN GARDE;-1
MISES EN GARDE;-1
MET EN GARDE;-1
GASPILLÉ;-1
GASPILLAGE;-1
GASPILLER;-1
FAIBLE;-1
AFFAIBLIR;-1
AFFAIBLI;-1
AFFAIBLISSEMENT;-1
AFFAIBLIT;-1
PLUS FAIBLE;-1
LES PLUS FAIBLES;-1
FAIBLEMENT;-1
FAIBLESSE;-1
FAIBLESSES;-1
VOLONTAIREMENT;-1
SOUCIS;-1
VOUS INQUIÉTEZ PAS;-1
S’INQUIÉTER;-1
PIRE;-1
S’AGGRAVER;-1
S’EST AGGRAVÉE;-1
UNE AGGRAVATION;-1
S’AGGRAVE;-1
PIRES;-1
SANS VALEUR;-1
MOINS-VALUE;-1
DÉPRÉCIATIONS;-1
PERTES ET PROFITS;-1
PERTES ET PROFITS;-1
MAL;-1
ACTES FAUTIFS;-1
ACTES RÉPRÉHENSIBLES;-1
FAIT ILLICITE;-1
INJUSTEMENT;-1
À TORT;-1
