words;polarity
avantageux;1
batifoler;1
bénigne;1
bien;1
bienheureux;1
capiteux;-1
chanceux;1
clément;1
comique;1
commode;1
communicatif;1
consolateur;1
conte;1
convenance;1
décontracter;1
délice;1
délicieux;1
divertir;1
duveteux;1
éclat;1
existence;1
faisable;1
favorable;1
ferveur;1
festin;1
festif;1
flatteur;1
folle de joie;1
fou de joie;1
fructueux;1
futé;-1
gazouillis;1
gemme;1
heureux;1
inventif;1
jovial;1
joyeusement;1
libidineux;1
lucratif;1
lumineux;1
luxueux;1
majesté;1
miséricordieux;1
nonchalamment;1
nonchalant;-1
officiant;1
opportun;1
pétillement;1
plein été;1
précieux;1
premier;1
préserver;1
printanier;1
productif;1
qui commencer;1
rayonnant;1
récréatif;1
régal;1
relâcher;1
remarquable;1
rémunérateur;1
reproducteur|reproductrice;1
resplendir;1
retraiter;1
réussir;1
rêveur;1
sain et sauf;1
sans entrave;1
satisfaire;1
savoureux;1
sélectionner;1
sensationnel;1
serein;1
somptueux;1
songeur;1
soyeux;1
spacieux;1
summum;1
terminer;1
tout puissant;1
vernir;1
victorieux;1
visiteur;1
youpi;1
à fleur;1
à foison;1
à le retraite;1
abonder;1
abondant;1
aboutir;1
absoudre;1
accéder;1
acclamation;1
accomplir;1
accueillir;1
achèvement;1
aisance;1
aisé;1
allégresse;1
aloha;1
alouette;1
amnistie;1
amoureux;1
amuser;1
amusant;1
amusement;1
animer;1
aoÃ»t;1
appétissant;1
argent recueillir;1
arôme;1
arriver à;1
as;1
assouvir;1
assouvissement;1
atmosphère;1
atterrir;1
au coin du feu;1
auguste;1
aura;1
avancer;1
avantager;1
avec un grand raffinement;1
bain;1
balade;1
ballade;1
ballon de basket;1
bande dessiner;1
banquet;1
baptismal;1
basket ball;1
béat;1
béatitude;1
beauté;1
bébé;1
bénéfice;1
bénéficier;1
bénéfique;1
bénin;1
berceuse;1
bien être;1
bienvenir;1
bière;1
bis;1
bise;1
blague;1
blaguer;1
blancheur;1
bonheur;1
bon volonté;1
cabane pour enfant;1
cabriole;1
calembour;1
calmement;1
canotage;1
caresse;1
caresser;1
carillon;1
carillonner;1
carrousel;1
célébrant;1
célébrer;1
centenaire;1
ceuillie;1
chaleureusement;1
chambre libre;1
champion champion;1
chansonnette;1
chanter en ch?ur;1
chatoiement;1
chic;1
choral;1
chouette;1
coin du feu;1
combler;1
commémoration;1
concert;1
condiment;1
confortable;1
congé;1
congratulateur;1
connaître de tout le monde;1
conquérir;1
considérable;1
considérablement;1
contemplation;1
contribuer;1
cool;1
couette;1
courtoisie;1
créatif;1
créer;1
cueillir;1
culminer;1
date;1
de baptême;1
de bon augure;1
de bon c?ur;1
de félicitation;1
de fête;1
de luxe;1
de manière exquis;1
de premier qualité;1
de rêve;1
de voyage;1
décontraction;1
découverte;1
délectable;1
délecter;1
diamant;1
diplôme;1
disponible;1
divertissant;1
donation;1
dorloter;1
doter;1
doucement;1
douceur;1
douillet;1
drôle;1
du gâteau;1
duo;1
eclaircir;1
éclaircir;1
économique;1
édredon;1
éjaculer;1
émancipation;1
embellir;1
en abondance;1
en bon santé;1
en douceur;1
en hausse;1
en plein forme;1
enchantement;1
encore exister;1
énergie;1
énergique;1
enfance;1
enfant;1
enlumineur;1
enrichir;1
ensoleillement;1
épanouir;1
éprendre;1
esthétique;1
esthétisme;1
estival;1
estivau;1
étalage;1
étinceler;1
étincelant;1
étoiler;1
être bénéfique;1
éveil;1
évoluer;1
expiation;1
exquis;1
extase;1
extraodianires;1
exubérance;1
exulter;1
fable;1
facilement;1
faciliter;1
faire de le luge;1
faire du planeur;1
faire du traîneau;1
faire plaisir;1
faire un bond;1
faisceau;1
fameusement;1
féerie;1
féliciter;1
feu de joie;1
fierté;1
fille;1
finalisation;1
flâneur;1
fleur;1
fleurir;1
flirter;1
floraison;1
floral;1
fluidité;1
folie;1
folklore;1
fortuné;1
friandise;1
gagner;1
galvanique;1
galvaniser;1
galvanisant;1
gambader;1
gamme;1
gazouiller;1
glorification;1
goûteur|goûteux;1
goûteux;1
griser;-1
grisant;-1
guirlande;1
hédonisme;1
heureusement;1
hobby;1
hors norme;1
hourra;1
humoriste;1
humoristique;1
idéalisme;1
idole;1
inaugurer;1
inestimable;1
inflorescence;1
intéresser;1
interpréter;1
irradier;1
itinérant;1
jardin;1
jeu de mot;1
jingle;1
joie;1
jouer;1
jouet;1
laisser sortir;-1
lancement;1
laurier;1
le meilleur;1
le plus grand;1
légèrement venteux;1
légèreté;1
libérer;1
libido;1
libre;1
lubie;1
luge;1
lumière du soleil;1
luminescent;1
luminosité;1
lustre;1
luxe;1
lyre;1
lyrique;1
maintien;1
manège;1
manne;1
marrer;1
marrant;1
massage;1
masser;1
masturbation;1
masturber;1
médailler;1
mignon;1
milieu de l être;1
miroitement;1
miroiter;1
mutin;1
naître;1
naissant;1
nativité;1
non déranger;1
non troubler;1
nouveauté;1
obtenir;1
ode;1
oeuvre classique;1
offrir;1
opulence;1
opulent;1
organe;1
orgasme;1
orgue;1
pâmoison;1
panache;1
pantomime;1
parfum;1
partie;1
passer temps;1
pâtisserie;1
paye;1
pépiement;1
pépier;1
pépite;1
pétiller;1
petit cadeau;1
peu coûteux;1
pierre précieux;1
plage;1
plaisance;1
plaisanter;1
planer;1
plus jeune;1
porter un toast;1
poste vacant;1
poupée;1
praticable;1
probant;1
procréation;1
productivité;1
profit;1
promenade;1
prospérer;1
prospérité;1
qui pouvoir se procurer;1
qui réchauffer;1
qui rire;1
qui subsister;1
rafraîchir;1
rafraîchissant;1
rajeunir;1
rappeler;1
rassurer;1
rassurant;1
ravissement;1
rayon;1
rayon de soleil;1
rayonner;1
rebond;1
rebondir;1
réchauffer;1
réchauffement;1
réconforter;1
réconfortant;1
récréation;1
récupération;1
récupérer;1
rédemption;1
refrain;1
réincarner;1
relaxation;1
rémission;1
rémunérer;1
rénovation;1
repartir;1
repos;1
reprendre;1
reproducteur;1
resplendissant;1
ressusciter;1
rétablissement;1
rêver;1
rêve;1
rigolade;1
rire bête;1
rire bêtement;1
rossignol;1
roucoulement;1
roucouler;1
s épanouir;1
salon;1
saluer;1
samba;1
sans bruit;1
sans heurt;1
sans interruption;1
sans restriction;1
sans retenue;1
santé;1
satisfaction;1
saut;1
sautiller;1
scintillant;1
se balader;1
se délecter;1
se faire plaisir;1
se masturber;1
se pâmer;1
se prélasser;1
se promener;1
se qualifier;1
se régaler;1
se reposer;1
sexy;1
sieste;1
silence;-1
silencieusement;1
solaire;1
solutionner;1
somptueux étalage;1
songe;1
songer;1
sortir avec qqn;1
sourire;1
souriant;1
spécial;1
spectacle fabuleux;1
stimulation;1
sublimation;1
subsistance;1
succès;1
succulent;1
sucrerie;1
superbe;1
survaleur;1
survivant;1
survivre;1
survivre à;1
symphonie;1
théâtre;1
tinter;1
tirer profit;1
toast;1
tomber en pâmoison;1
tonifiant;1
tonique;1
traîneau;1
tranquillement;1
très facile;1
triomphe;1
triompher;1
vacance;1
vaincre;1
vernal;1
verve;1
vie;1
vigueur;1
voyager;1
zénith;1
merci;1
remercier;1
remerciment;1
à pic;-1
abrupt;-1
aérien;1
agent de police;1
anxieux;-1
arête;-1
auditeur;1
augure;-1
bafouiller;-1
baraquer;1
brouiller;-1
caillouteux;-1
colonisateur;-1
contraindre;-1
costaud;1
courageux;1
courroie;-1
crainte;-1
débutant;-1
déclarer;1
délicat;-1
dubitatif;-1
escarper;-1
faire attention à;-1
farfadet;1
fiévreux;-1
forcer;-1
frisson;-1
gêner;-1
grizzly;-1
homosexuel;-1
hors pair;1
incohérent;-1
inconnu|inconnue;-1
inconscient;-1
interrogateur;-1
intervieweur;1
lame;1
manifeste;1
marinade;-1
nébuleuse;-1
non divulguer;-1
non officiel;-1
obliger;-1
officieux;-1
pierreuse|pierreux;-1
poignard;-1
police;1
prédateur;-1
prétention;-1
protestant;1
prudemment;1
radioactif;-1
sans égal;1
secrète;-1
sévère;-1
sinueux;-1
spectral;-1
superstitieux;-1
surnaturel;-1
tortueux;-1
urgent;-1
vent violent;-1
à capuche;1
abbé;-1
accélération;1
accroupir;-1
accroupissement;-1
acrobate;1
adoration;1
adorer;1
âffuté;-1
âffutée;-1
âffutées;-1
âffutés;-1
aiguille;-1
aiguillonner;1
aiguisoir;-1
aller à tout vitesse;-1
alligator;-1
ambigu;-1
ambiguë;-1
ambiguïté;-1
âme s?ur;1
amortisseur;-1
anal;-1
analgésique;-1
anesthésier;-1
anesthésiant;-1
anesthésie;-1
anesthésique;-1
antalgique;-1
apache;-1
arbalète;-1
armure;1
arroser;-1
artifice;-1
ascension;1
aspérité;-1
assaillir;-1
assaillie;-1
assaillies;-1
assurance;1
astéroïde;-1
autruche;-1
avant poste;-1
avec attention;1
avec précaution;1
avec prudence;1
aveugle;-1
baguette;1
baleine;-1
barricade;-1
barricader;-1
bénévole;1
bison;-1
blindage;1
blinder;-1
bonde;-1
bonder;-1
braise;-1
branlant;-1
braquer;-1
brèche;-1
bredouillement;-1
brigade;1
brochet;-1
brochette;-1
broyeur;-1
brûlure;-1
buffle;-1
bunker;-1
cabale;-1
cache;-1
cadenas;-1
cadenasser;-1
caille;-1
carnivore;-1
carquois;-1
cartouche;-1
casque;1
cassable;-1
cathéter;-1
cavaler;-1
cavité;-1
cendrer;-1
cerner;-1
chaman;-1
changer;1
charbon ardent;-1
chat sauvage;-1
chavirer;-1
chien de garde;1
chuchoter;-1
chuchotement;-1
cibler;-1
circoncision;-1
cisaille;-1
clandestinement;-1
coassement;-1
coasser;-1
coincement;-1
collage;-1
colon;-1
combustion;-1
compte à rebours;-1
compter à rebours;-1
confessionnal;1
confiance;1
congénital;-1
conscription;-1
constituant;1
coq;-1
cor;-1
corne;-1
couguar;-1
courir d air;-1
couvrir feu;-1
coyote;-1
craindre;-1
cratère;-1
crépiter;-1
croassement;-1
croc;-1
crocodile;-1
crucifix;-1
crypter;-1
cutter;-1
d essai;-1
dague;-1
de fort carrure;1
de marée;-1
de masse;-1
de mauvais augure;-1
de poisson;-1
de titan;-1
décisif;1
déflation;-1
dégel;-1
dégeler;-1
dégonflement;-1
dent;-1
dentisterie;1
dépense;-1
dérive;-1
dériver;-1
désactivation;-1
détournement;-1
dévier;-1
dia1;-1
dieu;1
dinosaure;-1
discipline;-1
disparaître;-1
disparition;-1
divinité;1
doctrinal;-1
dominance;-1
dominant;-1
dominante;-1
dominion;-1
domino;-1
douter;-1
dubotatives;-1
écart de conduite;-1
échafaud;-1
échafaudage;-1
échapper à;-1
échasse;-1
eclipse;-1
éclipse;-1
écliptique;-1
écoute clandestin;-1
édit;-1
élévation;1
embarassante;-1
embarassantes;-1
embarassants;-1
embrocher;-1
émincer;-1
empêcher;-1
en descente;-1
en épi;-1
en fuite;-1
en fusion;-1
en montée;1
en pente;-1
en secret;-1
en supposer que;-1
encapuchonner;1
encercler;-1
encoder;-1
enfuir;-1
énigmatique;-1
ensorceler;-1
envoûter;-1
épée;-1
épilepsie;-1
équivoque;-1
escalader;1
escarpement;-1
espionner;-1
esquive;-1
esquiver;-1
étau;-1
éthéré;-1
étouffoir;-1
être bénévole;1
être incliner;-1
être inonder;-1
évacuation;-1
excision;-1
excroissance;-1
expert comptable commissaire avoir;1
exsangue;-1
extrajudiciaire;-1
faiblir;-1
faire attention;1
falaise;-1
fantomatique;-1
faucille;-1
faucon;-1
fente;-1
fiche;-1
fièvre;-1
filage;-1
fléchette;-1
flic;-1
fonte;-1
forceps;-1
fourchu;-1
fourrer;-1
fredonnement;-1
fredonner;-1
frégate;1
frelon;-1
frémissement;-1
frêne;-1
frissonner;-1
frissonnant;-1
fusil de chasse;-1
gâchette;-1
garrot;-1
gay;-1
gays;-1
géantses;-1
gênant;-1
gigantesque;-1
glissement;-1
golfe;-1
gouffre;-1
gouvernement;1
gravir;1
grelotter;-1
grelottant;-1
grimper;1
grosseur;-1
guépard;-1
guêpe;-1
hacher;-1
hallucination;-1
harde;-1
hérisser;-1
hérisser de pointe;-1
hésitation;-1
hors de propos;-1
houe;-1
houle;-1
hydre;-1
hypnotique;-1
iceberg;-1
illégalement;-1
immersion;-1
impact;-1
impalpable;-1
importuner;-1
impressionnable;-1
inactivation;-1
inactiver;-1
inciser;-1
inclinaison;-1
incliner;-1
incognito;-1
inconnu;-1
indéfendable;-1
indistinct;-1
indomptable;1
infirmer;-1
injecter;-1
injection;-1
insurpassé;1
insurpassée;1
insurpassées;1
insurpassés;1
intelligence;1
interroger;-1
intimement;1
intimider;-1
intrépide;1
introduire clandestinement;-1
inverser;-1
invisibilité;-1
iris;1
irradiation;-1
irrégularité;-1
irréversible;-1
jaguar;-1
jarret;1
jungle;-1
khan;1
kris;-1
lac écossais;-1
lancier;-1
léopard;-1
le ?il bandé;-1
lièvre;-1
lion;1
loch;-1
lynx;-1
macis;-1
magma;-1
maman;1
mammouth;-1
mandamus;-1
mandibule;-1
manoir;-1
marchandise;1
marée;-1
masque;-1
masquer;-1
masse;-1
massif;-1
mat;-1
matériel de guerre;-1
médical;1
menançante;-1
météore;-1
météorite;-1
métier à tisser;-1
meuleuse;-1
mettre en examen;-1
mettre en garde;-1
missile;-1
montagne russe;-1
montrer;1
mousquet;-1
murmure;-1
murmurer;-1
mysticisme;-1
naissance;1
natation;1
nébulosité;-1
non attacher;-1
non contenir;-1
non révéler;-1
non vérifier;-1
novice;-1
obéir;1
obéir à;1
odontologie;1
omnipotence;1
opacité;-1
opération;-1
ouragan;-1
pale;-1
paniquer;-1
panthère;-1
parachute;-1
pas de côté;-1
passer en contrebande;-1
perforation;-1
perforer;-1
perron;-1
peu familier;-1
phalange;1
pic;1
picoter;-1
pierre à feu;-1
pierreux;-1
pinceant;-1
pincement;-1
plein à craquer;-1
plein de monde;-1
pointu;-1
polaire;-1
porte voix;-1
position accroupir;-1
poudre à canon;-1
poulet;1
poursuite;-1
poursuivant;-1
précautionneux;1
précipice;-1
préclusion;-1
préhistorique;-1
prématurément;-1
prémonition;-1
prendre garde;-1
prendre le fuite;-1
présomption;-1
presser;-1
pressant;-1
prise de courant;-1
probatoire;-1
procédé;1
procédure;1
profondeur;-1
pronostic;1
propagation;-1
propulser;-1
prototype;-1
provisoire;-1
prudent;1
psyché;-1
psychique;-1
psychisme;-1
puissamment;1
questionner;-1
questionnement;-1
qui doute;-1
qui monter;1
qui tourner;-1
quille;-1
racket;-1
radiation;-1
radioactivité;-1
radon;-1
rançonnement;-1
rapace;-1
raquette;-1
rasoir;-1
ravin;-1
ravisseur;-1
rebord;-1
réfutation;-1
régiment;-1
règle;1
régner sur;1
régulateur;1
renverser;-1
reptile;-1
requin;-1
résonance;-1
réticent;-1
risque;-1
risquer;-1
rocailleux;-1
rouleau compresseur;-1
rugueux;-1
s accroupir;-1
s attrouper;-1
s inclinant;-1
s incliner;1
s inquiéter;-1
salve;-1
samouraï;1
sangle;-1
sans fond;-1
sans peur;1
sauter en parachute;-1
savonneux;-1
scalpel;-1
se courber;-1
se dilater;-1
se pencher;-1
se profiler;-1
se propager;-1
se proposer;1
se repentir;1
se tracasser;-1
sécession;-1
secouer;-1
secrètement;-1
secte;-1
seringue;-1
serrement;-1
silex;-1
siphon;-1
siphonner;-1
sorcier;-1
sort;-1
soucieux;-1
soupçonner;-1
soupçon;-1
soupeser;1
souris;-1
sous terre;-1
sous marin;-1
souterrain;-1
souterrainne;-1
souterrainnes;-1
spasme;-1
squat;-1
statuer sur;-1
stylet;-1
submersible;-1
submersion;-1
succion;-1
sultan;1
sumo;-1
superstition;-1
supposer;-1
surveiller;1
suspect;-1
suspecter;-1
suspension;-1
suspicion;-1
symptôme;-1
synonyme;1
tactique;1
tailler;-1
tâtonner;-1
taureau;-1
tige;1
tigre;-1
titanesque;-1
tondeur|tondeuse;-1
tondre;-1
torsion;-1
tournant;-1
tournante;-1
tout puissance;1
toxine;-1
tract;1
trancher;-1
transe;-1
transmissible;-1
traquer;-1
treizième;-1
truc;-1
tunnel;-1
typhon;-1
validité;1
verdict;1
viking;-1
virage;1
vitesse;-1
volaille;1
volant;1
volante;1
volumineux;-1
à part;-1
à rallonge;-1
avant dernier;-1
baisse;-1
boiteux;-1
candide;-1
clore;-1
commémoratif;1
cruellement;-1
décès;-1
déclinaison;1
déficience;-1
délabrer;-1
délaver;-1
dépourvue;-1
dépourvues;-1
dépourvus;-1
désavantage;-1
difficile;-1
difficulté;-1
diminuer;-1
diminution;-1
doux;1
draconien;-1
écraser;-1
en diminution;-1
énormément;-1
épars;-1
éternel;1
exténuer;-1
extrêmement;-1
fastidieux;-1
fragmenter;-1
immatériel;-1
impersonnel;-1
inactif;-1
inadéquat;-1
incompétent;-1
incompréhensible;-1
inexplicable;-1
infertile;-1
inutilisé;-1
isoler;-1
laborieux;-1
las;-1
marginal;-1
méconnaître;-1
mélancolique;-1
mendiant;-1
minuscule;1
modeste;1
morne;-1
morose;-1
non souhaiter;-1
nuageux;-1
onéreux;-1
ordinaire;-1
pâlir;-1
peine;-1
péniblement;-1
pensif;1
peser;-1
plaignant;-1
pluvieux;-1
quelconque;-1
recoin;-1
remplaçant;-1
renvoyer;-1
report;-1
résistant;1
rompre;-1
sans assistance;-1
sans fondement;-1
sans soutien;-1
sans valeur;-1
sérieusement;-1
stèle;-1
superflu;-1
supplier;-1
tendance;1
touchant;1
trop long;-1
user;-1
vain;-1
zéro;-1
à froid;-1
à peine;-1
à plat;-1
abaisser;-1
abaissement;-1
absentéisme;-1
adieu;-1
affaisés;-1
affaisser;-1
affaissement;-1
affecter;-1
âgé;-1
agenouiller;-1
ajourner;-1
ajournement;-1
alanguir;-1
allocation chômage;-1
amoindrir;-1
ancrage;1
apathie;-1
apologétique;1
apostasie;-1
apostat;-1
ardu;-1
arquer;-1
ascète;-1
ascétique;-1
assommant;-1
au revoir;-1
avancement;1
avec lassitude;-1
avoir pitié;-1
avoir un handicap;-1
banlieue;-1
bégaiement;-1
bégayer|bégayer;-1
bémol;-1
boitement;-1
boiter;-1
broyer du noir;-1
bye;-1
canapé;1
cantique;1
cantonnement;-1
causal;-1
causalité;-1
causation;-1
causer;-1
céphalée;-1
chenil;-1
chère;-1
chérir;1
cher;-1
cirrus;-1
clairsemer;-1
cloître;-1
commémorer;1
compatir;1
condoléance;1
consécration;1
console;1
consoler;1
courbatu;-1
courbaturer;-1
coûteux;-1
crédule;-1
crémaillère;1
crémation;-1
croissance démesuré;-1
croque mort;1
de consolation;-1
de fortune;-1
déambulation;-1
débarrasser de;-1
débrancher;-1
décalage;-1
décéder;-1
décliner;-1
déconnecter;-1
déconnexion;-1
décourageant;-1
décrépit;-1
décroître;-1
décroissant;-1
défunt;-1
dégonfler;-1
déjouer;-1
démonstratif;1
démunir;-1
dépôt de bilan;-1
dépourvu de qch;-1
dépourvu de sen|sens;-1
dépourvue de sen|sens;-1
dépourvues de sen|sens;-1
dépouvus de sen|sens;-1
désavantager;-1
désengagement;-1
dette;-1
deuil;-1
différer;-1
disqualification;-1
distanlointains;-1
distantsdistante;-1
divan;1
docile;1
dommage et intérêt;-1
doublement;-1
douleur;-1
douloureusement;-1
drastique;-1
dur travail;-1
écloper;-1
éconduire;-1
effaçage;-1
éloge funèbre;-1
éloigner;-1
éloignement;-1
émouvoir;1
en déclin;-1
en deuil;-1
en haillon;-1
en jachère;-1
en lambeau;-1
en loque;-1
en morceau;-1
en mouvement;1
en solitaire;-1
enclos paroissial;-1
endeuiller;-1
endommagement;-1
enrouer;-1
entrepreneur de pompe funèbre;1
envie irrésistible;-1
épitaphe;-1
épuiser;-1
épuisant;-1
ermite;-1
errance;-1
estime;1
estimer;1
être à le traîne;-1
être souffrant;-1
eugénisme;-1
excuse;1
exhumer;-1
exiguïté;-1
exode;-1
exténuation;-1
faim;-1
faire du trafic;-1
faire le queue;-1
famille du défunt;-1
fermeture;1
figer;-1
finalité;-1
fléchir;-1
fléchissement;-1
froidement;-1
froisser;-1
funérailles;-1
funk;-1
geler;-1
génial;1
gerbe;-1
gériatrique;-1
givre;-1
givrer;-1
gravement;-1
handicap;-1
hibernation;-1
hiberner;-1
hiver;-1
hivernal;-1
hospice;-1
humeur noir;-1
hymne;1
ignorance;-1
immortel;1
impénitent;-1
imperceptible;-1
impossibilité;-1
impossible;-1
impotent;-1
impraticable;-1
inachever;-1
inachèvement;-1
inactivité;-1
inaperçu;-1
inapte;-1
incapable;-1
incohérence;-1
incolore;-1
incomplètement;-1
inconséquence;-1
inconsistance;-1
indécision;-1
indéterminer;-1
individuel;-1
individueld;-1
inéligible;-1
inexistant;-1
inexpérience;-1
inexpérimenté;-1
inexploité;-1
inexploré;-1
infaisable;-1
infranchissable;-1
infructueux;-1
inhabité;-1
inhiber;-1
inoccupé;-1
insuffisamment;-1
inutile;-1
invalidation;-1
invalidité;-1
irrévocabilité;-1
jachère;-1
jeÃ»ne;-1
jurisprudence;1
le plus bas;-1
laïque;-1
lambeau;-1
lamentablement;-1
languir;-1
languissant;-1
larme;-1
lasser;-1
lassitude;-1
léthargie;-1
limoger;-1
linceul;-1
liquéfaction;-1
liquéfier;-1
liquidation;-1
lointain;-1
lointainests;-1
lourdement;-1
mal de tête;-1
mal du pays;-1
mal être;-1
malencontreux;-1
malheureusement;-1
manquer de;-1
matérialisme;-1
mausolée;-1
mal;-1
mélancolie;-1
mélancoliquement;-1
mélodramatique;-1
mémoriaux;-1
mendicité;-1
mère;1
métastase;-1
mettre au chenil;-1
mettre un terme à;-1
migraine;-1
minimiser;-1
minimum;-1
misérablement;-1
mobile;1
monotone;-1
monotonie;-1
moratoire;-1
moribond;-1
mort naître;-1
mouillage;1
musique;1
myope;-1
naïf;-1
nécessiter;1
nécessiteux;-1
nécrologie;-1
négatif|négative;-1
négligeable;-1
n?ud coulant;1
non accompagner;-1
non désirer;-1
non enregistrer;-1
non former;-1
non formé;-1
non lire;-1
non partager;-1
non réciproque;-1
non reconnaître;-1
non valide;-1
non viable;-1
nostalgie;-1
nostalgique;-1
notice nécrologique;-1
nourrir;1
nourrissant;1
nuage;-1
nuageuges;-1
obsèques;-1
osseux;-1
ovation;1
pansement adhésif;-1
par morceau;-1
partiel;-1
pas complètement;-1
passivité;-1
pénultième;-1
petit morceau;-1
petit;-1
petitesse;-1
peu clément;-1
peu conclure;-1
peu concluant;-1
peu instruire;-1
peu profitable;-1
peu rentable;-1
pierre tombal;-1
pin;1
pitié;-1
plaintif;-1
planéité;-1
platitude;-1
plâtre;-1
plâtrer;-1
pleurant;-1
pleur|pleurs;-1
pleuvoir;-1
plier;-1
plisser;-1
ploiement;-1
ployer;-1
pluie;-1
plus âgé;1
plus vieux;1
porter;1
postérité;-1
posthume;-1
présenter du excuse;1
prêtrise;1
priver de qch;-1
propension;-1
queue;-1
qui avoir sommeil;-1
qui être un échec;-1
qui manque de;-1
qui passer;-1
qui s ennuyer;-1
radical;-1
ralentir;-1
rate;-1
ration;-1
rationner;-1
rattraper;-1
recette;1
récurrent;-1
redondance;-1
redoublement;-1
réduire au maximum;-1
refouler;-1
régresser;-1
régression;-1
regrettable;-1
regretter;-1
relégation;-1
remettre à plus tard;-1
remords;-1
remplacement;-1
reporter;-1
requiem;-1
résigner;-1
résisitantes;-1
résister;-1
retarder;-1
retirer;-1
revenir;1
revenu;1
révolu;-1
rhume;-1
rider;-1
s agenouiller;-1
s estomper;-1
sanglot;-1
sangloter;-1
sans accompagnement;-1
sans aide;-1
sans attache;-1
sans but;-1
sans conséquence;-1
sans couleur;-1
sans éclat;-1
sans énergie;-1
sans être voir;-1
sans formation;-1
sans importance;-1
sans le sou;-1
sans lien;-1
sans soleil;-1
sans titre;-1
se fatiguer;-1
se lasser;-1
se mettre à genou;-1
se séparer;-1
secondaire;-1
ségrégation;-1
sénescence;-1
sépaés;-1
séparable;-1
serviette de table;1
sève;1
sofa;1
solo;-1
sombrement;-1
sommaire;-1
sommairement;-1
somme;-1
somnolent;-1
somnoler;-1
sonnet;1
souffler;-1
soupir;-1
stagner;-1
stagnant;-1
stratus;-1
strict;-1
suaire;-1
subir;-1
supllier;-1
surcharge;-1
surcharger;-1
surfacturé;-1
surfacturée;-1
surfacturées;-1
surfacturés;-1
susceptibilité;-1
symptomatique;-1
système hydraulique;-1
tamiser;-1
tassement;-1
témoigner de le sympathie;1
terme;1
tombant;-1
toucher;1
toucher par;-1
trafic;-1
traîner le pied;-1
tranquille;1
très éprouver;-1
tribut;-1
trop longue;-1
ultérieur;-1
urne;-1
usant;-1
vacant;-1
vagabondage;-1
veau;1
vénérable;1
veuf;-1
veuf|veuve;-1
vibrer;1
vibrant;1
voûter;-1
absent;-1
affliger;-1
apathique;-1
aride;-1
assourdir;-1
au chômage;-1
avoir du chagrin;-1
avouer;-1
brumeux;-1
captif;-1
chaotique;-1
chômeur;-1
coercitif;-1
comateux;-1
confus;-1
conjecture;-1
correctif;-1
craintif;-1
creux;-1
débiteur;-1
dénuer;-1
déstructurer;-1
détourner;-1
dévalorisation;-1
dissimuler;-1
émotif;-1
entaille;-1
expatrier;-1
fin;-1
fugueur;-1
gravats;-1
handicaper;-1
hanter;-1
harnachement;-1
immigrant;-1
immigrer;-1
imprécis;-1
inattention;-1
indigent;-1
inéluctable;-1
inhospitalier;-1
inquiet;-1
introverti;-1
laisser sans surveillance;-1
limitatif;-1
malade;-1
martyr|martyre;-1
maussade;-1
mince;-1
miniature;-1
non immatriculer;-1
orphelin|orpheline;-1
oublieur;-1
passif;-1
périlleux;-1
qui ébranler;-1
rafale;-1
reclus;-1
réfugier;-1
regret;-1
remordre;-1
restrictif;-1
révocation;-1
se cacher;-1
sédatif;-1
silencieux;-1
sombre;-1
spéculatif;-1
subordonner;-1
supervision;-1
supporter;-1
sur le ventre;-1
ultime;1
vagabonder;-1
à le dérive;-1
à plat ventre;-1
abaondonnées;-1
abdiquer;-1
abîme;-1
abrogation;-1
abroger;-1
absence;-1
abstention;-1
abstinence;-1
abstraction;-1
accident mortel;-1
accidenter;-1
acouphène;-1
addiction;-1
affaiblir;-1
affoler;-1
âge;-1
agnostique;-1
ambulance;-1
amnésie;-1
angine;-1
angoisser;-1
angoissant;-1
apocalyptique;-1
appendicite;-1
artériosclérose;-1
assoiffer;-1
assombrir;-1
astigmatisme;-1
athérosclérose;-1
attribuable;-1
austère;-1
austérité;-1
automne;-1
aveuglément;-1
avoir du difficulté;-1
baisser;-1
baudrier;-1
bifurcation;-1
blême;-1
bleu;-1
blizzard;-1
blues;-1
bord sous le vent;-1
bordeau|bordeaux;-1
brancard;-1
brick;-1
brider;-1
brise;-1
briseur;-1
brouillard;-1
brume;-1
brumer;-1
cabosser;-1
cachot;-1
cage;-1
calamiter;-1
capituler;-1
captivité;-1
carcinome;-1
cardiomyopathie;-1
castrer;-1
cataracte;-1
cauchemar;-1
caverne;-1
caverneux;-1
cécité;-1
ceinturer;-1
cercueil;-1
chagrin;-1
charger;-1
chirurgie;-1
cible;-1
cimetière;-1
circonscrire;-1
civière;-1
clandestin;-1
clapier;-1
clivage;-1
coffre;-1
coma;-1
compatissant;1
compatissante;1
compatissantes;1
compatissants;1
complexe;-1
complication;-1
compressible;-1
comprimer;-1
concerner;-1
condamner;-1
confiscation;-1
consigner;-1
consumation;-1
contre son gré;-1
contresens;-1
contusion;-1
corbillard;-1
cribler;-1
cribler de trou;-1
crypte;-1
damner;-1
danger;-1
déclin;-1
décourager;-1
découragement;-1
décours;-1
découdre;-1
défaut de paiement;-1
déficit;-1
démoraliser;-1
dénoyauter;-1
dépourvu;-1
dépréciation;-1
dépression;-1
dépréssives;-1
déprime;-1
dernier;-1
déroger à;-1
désarmer;-1
déséquilibrer;-1
désertion;-1
désertique;-1
désespérer;-1
désincarner;-1
désolation;-1
désoler;-1
désorganiser;-1
despotique;-1
désuétude;-1
détachement;-1
diminuer progressivement;-1
disciplinaire;-1
discorder;-1
discordant;-1
dissuader;-1
distant;-1
donjon;-1
doute;-1
douve;-1
ecchymose;-1
échouer;-1
éclipser;-1
effacement;-1
égratigner;-1
embolie;-1
embuer;-1
en aveugle;-1
en faillite;-1
en voie de disparition;-1
enchaîner;-1
enclave;-1
enclaver;-1
enclin;-1
encourir;-1
endetter;-1
endiguement;-1
endocardite;-1
enfouir;-1
engourdir;-1
engourdissement;-1
ensevelir;-1
enterrer;-1
entrepôt débarras;-1
éparpiller;-1
éparpillement;-1
épar|épars;-1
éperdre;-1
épuisement;-1
érafler;-1
errer;-1
errant;-1
erroné;-1
étendue sauvage;-1
étourderie;-1
étriquer;-1
étroit;-1
euh;-1
euthanasie;-1
évier;-1
extradition;-1
extrêmement pénible;-1
facturable;-1
faiblement;-1
faiblesse;-1
faille;-1
faillible;-1
faire marche arrière;-1
famine;-1
fatalité;-1
faucher;-1
finir;-1
flou;-1
flou|flous;-1
fracture;-1
fracturer;-1
fragilité;-1
frêle;-1
friable;-1
gaine;-1
galère;-1
glacer;-1
glaciaire;-1
glacial;-1
glaiciales;-1
glas;-1
glissement de terrain;-1
goulag;-1
grêlé;-1
grotte;-1
harnais;-1
hégémonique;-1
hésiter;-1
hésitant;-1
hongre;-1
hongrer;-1
hôpital;-1
hors du chemin;-1
hors jeu;-1
hypothèque;-1
hypothéquer;-1
immobilité;1
impie;-1
implorer;-1
imposition;-1
imprécision;-1
imputable;-1
inaction;-1
inanimé;-1
incubation;-1
indescriptible;-1
indicible;-1
inerte;-1
inévitable;-1
inexpliqué;-1
infertilité;-1
infirme;-1
infirmité;-1
infliction;-1
inhibition;-1
inhumer;-1
inintelligible;-1
innomables;-1
innommable;-1
inquiétant;-1
inquiétude;-1
insécurité;-1
insolvable;-1
insomnie;-1
insuffisant;-1
insulaire;-1
insurmontable;-1
interdépendance;-1
interdépendant;-1
internement;-1
interprétation erroné;-1
invalide;-1
invisible;-1
irréaliste;-1
irréparable;-1
irresponsable;-1
le plus petit;-1
laisser tomber;-1
langoureux;-1
lenteur;-1
lésiner;-1
léthargique;-1
ligoter;-1
limbe|limbes;-1
louche;-1
maigre;-1
mal informer;-1
mal renseigner;-1
malais|malaise;-1
malchance;-1
malignité;-1
manquer;-1
martyr;-1
martyriser;-1
mauvais gestion;-1
mauvais passe;-1
méandre;-1
mettre en cage;-1
mettre fin;-1
miaou;-1
miaulement;-1
miauler;-1
migration;-1
miner;-1
minorité;-1
mortuaire;-1
mousson;-1
naufrage;-1
navire prison;-1
néant;-1
nébuleux;-1
négligemment;-1
néophyte;-1
neutre;1
névralgie;-1
névrose;-1
nocturne;-1
noirceur;-1
noir|noire;-1
non initier;-1
non inscrire;-1
non protéger;-1
non réglementer;-1
non paiement;-1
nu;-1
nue;-1
nuire;-1
nuit;-1
obligation;-1
obscur;-1
obscurcir;-1
ombrager;-1
omission;-1
opaque;-1
orphelin;-1
osciller;-1
oscillant;-1
oscillation;-1
oscillatoire;-1
oublier;-1
oublieux;-1
palliatif;1
pathologie;-1
patient;-1
pauvre;-1
pauvrement;-1
peiner;-1
pénal;-1
pénitence;-1
penser après coup;-1
pente;-1
péremptoire;-1
pereuses;-1
péril;-1
périr;-1
permutation;-1
pesant;-1
pessimiste;-1
peu réaliste;-1
piaulement;-1
piauler;-1
piétiner;-1
pieu;-1
pire;-1
plaquer;-1
plus loin;-1
plus petit;-1
pneumonie;-1
polio;-1
pousser doucement;-1
préoccupation;-1
préoccuper;-1
probation;-1
procrastination;-1
proie;-1
qui divaguer qui radoter;-1
qui observer en silence;-1
qui périr;-1
qui rétrécir;-1
qui se cacher;-1
qui se consumer;-1
qui se faire du souci;-1
qui se réduire;-1
qui sombre;-1
qui tomber;-1
rabougrir;-1
radeau;-1
raide;-1
réanimation;-1
rechuter;-1
reclure;-1
reddition;-1
refroidir;-1
renfoncement;-1
renonciation;-1
repentir;-1
repli;-1
résilier;-1
rester tapir;-1
restreindre;-1
rétractation;-1
retraite;1
retranchement;-1
rétrécir;-1
rétrécissement;-1
revenir sur son pas;-1
rude;-1
rudimentaire;-1
s abstenir;-1
s éparpiller;-1
s expatrier;-1
sanctionner;-1
sans défense;-1
sans emploi;-1
sans espoir;-1
sans le faire exprès;-1
sans le savoir;-1
sans rapport;-1
sans surveillance;-1
sans vie;-1
sarcome;-1
sciatique;-1
se couper;-1
se désister;-1
se disperser;-1
se noyer;-1
se rendre;-1
se retirer;-1
se rétrécir;-1
se tapir;-1
se terminer;-1
se tromper;-1
sécheresse;-1
sénile;-1
séparation;-1
séparément;-1
séquestration;-1
séquestrer;-1
sévèrement;-1
situation délicat;-1
solitude;-1
soporifique;-1
souci;-1
soucier;-1
souffrant;-1
sous bois;-1
sous sol;-1
spectre;-1
spéculation;-1
squelette;-1
stagnation;-1
steppe;-1
stérile;-1
stériliser;1
stérilité;-1
succomber;-1
sujétion;-1
surdité;-1
surmenage;-1
surveillance;1
temporisation;-1
tenir en laisse;-1
ténu;-1
terminal;1
terminus;-1
timide;-1
timidité;-1
tiret;-1
tomber;-1
tombe;-1
tombeau;-1
tomber de le nuit;-1
tranquillité;1
transformation;-1
translucide;-1
trépas;-1
tribulation;-1
triste;-1
tristesse;-1
trou;-1
trouer;-1
tumeur;-1
vider;-1
vieux fille;-1
vieillir;-1
vierge;-1
voile;-1
voiler;-1
voltige;-1
vouloir;-1
voûte;1
vulnérabilité;-1
vulnérable;-1
boxeuse;1
bruyamment;-1
cafteur;-1
calcul;1
capricieux;-1
chahuteur;-1
combattant;1
compétitif;-1
concurrentiel;-1
conflit;-1
contrevenir à;-1
critiquer;-1
désagrément;-1
discordance;-1
dominateur;-1
enflammer;-1
envieux;-1
exiger;-1
faire dissidence;-1
frimeur;-1
gamin;1
garnement;-1
hâtif;-1
indompté;-1
inflexible;-1
insurger;-1
intentionnel;-1
malveillant;-1
maudire;-1
militant;-1
mouchard;-1
négresse;-1
polisson;-1
porter un coup sec à;-1
provocateur;-1
pur;1
raisonneur;-1
réclamation;-1
renégat;-1
rigoureux;-1
rital;-1
saloon;1
satané;-1
sottise;-1
vengeur;-1
violation;-1
accélérateur;-1
accrochage;-1
acte de fiducie;-1
allégation;-1
altercation;-1
antagonisme;-1
antithèse;-1
argument;-1
argumentation;-1
argumenter;-1
arrestation;-1
arrogance;-1
asséner un coup;-1
asservir;-1
autoritaire;-1
au idée arrêté;-1
avant bras;1
baratter;-1
battement de jambe;-1
batterie;1
bélier;-1
berceau;1
black jack;-1
blasphème;-1
borner;-1
bouillonner;-1
boxe;-1
boxeur;1
buffet;1
buriner;-1
caillou;1
casse pied;-1
catapulte;-1
catapulter;-1
charabia;-1
chaud;1
chaud|chaude;1
cheminer;1
chiffonner;-1
ciseau;-1
ciseler;-1
clôturer;-1
colonne vertébral;1
compétition;-1
compresser;-1
concurrence;-1
confronter;-1
congestion;-1
contester;-1
contradiction;-1
contrairement;-1
contravention;-1
contre;-1
contredire;-1
controverse;-1
coude;-1
coup de pied;-1
croquer;-1
cube;-1
de démolition;-1
déconcentrer;-1
découper en cube;-1
défaite;-1
défendre;1
demander;-1
démêler;-1
démentir;-1
démolition;-1
déni;-1
dévorer;-1
dissension;-1
dissonance;-1
donner du coup de bec;-1
donner un coup de coude;-1
donner un coup de pied;-1
dupe;-1
duplicité;-1
éblouissant;-1
échauffourée;-1
effigie;1
embargo;-1
en se battre;-1
en vouloir à qqn;-1
encens;1
encombrement;-1
engloutir;-1
enjoindre;-1
entêtement;-1
épreuve de force;-1
éprouver de le rancune contre;-1
ergoteur;-1
escarmouche;-1
établir le fausseté de;-1
étaler;-1
être en désaccord;-1
être en rage;-1
évent;1
exagérer;-1
excellent;1
exhiber;-1
expéditif;-1
fabulation;-1
faction;-1
faire de le boxe;-1
faire obstruction à;-1
fétiche;-1
flamboyant;-1
fournaise;-1
fraude;-1
fulminer;-1
furieusement;-1
grève;-1
griller;-1
hachis;-1
hâte;-1
haut et fort;-1
immodéré;-1
impatience;-1
impatient;-1
impatient|impatiente;-1
impertinent;-1
impudent;-1
insister;-1
insolent;-1
insurrection;-1
intransigeant;-1
ire;-1
ironie;-1
ironique;-1
irrespect;-1
irritabilité;-1
irritable;-1
juron;-1
lieu de naissance;1
ligne;1
malveilants;-1
manette du gaz;-1
manifester contre;-1
manivelle;-1
manque de respect;-1
manquer de respect;-1
martelage;-1
marteler;-1
martial;1
matraquer;-1
mettre à sac;-1
mijoter;1
mitonner;1
monopoliste;-1
moral;1
mordre;-1
morsure;-1
morveux;-1
mosquée;1
moudre;-1
mule;-1
ne pas être d accord;-1
nier;-1
non sen|sens;-1
objection;-1
obstination;-1
obtus;-1
oligarchie;-1
opposer son veto;-1
opposition;-1
oser;-1
participation;1
pas disposer;-1
pénibilité;-1
personne qui se disputer;-1
picorer;-1
pierre;1
plainte;-1
plein de ressentiment;-1
prétexter;-1
prise de bec;-1
promotion;1
protestation;-1
protester;-1
provocation;-1
provoquer;-1
qui avoir du avis très arrêter;-1
qui empêcher de se concentrer;-1
rachis;1
rail;1
rampe;1
rang;1
râper;-1
réfractaire;-1
réfuter;-1
rembourser;1
rendre esclave;-1
renforcer;1
répréhensible;-1
réprimander;-1
résistance;1
resserrer;1
restitution;1
rétorquer;-1
revanche;-1
rigide;-1
riposte;-1
riposter;-1
rivalité;-1
ruban;1
s opposer à;-1
sac;1
schisme;-1
scinder;-1
se contredire;-1
se disputer;-1
se faire passer pour;-1
se mêler;-1
se mettre en grève;-1
se quereller;-1
soufflet;-1
soumettre;-1
sterling;1
sucette;1
suffisance;-1
tétu;-1
tripe;1
troubler;-1
ventouse;1
veto;-1
vis;1
visser;-1
volume;-1
vrai casse tête;-1
agressif;-1
aiguiser;1
asphyxie;-1
belliqueux;-1
capturer au lasso;-1
catcheur;-1
comploter;-1
conseiller;1
dément;-1
destroyer;-1
dissident;-1
en flamme;-1
fanatique;1
foreur;-1
guerrier;-1
houleux;-1
hystérique;-1
impitoyable;-1
incendie criminel;-1
jeter;-1
lumière éblouissant;-1
lutteur;-1
motocross;-1
orageux;-1
perforateur|perforatrice;-1
pousser à;-1
renversement;-1
rival;-1
tempétueux;-1
torride;-1
trembloter;-1
tumultueux;-1
abeille;-1
aboiement;-1
aboyer;-1
acérer;-1
acte délictuel;-1
admonition;-1
affolement;-1
aggressifs;-1
agiter;-1
alésage;-1
anarchie;-1
anarchisme;-1
anarchiste;-1
annihiler;-1
appréhender;-1
argent liquide;1
armada;-1
arme à feu;-1
armement;-1
armurerie;-1
arsenal;-1
artillerie;-1
ascendant;-1
assassiner;-1
atomique;-1
baÃ¯onnette;-1
bancal;-1
barbeler;-1
batailler;-1
bataillon;-1
belligérant;-1
blaireau;-1
bouillant;-1
brasier;-1
bredouiller;-1
brouillage;-1
brûler;-1
brûlant;-1
brûleur;-1
brutaliser;-1
bulldozer;-1
burin;-1
campagne;1
candidature;1
canon;-1
carboniser;-1
cartel;-1
challenge;-1
chantage;-1
chasser;-1
chasse;-1
cil;-1
citation à comparaître;-1
citer à comparaître;-1
colonial;-1
colonie;-1
combatif;-1
combattre;-1
communiste;-1
compulsion;-1
concours;-1
confrontation;-1
conquête;-1
contondant;-1
contre torpilleur;-1
coup de fouet;-1
couper;-1
coup;-1
courir après;-1
courroux;-1
couteau;-1
craquement;-1
crisper;-1
croisade;-1
cupide;-1
de force;-1
de représaille;-1
défense;1
désobéissant;-1
digresser;-1
dissoner;-1
dominer;-1
donner du coup de canne à;-1
dragon;-1
duel;-1
éblouir;-1
éblouissement;-1
ébranlage;-1
échapper;-1
élingue;-1
élinguer;-1
embrasement;-1
émeute;-1
emmêler;-1
émousser;-1
empoigner;-1
en feu;-1
encaisser;1
enchevêtrer;-1
endoctrinement;-1
entortiller;-1
entreprenant;-1
essaimage;-1
être en adéquation;-1
évader;-1
exacerbation;-1
exaspérer;-1
exorciste;-1
faire chanter;-1
faire un digression;-1
fanatisme;-1
faute professionnel;-1
félure;-1
fendre;-1
férocité;-1
fissuration;-1
fixement;-1
flamber;-1
fluctuation;-1
forer;-1
foreuse;-1
fou folle|fou;-1
fouet;-1
fourmiller;-1
fourmillant;-1
fourmillement;-1
fourvoyer;-1
frappeur;-1
frénésie;-1
fronde;-1
fuser;-1
fusil;-1
gang;-1
gardien de prison gardien;-1
gardien gardien;-1
gladiateur;-1
gonflage;-1
gorille;-1
grenade;-1
grésillement;-1
grésiller;-1
griffe;-1
grouillant;-1
guérillero;-1
harceler;-1
harcèlement;-1
heurt;-1
hors le loi;-1
hystérie;-1
imperméable;1
imposer;-1
incendie volontaire;-1
incendier;-1
incursion;-1
induire en erreur;-1
inflation;-1
injurier;-1
intimidation;-1
involution;1
irrationalité;-1
javelot;-1
junte;-1
lance pierre;-1
lasso;-1
légaliser;1
licencier;-1
lutter;-1
mafia;-1
maillet;-1
malveillance;-1
maniaque;-1
manifester violemment;-1
marteau;-1
matraque;-1
menace;-1
mençants;-1
mercenaire;-1
mettre au défi;-1
mettre en danger;-1
mettre en péril;-1
mettre le pression;-1
militaire;1
mortier;-1
mouvementer;-1
munition;-1
mùouvenmentée;-1
nervosité;-1
païen;-1
panique;-1
par le force;-1
paranoïa;-1
pas digne de confiance;-1
pénétrer illégalement dans un;-1
percer;-1
perceur;-1
perpétrer;-1
peu fiable;-1
pince;-1
pincer;-1
pique;-1
piratage;-1
pirate;-1
pirater;-1
piraterie;-1
pistolet;-1
pourchasser;-1
préméditer;-1
présage;-1
prêter à confusion;-1
propagande;-1
proscrire;-1
rage;-1
raidir;-1
rançon;-1
rançonner;-1
réagir;-1
rebelle;-1
regimber;-1
rendre fou;-1
résister à;1
restraindre;-1
rétracter;-1
révolutionnaire;-1
rigidifier;-1
rivaliser;-1
roquette;-1
ruche;-1
s emmêler;-1
s emporter;-1
s enchevêtrer;-1
s enrager;-1
sabre;-1
sabrer;-1
satanique;-1
sauvagerie;-1
se battre;-1
se battre pour qch;-1
se battre en duel;-1
se contracter;-1
se crisper;-1
se raidir;-1
se rebeller;-1
se rétracter;-1
sectarisme;-1
serrer;-1
serre|serres;-1
sifflant;-1
signe avant coureur;-1
soupçonneux;-1
stress;-1
subversion;-1
suffocation;-1
sur qui on ne pouvoir compter;-1
surveiller pénitentiaire;-1
surveillant pénitentiaire;-1
suspicieux;-1
taquinerie;-1
téméraire;1
tension;-1
tordre;-1
tornade;-1
torpille;-1
torpiller;-1
torrent;-1
tournage;-1
tremblant;-1
trial;-1
troupeau;-1
turbulence;-1
turbulent;-1
tyranniser;-1
véhément;-1
violation de propriété;-1
virulence;-1
xénophobie;-1
déception;-1
décevoir;-1
différend;-1
excessif;-1
faire obstacle à;-1
froid;-1
grincheux;-1
improductif;-1
incisive;-1
intenter un procès à;-1
lourd;-1
peu équitable;-1
sans merci;-1
abolir;-1
abolition;-1
accro;-1
agacer;-1
cadencer;1
confisquer;-1
d humeur changeant;-1
débarrasser;-1
dénier;-1
désaffecter;-1
division;-1
durcissement;-1
embêter;-1
en désaccord;-1
endolorir;-1
ennui;-1
entêter;-1
éteindre;-1
être le plus toucher par;-1
être le premier toucher par;-1
faire du histoire;-1
fatiguer;-1
faussement;-1
féodalisme;-1
formuler un plainte;-1
frelater;-1
froncement;-1
frustration;-1
frustrer;-1
gauchissement;-1
histoire;-1
immérité;-1
impôt;-1
impunité;-1
imputation;-1
inacceptable;-1
inaccessible;-1
inconvénient;-1
indu;-1
inéquitable;-1
infériorité;-1
injustice;-1
inopérant;-1
insatisfaction;-1
insoluble;-1
intraitable;-1
irrévocable;-1
lapidaire;-1
limiter;-1
liqueur;-1
manie;-1
maugréer;-1
maussadeq;-1
mélodrame;-1
négation;-1
non rémunérer;-1
occuper;-1
orchestre;1
plaideur;-1
pleur;-1
pleurer;-1
pousser du cri;-1
qui entrave;-1
rauque;-1
refuséesdémentis;-1
renoncer;-1
retour de flamme;-1
s endurcir;-1
scission;-1
se débarrasser;-1
se déformer;-1
se durcir;-1
se plaindre;-1
se retourner contre qqn;-1
sédition;-1
soldat;1
sou payer|payer;-1
spiritueux;-1
taquiner;1
taxe;-1
taxer;-1
assaillant;-1
baissière;-1
beuglement;-1
beugler;-1
bouleverser;-1
chasseur;-1
classification;-1
coup de feu;-1
défendeur;1
dépressif;-1
dictateur;-1
enlever;-1
éploré;-1
étouffer;-1
être constamment sur le dos de;-1
furie;-1
inférieur;-1
interminable;-1
irrégulier;-1
licenciement;-1
maligne;-1
marmonner;-1
mugissement;-1
père fouettard;-1
pernicieux;-1
pilleur;-1
prisonnier de guerre;-1
prohibitif;-1
punir;-1
restriction;-1
ruine;-1
ruiner;-1
sans fin;1
sans pitié;-1
sempiternel;1
sérieux;1
à tort;-1
abîmer;-1
abortif;-1
abpimée;-1
abuser de;-1
accabler;-1
accablant;-1
adversité;-1
affamer;-1
aggraver;-1
agonir;-1
agresseur;-1
anéantir;-1
anéantissement;-1
angoisse;-1
annihilation;-1
anxiété;-1
assassinat;-1
autocratique;-1
avorter;-1
baissier;-1
balafrer;-1
bannir;-1
bas;-1
basse;-1
bastion;1
bataille;-1
battre;-1
becquet;-1
blocus;-1
bouc émissaire;-1
bouleversant;-1
bourreau;-1
ceinture;-1
centre de détention;-1
champ de bataille;-1
chaos;-1
châtiment;-1
combat;-1
commotion;-1
commotion cérébral;-1
communisme;-1
congédier;-1
contraire;-1
correction;-1
crime;-1
croix;1
croque mitaine;-1
damnation;-1
débâcle;-1
déchiqueter;-1
déchirer;-1
déchirure;-1
défaillir;-1
délaissement;-1
denté;-1
dentée;-1
dentelle;1
déposséder;-1
déprimer;-1
dérapage;-1
désactiver;-1
désintégration;-1
destruction;-1
détention;-1
détention préventif;-1
détriment;-1
détruire;-1
dévaster;-1
dictatorial;-1
dilemme;-1
dissimulation;-1
domination;-1
donner un fessée à;-1
dos nu;-1
dureté;-1
effacer;-1
éjecter;-1
embêtement;-1
empiétement;-1
empiètement;-1
empiéter;-1
employer abusivement;-1
en baisse;-1
en dent de scie;-1
en vrac;-1
entailler;-1
enterrement;-1
envahisseur;-1
étroitesse;-1
exécution;-1
exil;-1
exorcisme;-1
faire du remarque continuell;-1
faire mal;-1
fardeau;-1
fatal;-1
fesser;-1
fissurer;-1
fureur;-1
fusillade;-1
garde à vue;-1
geôle;-1
guerre;-1
halte;-1
idée fixe;-1
imprudent;-1
impuissance;-1
incarcérer;-1
incessant;-1
inconciliable;-1
incrimination;-1
ineffable;-1
inégalité;-1
infliger;-1
inhumation;-1
injonction;-1
injustement;-1
instrumentalisation;-1
interdire;-1
interférence;-1
interrogatoire;-1
laisse;-1
lance;-1
leucémie;-1
litige;-1
lourde;-1
lutte;-1
mal comprendre;-1
malentendu;-1
méprise;-1
meuglement;-1
meugler;-1
milice;-1
mortalité;-1
mugir;-1
museler;-1
muselière;-1
myopie;-1
négligeante;-1
négligeantes;-1
négligeants;-1
non respect;-1
obscurité;-1
obsession;-1
obstruer;-1
occultation;-1
oppresseur;-1
otage;-1
ôter;-1
oubli;-1
passage à tabac;-1
pénalité;-1
pénitencier;-1
pénombre;-1
persécuter;-1
perte;-1
pessimisme;-1
potence;-1
poursuivre;-1
préjudice;-1
préjudiciable;-1
pression;-1
prétendre;-1
prison;-1
pseudo;-1
psychose;-1
punitif;-1
quiproquo;-1
racler;-1
raideur;-1
rater;-1
ravage;-1
refoulement;-1
renoncer à;-1
représaille;-1
répression;-1
réprimande;-1
réprimer;-1
revolver;-1
rhumatisme;-1
rigidité;-1
se débattre;-1
se débrouiller;-1
se décourager;-1
se dégonfler;-1
se méprendre;-1
se moquer de;-1
se suicider;-1
sectionner;-1
servitude;-1
sévérité;-1
souffrir douleur;-1
spoiler;-1
stresser;-1
stressant;-1
suicide;-1
suicider;-1
supprimer;-1
susceptible;-1
ténèbre;-1
terreur;-1
théocratique;-1
tirant;-1
tourment;-1
tourmente;-1
tourmenter;-1
tracas;-1
tracasser;-1
tracassant;-1
transgression;-1
transpercer;-1
tremblante;-1
tronquer;-1
tuer;-1
tuerie;-1
usage impropre;-1
vendetta;-1
victime;-1
violence;-1
vorace;-1
zézaiement;-1
zozotement;-1
zozoter;-1
abasourdir;-1
absorber;1
actuel;1
agent de conservation;1
ardent;1
attirer;1
bienveillance;1
blagueur;1
câble;1
charade;1
charme;1
conservateur;-1
désopiler;1
distinction;1
en extase;1
étonnant;1
étreindre;1
évasif;-1
exceptionnel;1
faire du shopping;1
franc;1
gagnant;1
gain;1
imprévu;-1
inattendu;-1
inhabituel;-1
insolite;-1
joyeux;1
louable;1
lunatique;-1
magicien;1
maîtrise;1
majestueux;1
merveilleux;1
miraculeux;1
nerveux;1
occasion;1
occasionnel;1
phénoménal;1
photo;1
plaisant;1
ponctuel;1
potentiel;1
princier;1
prodigieux;1
radieux;1
saint;1
saugrenu;-1
sensuel;1
sidérer;-1
soudainement;-1
subtilité;1
à l improviste;-1
à le bon franquette;1
acclamer;1
accolade;1
affiche;1
ahurir;-1
ahurissant;-1
aire de jeu;1
allécher;1
alléchant;1
ange;1
anniversaire;1
apogée;1
apostrophe;1
applaudissement;1
apprendre;1
atout;1
attraire;1
attribuer;1
au hasard;1
aubaine;1
aube;1
aurore;1
baccarat;1
backgammon;1
badinage;1
badiner;1
baiser;1
bal masquer;-1
bénédiction;1
bisou;1
blagant;1
bon;1
bonté;1
bonus;1
boutade;1
burlesque;1
cabaret;1
cadeau;1
camouflage;-1
camoufler;-1
carillonnement;1
casino;1
célébration;1
cérémonie;1
chance;1
charrier;1
chatouillement;1
chatouiller;1
circonstance;1
clic;1
clignotant;-1
cliquer sur;1
clown;1
coÃ¯ncidence;1
compenser;1
complément;1
compléter;1
compliment;1
complimenter;1
constant;1
convier;1
coup de chance extraordinaire;1
couronnement;1
crème;1
crescendo;1
crier de joie;1
date anniversaire;1
dauphin;1
de cabaret;1
de manière choquant;-1
de manière inattendu;-1
de saint;1
déclic;1
dédommager;1
dépassant;1
désopilant;1
deviner;1
devinette;1
différemment;1
discrétion;1
disjonctif;-1
diversion;1
divertissement;1
don;1
don du ciel;1
dynamique;1
éclabousser;-1
éclaboussure;-1
éclairage;1
éclairer;1
éjaculation;1
électrique;1
embrasser;1
émerger;1
en plein essor;1
enchanter;1
encourager;1
enivrement;1
ensoleiller;1
enthousiaste;1
épater;1
épique;1
épopée;1
érotique;1
erratique;-1
espoir;1
essor;1
estimation;1
éternuer;-1
étincelle;1
étonnamment;1
événement;1
événement fortuit;1
éventuellement;1
exaltation;1
excavation;-1
excéder;1
exceller;1
exception;1
excitable;1
excitant;1
exciter;1
expérience;1
exploit;1
explorer;1
extatique;1
faire apparaître;-1
faire du course;1
faire le fête;1
faire le clown;1
faire le pitre;1
faire le magasin;1
fanfare;1
fantaisiste;-1
fantasque;-1
festival;1
fêter;1
feu d artifice;1
fiesta;1
flamboiement;1
flash back;1
flirt;1
fortuit;-1
fortune;1
fou de joie;1
fouille;-1
frétillement;1
fringant;1
furtivement;1
fusée éclairant;1
gai;1
gaieté;1
générosité;1
gloussement;1
glousser;1
grandeur;1
grandiose;1
gribouillage;-1
gribouiller;-1
gros lot;1
hasard;1
hasard extraordinaire;1
héroÃ¯que;1
héroïque;1
héroïsme;1
héro|héros;1
hilarant;1
hilarité;1
historique;1
humanitaire;1
illumination;1
illuminer;1
immédiat;1
immédiatement;1
immédiateté;1
impressionner;1
impromptu;-1
improvisation;-1
improviser;-1
impulsion;1
incroyable;-1
indemne;1
indépendance;1
insaisissable;-1
inspirer;1
instantané;1
instantanément;1
intercepter;1
interception;1
inviter;1
jackpot;1
jacquet;1
jeune;1
joker;1
jouer un atout;1
jubilaire;1
jubiler;1
large sourire;1
liberté;1
loisir;1
lueur;1
luire;1
lune de miel;1
magie;1
magique;1
magnifique;1
mascarade;-1
médaille;1
mémorable;1
merveille;1
merveilleusement;1
mettre au jour;1
mettre en tombola;1
mimétisme;-1
miracle;1
mirage;-1
non intentionnel;-1
occasionner;1
opportunité;1
optimisme;1
organisme;1
originalité;1
outrageux;-1
pacifique;1
paisible;1
palpable;1
pancarte;1
par hasard;1
parer;1
paroxysme;1
passionner;1
passionnant;1
pénétrer;1
pénétrante;1
pénétrant;1
percevoir;1
perfection;1
performance;1
peu fréquemment;-1
peu fréquent;-1
pique niquer;1
piquer niquer;1
plaisanterie;1
plein d espoir;1
point culminer;1
poker;1
polarité;1
porte bonheur;1
possible;1
potion;1
pratiquer;1
prendre le risque de;1
présent;1
présentation;1
presto;1
prévoir;1
prime;1
propice;1
prospère;1
prouesse;1
pureté;1
qui rougir;-1
qui sonner;1
rapide;1
ravir;1
réapparaître;1
récompense;1
récompenser;1
réflexe;1
regarder avec du ?il rond;1
regarder bêtement;-1
regarder bouche bée;-1
réjouissance;1
remarquablement;1
rencontre;1
rencontrer;1
rester bouche bée;1
retour en arrière;1
révolutionner;1
rien de temps;-1
rigoler;1
rire;1
rougir;-1
rougissant;-1
rythmer;1
rythmique;1
s attendre à;1
s éclairer;1
s émerveiller;1
salutation;1
sans délai;1
sans précédent;1
sauvetage;1
scintillation;1
scintillement;1
scoop;1
score;1
se briser;-1
se camoufler;-1
se casser;-1
se réjouir;1
second;1
secourir;1
secours;1
shopping;1
sidérant;-1
signal;1
signal lumineux;1
simplifier;1
singulièrement;1
soleil;1
sonnerie;1
soudain;-1
souhaiter;1
sous estimer;-1
spa;1
spectaculaire;1
splendeur;1
splendide;1
sporadique;-1
stupéfaction;1
stupéfiant;-1
stupéfier;1
subito;1
subliminal;-1
subtil;1
sucrer;1
sur le champ;1
surestimer;-1
surgir;1
surprenant;1
survenir;1
synchroniser;1
tenter;1
tentant;1
tintement;1
tomber nez à nez;1
tomber sur;1
tombola;1
transcendance;1
travail;1
travailler dur;1
trophée;1
unique;-1
vainqueur;1
variable;-1
véracité;1
visière;1
vision;1
zèle;1
à le hâte;-1
aventureux;1
aventurier;1
balaise;-1
bloquer;-1
bourrasque;-1
cascade;1
claquement;-1
crevasse;-1
dévoiler;-1
divulgation;-1
effervescence;-1
espion;-1
flot;-1
furtif;-1
leurre;-1
lueur vacillant;-1
mystérieux;-1
non surveiller;-1
nouveau venu|venue;1
parieur;-1
particulier;-1
pétrifier;-1
plonger;1
précipiter;-1
qui augmenter fortement;-1
qui résonner;1
répandre;-1
séisme;-1
surprendre;-1
tituber;-1
vaciller;-1
accrocher;-1
accroc;-1
afflux;-1
alarmer;-1
alarme;-1
anomalie;-1
appât;-1
arrêter;-1
assourdissant;-1
attraper;-1
avaler;1
avance;1
avertir;1
aveugler;-1
aveuglant;-1
avoir le hoquet;-1
avoir un tic;-1
bander le ?il;-1
béer;-1
béant;-1
bien;1
bouchage;-1
bouche bée;-1
bourdonnement;-1
branler;-1
bronco;-1
bruissement;-1
bruir|bruire métallique;-1
bruir|bruire sec;-1
brusquement;-1
caractère aléatoire;-1
casser;-1
cassant;-1
chanceler;-1
chancelant;-1
cheval sauvage;-1
chimère;-1
cliqueter;-1
cliquetis;-1
confondre;-1
contingence;-1
coup de vent;-1
cyclone;-1
dangeureuses;-1
dédale;-1
défiler;1
démasquer;1
dérailler;-1
déroute;-1
diagnostic;1
digne de confiance;-1
dislocation;-1
dynamite;-1
éclater;-1
effroi;-1
embarder;-1
en rafale;-1
en saillie;-1
en suspens;1
en très fort hausse;-1
enfant en bas âge;1
entrer en collision;-1
entropie;-1
épicer;-1
épouser;1
étonnement;1
étonner;1
étourdissement;-1
étrangement;-1
exposer;-1
extraordinaire;1
faire du folie;-1
faire détoner;-1
faire sursauter;-1
faire un bruit métallique;-1
faire un bruit sourd;-1
faire un embardée;-1
fantôme;-1
farfelu;-1
fasciner;1
fascinant;1
filer à tout vitesse;-1
fission;-1
flash;-1
flèche;1
frapper;-1
frappant;-1
frein;-1
freiner;-1
froissement;-1
fulgurer;-1
fulgurant;-1
gicler;-1
glissade;-1
gong;-1
grillage;-1
halètement;-1
hameçon;-1
hâter;-1
hâtivement;-1
hiatal;-1
hiatus;-1
hic;-1
hochet;-1
hoquet;-1
hoqueter;-1
illusionnisme;-1
imminent;-1
implosion;-1
impressionnant;1
imprévisible;-1
incandescent;-1
incertitude;-1
infarctus;-1
inonder;-1
intrigant;1
intriguer;-1
jeu d argent;-1
labyrinthe;-1
le plus élever;1
le plus haut;1
le souffle couper;-1
loterie;1
loto;1
mal assurer;-1
météorique;-1
mutation;-1
mystique;-1
non garder;-1
nourrisson;1
nouveau venu;1
par surprise;-1
parade;1
pari;1
pas préparer;-1
péripétie;1
peu sûr;-1
picotement;-1
piégeage;-1
piéger;-1
piège;-1
pimenter;-1
piquant;-1
pop;-1
pousser;-1
poussée;-1
prendre;-1
prestidigitation;-1
prier;1
prendre de vertige;-1
prise de vertige;-1
progresser;1
projectile;-1
propulsion;-1
qui déborder;-1
qui monter en flêche;-1
radicalement;-1
remettre du diplôme;1
résonner;-1
réverbération;-1
rôder;-1
s arrêter;-1
sailler|saillir;-1
saillant;1
sainteté;1
saisissant;-1
scepticisme;-1
se braquer;-1
se fissurer;-1
se hérisser;-1
se marier;1
secret;-1
sirène;1
somatique;-1
sonore;-1
sortie;1
soufflant;-1
souffler en rafale;-1
stable;1
suspense;-1
tic;-1
tirer à pile ou face;-1
toboggan;1
toquer;-1
tourbillon;-1
tourbillonner;-1
tout à coup;-1
trébucher;-1
trembler;-1
venteux;-1
vertige;-1
vialins;-1
vibration;-1
vigilance;1
vilain;-1
virer;-1
virer de bord;-1
volcan;-1
volcanique;-1
vortex;-1
voyage;1
vrombir;-1
vrombissement;-1
zinzin;-1
zinzins;-1
discret;1
effroyable;-1
interruption;-1
passager;1
adorable;1
art;1
cessation;-1
démission;-1
éphémère;-1
evanescence;-1
évanescence;-1
formidable;1
groggy;-1
hébétement;-1
hébéter;-1
inédit;1
invaincu;1
invalider;-1
non découvrir;-1
non découvert;-1
non résoudre;-1
poigner|poindre;1
poignant;1
procession;1
rarement;-1
résignation;-1
résiliation;-1
salut;-1
sincère;1
soif;-1
sonner;-1
suspendre;-1
transitoire;-1
accidentel;-1
dérouter;-1
ébranler;-1
égarer;-1
incendie de forêt;-1
irréel;-1
muet|muette;-1
par mégarde;-1
tardif;-1
accident vasculaire cérébral;-1
accidentellement;-1
aphone;-1
appréhension;-1
avalanche;-1
avec crainte;-1
aveu;-1
avoir peur;-1
blafard;-1
bruir|bruire sourd;-1
cacher;-1
cambriolage;-1
capitulation;-1
chuter;-1
couinement;-1
craintivement;-1
crash;-1
crevaison;-1
crever;-1
déconcerter;-1
déconcertant;-1
déluge;-1
déroutant;-1
destination;1
douleur vif;-1
dramatique;-1
drame;-1
écart;-1
écharde;-1
enlèvement;-1
entorse;-1
étourdir;-1
évanouissement;-1
faux couche;-1
fébrile;-1
foulure;-1
fracasser;-1
fragile;-1
fugace;-1
haleter;-1
immerger;-1
immobile;-1
improbable;-1
inconscience;-1
incontrôlé;-1
indécis;-1
inondation;-1
inquiéter;-1
insolvabilité;-1
intestat;-1
involontaire;-1
involontairement;-1
ivresse;-1
lanciner;-1
lancinant;-1
mordillement;-1
mystère;-1
pâle;-1
palpitation;-1
palpiter;-1
par accident;-1
par inadvertance;-1
pépin;-1
perdre;-1
perplexe;-1
perplexité;-1
perte de connaissance;-1
petit morsure;-1
peu méfier;-1
peu méfiant;-1
pièce de théâtre;-1
ponction;-1
précaire;-1
précoce;-1
prématuré;-1
qui ne se douter de rien;-1
rare;-1
rechute;-1
rupture;-1
sans faire exprès;-1
sans le vouloir;-1
sans voix;-1
se fouler;-1
solide;1
submerger;-1
syncope;-1
tragédie;-1
tragique;-1
urgence;-1
déplacer;-1
espiègle;1
subversif;-1
taquin;1
tête le premier;-1
aberrer;-1
aborder;1
argent;1
baffe;-1
brailler;-1
caprice;-1
chant;1
claque;-1
contrer;-1
coup d état;-1
démangeaison;-1
démanger;-1
divergent;-1
enjoué;1
enthousiasme;1
gifle;-1
gifler;-1
incongru;-1
monnaie;1
neutraliser;-1
obstruction;-1
plaquer au sol;1
précipitamment;-1
qui bouche;-1
qui obstruer;-1
révolte;-1
sans fil;1
scander;1
se révolter;-1
tête baisser;-1
allusion;-1
charge;-1
contrecarrer;1
cri;-1
désordre;-1
explosif;-1
faire un manifestation devant;-1
intrus;-1
irréfléchi;-1
jappement;-1
mercuriel;-1
poigne;-1
rafle;-1
saisir;-1
sèche;-1
tapageur;-1
tireur|tireuse;-1
tourner;1
trouble;-1
affluer;-1
agression;-1
alerte;1
amortir;-1
appel;-1
arracher;-1
assaut;-1
asséner;-1
attaque choc;-1
attaquer;-1
attaquer avec un hache;-1
blitz;-1
bombardement;-1
bousculade;-1
bousculer;-1
brusque;-1
brusquer;-1
bruyant;-1
capture;-1
capturer;-1
choc;-1
choper;-1
cinglant;-1
claquer;-1
conflagration;-1
coup de foudre;-1
coup sec;-1
craquer;-1
crépitement;-1
dard;-1
débordement;-1
déchaînement;-1
donner un coup de tête;-1
écarlate;-1
écourter;-1
éliminer;-1
embraser;-1
embuscade;-1
enfoncer;-1
entrer en éruption;-1
éruption;-1
espionnage;-1
excentrique;-1
excitation;1
exorbiter;-1
exorbitant;-1
faire exploser;-1
faire un coup amortir;-1
faire un descente dans;-1
fixer du regard;-1
fondre sur;-1
foudre;-1
fracas;-1
glapir;-1
glapissement;-1
grand coup;-1
griffer;-1
griffure;-1
guet apens;-1
hachette;-1
horde;-1
immobiliser;-1
incendiaire;-1
incendie;-1
incontrôlable;-1
insinuation;-1
invasion;-1
japper;-1
jeunesse;1
laconique;-1
malicieux;-1
méfiant;-1
orage;-1
parjure;-1
petit coup;-1
peur;-1
piquer sur;-1
piquet de grève;-1
pousser du doigt;-1
pousser un cri perçant;-1
précipitation;-1
prendre feu;-1
puma;-1
raid;-1
retentir;-1
retentissant;-1
ruer;-1
rugir;-1
rugissement;-1
rush;-1
saccage;-1
scandale;-1
se casser net;-1
se dépêcher;-1
se faufiler;-1
se glisser furtivement;-1
se jeter sur;-1
se presser;-1
se venger;-1
sec;-1
secousse;-1
sifflement;-1
siffler;-1
smash;-1
sonneur;-1
sosie;-1
souffle;-1
soulèvement;-1
sou entendre;1
strident;-1
suprématie;1
tacot;-1
tendre un embuscade à;-1
tireur;-1
tonitruer;-1
tonitruant;-1
tonner;-1
tonnerre;-1
tumulte;-1
ultimatum;-1
vengeance;-1
versatilité;-1
vigiler;1
vigilant;1
volatilité;-1
zap;-1
zapper;-1
interrompre;-1
inassouvi;-1
perdant;-1
qui avoir perdre;-1
qui perdre;-1
solidarité féminin;1
sororité;1
vote;1
voter;1
calvaire;-1
dangereux;-1
escroquer;-1
expulser;-1
inquisiteur;-1
intrusion;-1
kidnapper;-1
tirer;1
abandon;-1
abattre;-1
annulation;-1
arnaque;-1
arnaquer;-1
arrêt;-1
blocage;-1
bombardier;-1
bombe;-1
boucher;-1
bouleversement;-1
briser;-1
cataclysme;-1
coincer;-1
collision;-1
complot;-1
confusion;-1
couiner;-1
coup de couteau;-1
coup de poing;-1
crampe;-1
cri strident;-1
crise;-1
crissement;-1
crisser;-1
défier;-1
déporter;-1
dérangement;-1
déraper;-1
dérober;-1
descente;-1
dévastation;-1
dissolution;-1
donner un coup de couteau à;-1
donner un coup de poing;-1
effrayant;-1
égratignure;-1
éjection;-1
en retard;-1
entrave;-1
entraver;-1
envahir;-1
épreuve;-1
étrangleur;-1
évincer;-1
exploser;-1
gratter;-1
grincement;-1
illusion;-1
ingérence;-1
intercéder;-1
manipulation;-1
obstacle;-1
paralyser;-1
perturbation;-1
piquet;-1
poignarder;-1
problème;-1
punch;-1
qui délire;-1
quitter;-1
rareté;-1
se précipiter;-1
siège;1
sorcellerie;-1
starter;-1
super;1
supplice;-1
tempête;-1
terrain;1
tir;-1
traîtrise;-1
traumatique;-1
traumatiser;-1
traumatisant;-1
tremblement;-1
tremblement de terre;-1
vague;-1
voler;-1
voler en éclat;-1
adhésif;1
aqueux;-1
asticot;-1
boueux;-1
boutonneux;-1
briller;1
chevelu;-1
cireur;-1
coquillage;-1
crasseux;-1
cuve;-1
disgracieux;-1
ébouriffer;-1
écailleur;-1
écume;1
écumeur;-1
évitement;-1
feignant;-1
filandreux;-1
fumeur|fumeuse;-1
gadoue;-1
gélatineux;-1
gitan;-1
graisseur|graisseux;-1
granuleux;-1
gras;-1
graveleux;-1
grossier;-1
indécent;-1
infiltration;-1
lascif;-1
malavisé;-1
malpropre;-1
matière visqueux;-1
mixture;-1
mouffette;-1
mousse;-1
mousseux;-1
non valider;-1
parvenir;-1
pâtée;-1
pet;-1
poilu;-1
pompeur;-1
poreux;-1
poteler;-1
poussiéreux;-1
spongieux;-1
squameux;-1
tâcher;-1
trop liquide;-1
trouillard;-1
variqueux;-1
vaseux;-1
velu;-1
visqueux;-1
voyant;1
bon gorgée;-1
à côte;-1
à nervure;-1
abat;-1
acétique;-1
acide;-1
acidité;-1
âcre;-1
additif;-1
adipeux;-1
aigre;-1
ail;-1
air;-1
alambiquer;-1
amidon;-1
amidonner;-1
ammoniac;-1
amphétamine;-1
amphibien;-1
amphibiens;-1
amygdale;-1
ânerie;-1
appentis;-1
arrière goÃ»t;-1
arriviste;-1
asphalte;-1
asphalter;-1
assainir;1
asymétrie;-1
au beurre;1
au goÃ»t de beurre;1
au m?urs léger;-1
babouin;-1
bâcler;-1
bagatelle;-1
baigner;-1
barjot;-1
bavure;-1
benzène;-1
berner;-1
bitume;-1
blanchâtre;-1
bleuâtre;-1
bordel;-1
boue;-1
bouffir;-1
bouillir;-1
boursoufler;-1
bouse;-1
bovin;-1
boyau;-1
brÃ»lé;-1
brÃ»lée;-1
brouette;1
broussaille;-1
broutille;-1
bulbe;-1
bureaucrate;-1
butane;-1
butyreux;1
caca;-1
cailler;-1
calcaire;-1
canalisation;-1
caniveau;-1
carie;-1
carter;-1
cartilage;-1
cataire;-1
catéchisme;1
caudal;-1
cerf volant;1
cérumen;-1
chair;-1
charbon de bois;-1
charrette;1
chenille;-1
chichi;-1
chiquer;-1
cigare;-1
cigarette;-1
cireux;-1
citron;-1
cloque;-1
clou de girofle;-1
cochon;-1
collante;-1
côlon;-1
commérage;-1
commère;-1
commérer;-1
complaire;-1
complaisant;-1
compost;-1
composter;-1
concierge;1
condescendre;-1
condescendant;-1
congrès;1
constipation;-1
couche culotte;-1
coucou;-1
couenne;-1
coup de langue;-1
couple mal assortir;-1
cracher;-1
cramoisir;-1
crapaud;-1
crasse;-1
croûte;-1
crustacé;-1
cuticule;-1
dandy;1
de citron;-1
de mauvais goût;-1
de moisir;-1
débarras;-1
décharge;-1
déchet;-1
décoloration;-1
défoncer;-1
dégoûtane;-1
dégoûter;-1
dégueuler;-1
démoder;-1
dépôt visqueux;-1
désherbage;-1
désherber;-1
désinfectant;-1
désinfecter;-1
désuet;-1
détergent;-1
détritus;-1
diarrhée;-1
dilatation;-1
dirofilariose;-1
dissection;-1
disséquer;-1
dodu;-1
doigt de pied;-1
drainage;-1
dyspepsie;-1
eau de mer;-1
eau usé;-1
écaillage;-1
écailleux;-1
économie;1
écouvillon;-1
écumer;-1
écumeux;-1
égout;-1
élégant;1
émécher;-1
empester;-1
en touffe;-1
enduire de jointement;-1
enfantin;-1
entomologie;-1
entrailles;-1
épargne;1
éponge;-1
éponger;-1
épousseter;-1
éruption cutané;-1
escargot;-1
estomac;1
étal;1
étang;-1
éthanol;-1
éther;-1
excès;-1
excrément;-1
excrétion;-1
exsuder;-1
faire pipi;-1
faire tremper;-1
fécal;-1
fèces;-1
fécule;-1
feindre;-1
feinte;-1
fenouil;-1
ferment;-1
fermentation;-1
fermenter;-1
fibreux;-1
fil dentaire;-1
filamenteux;-1
fistule;-1
flatulence;-1
flop;-1
former un crôute;-1
fornication;-1
fougère;-1
fripouille;-1
frire;-1
frivole;-1
frottis;-1
fruit de mer;-1
fumer;-1
fumeur;-1
fumier;-1
fusain;-1
futilité;-1
garçon;1
gastrique;-1
gauchir;-1
gaz;-1
gazeuse;-1
gazeux;-1
gélatine;-1
génital;-1
gerber;-1
germer;-1
glaire;-1
gloutonnerie;-1
gluer;-1
gluant;-1
glycérine;-1
goinfre;-1
goudron;-1
goudronner;-1
goudronneuse;-1
goudronneux;-1
gourmand;-1
gouttière;-1
graissage;-1
graisser;-1
graisseux;-1
grassouillet;-1
gratuit;1
grenouille;-1
grivois;-1
groin;-1
grossesse;1
grotesque;-1
grumeleux;-1
gueule|gueules;-1
gynécologie;-1
haschisch;-1
haut le c?ur;-1
hémorroïde;-1
herbe;-1
herbe à chat;-1
héroÃ¯ne;-1
herpès;-1
hippie;-1
hirsute;-1
huard;1
huile;-1
huiler;-1
huître;-1
humide;-1
humidité;-1
hypocrite;-1
imbiber;-1
immature;-1
imparfaitement;-1
impoli;-1
impur;-1
impureté;-1
indigestion;-1
indigne;-1
indubitable;1
infomes;-1
intérieur;1
intestin;-1
intestinal;-1
irlandais;-1
ivre;-1
jeter du détritus;-1
jeter du ordure;-1
jeune homme;1
kyste sébacé;-1
kystique;-1
laid;-1
lamper;-1
laque;-1
laquer;-1
lard;-1
larguer;-1
larve;-1
latrines;-1
lavement;-1
lécher;-1
lichen;-1
limace;-1
litière;-1
lourdaud;-1
lubrifiant;-1
lubrification;-1
lubrifier;-1
lubrique;-1
mâcher;-1
maison clore;-1
mal assortir;-1
malpoli;-1
malversation;-1
mannequin;-1
manquement;-1
mare;-1
marijuana;-1
mastiquer;-1
mastiquer bruyamment;-1
matière gluant;-1
matière fécal;-1
mauvais herbe;-1
mélasse;-1
méthanol;-1
mettre bas;-1
mildiou;-1
miteux;-1
moignon;-1
moisir;-1
moisissure;-1
mollusque;-1
monticule;-1
mouiller;-1
moussant;-1
moussu;-1
mucosité;-1
mucus;-1
muqueuse;-1
muqueux;-1
narine;-1
nauséabond;-1
nausée;-1
navet;-1
ne pas tenir compte;-1
nez;1
niais;-1
nicotine;-1
non approuver;-1
non laver;-1
nymphe;-1
obèse;-1
obscène;-1
oignon;-1
ongle;-1
orgie;-1
orgueil;-1
orteil;-1
oxydation;-1
pacotille;-1
paillard;-1
paillette;1
palourde;-1
périssable;-1
perroquet;-1
petit coin;-1
peu soigner;-1
pipi;-1
plante du pied;-1
plasma;-1
plumeau;-1
poisseux;-1
polluer;-1
pollution;-1
polygamie;-1
pompette;-1
pompeux;-1
porcherie;-1
pore;-1
porno;-1
pornographique;-1
porosité;-1
postillonner;-1
poubelle;-1
poudre;-1
pousse;-1
poussière;-1
prétexte;-1
prolonger;1
propane;-1
puer;-1
puant;-1
puanteur;-1
puéril;-1
puisard;-1
pulpe;-1
purification;1
purin;-1
pouvoir;-1
putain;-1
pute;-1
putois;-1
qui avoir un odeur de moisir;-1
qui consommer beaucoup;-1
qui s empiffrer;-1
radotage;-1
radoter;-1
ragot;-1
rance;-1
rasseoir|rassir;-1
récurer;-1
régurgitation;-1
rendre enclin;1
renflement;-1
répugnance;-1
résine;-1
risible;-1
rougeâtre;-1
rougeaud;-1
rougeur;-1
sableux;-1
sableur|sableuse;-1
sablonneux;-1
saindoux;-1
sale;-1
saler;-1
saleté;-1
salir;-1
salive;1
saliver;1
sangsue;-1
saoul;-1
saumâtre;-1
saumure;-1
sciure;-1
sconse;-1
scorie;-1
se boursoufler;-1
se dépouiller de;-1
se glisser;-1
se gonfler;-1
se tortiller;-1
sécréter;-1
sécrétion;-1
sédiment;-1
sédimentaire;-1
seigneur;1
sel;-1
semelle;-1
sentir mauvais;-1
septique;-1
serpillère;-1
sinus;-1
snob;-1
sol;1
sole;-1
son;1
son de blé;1
souche;1
souiller;-1
sourire bête;-1
sourire suffisant;-1
sperme;1
spore;-1
stalle;1
stand;1
stéréotype;-1
stéréotyper;-1
suer;-1
sudation;-1
suffisant;1
suie;-1
suintement;-1
suinter;-1
surabondance;-1
synthétique;-1
tabac;-1
tabagisme;-1
tampon;1
tartre;-1
tas;1
termite;-1
tertre;-1
théisme;-1
toilette;-1
toilette extérieur;-1
tomber goutte à goutte;-1
touffu;-1
tourbe;-1
tousser;-1
toux;-1
trace;-1
traiter avec condescendance;-1
transpirer;-1
trémpée;-1
trop diluer;-1
truie;-1
truite;-1
tufté;-1
veine;1
veiner;-1
veineux;-1
venaison;-1
verdâtre;-1
verrue;-1
vésiculaire;-1
vessie;-1
vétuste;-1
vieillot;-1
virus de l herpès;-1
viscosité;-1
vomir;-1
vomissement;-1
vulgaire;-1
w c;-1
wc;-1
ablation;-1
abominable;-1
animal;-1
barge;-1
bourbe;-1
cambrioleur;-1
caustique;-1
dégénérer;-1
douteur;-1
embarrasser;-1
géant;-1
horrible;-1
impensable;-1
irrationnel;-1
laxatif;-1
maladroit;-1
marais;-1
marécageux;-1
placer en quarantaine;-1
protubérance;-1
proxénète;-1
purger;-1
réduire en purée;-1
sensible;1
vestige;-1
alléguer;-1
anaconda;-1
anastomose;-1
anguille;-1
anthropophage;-1
anthropophagie;-1
antimoine;-1
araignée;-1
aspic;-1
astringent;-1
bactérie;-1
bandit;-1
batte;-1
bayou;-1
bestial;-1
bestiole;-1
boa;-1
caillot;-1
calciner;-1
cannibale;-1
cannibalisme;-1
charognard;-1
chauve souris;-1
chloroforme;-1
chochotte;-1
ciguë;-1
coaguler;-1
cobra;-1
contagion;-1
contamination;-1
contre nature;-1
corneille;-1
corrosif;-1
corrovsive;-1
crabe;-1
créature;-1
crique;1
criquet;-1
crotale;-1
cuir chevelu;-1
cyanure;-1
débauche;-1
défection;-1
déraisonnable;-1
douteux;-1
échéance;-1
éluder;-1
en arriérer;-1
en éviter;-1
enfler;-1
enflure;-1
épanchement;-1
épine;-1
essaim;-1
être protubérant;-1
éviter;-1
exciser;-1
expiration;-1
extraterrestre;-1
extrusion;-1
faussement pudique;-1
faussement timide;-1
fauve;-1
faux bourdon;-1
forme indistinct;-1
fourmi;-1
fumigation;-1
gale;-1
gauche;-1
gaucherie;-1
gobelin;-1
goéland;-1
gonflement;-1
gorge;-1
idolâtrie;1
incision;-1
incube;-1
infestation;-1
inflammation;-1
insecte;-1
jaunisse;-1
kérosène;-1
lama;-1
locuste;-1
maladresse;-1
malfaçon;-1
maquereau;-1
mauviette;-1
microbe;-1
mite;-1
mouette;-1
mutant;-1
mycose vaginal;-1
nodulaire;-1
nodule;-1
nuer;-1
obi;1
occulte;-1
omettre;-1
opiacer;-1
parasite;-1
percolation;-1
péremption;-1
pestilence;-1
petit bête;-1
pie;-1
pieuvre;-1
pigeon;-1
porc épic;-1
pornographie;-1
pou;-1
poule mouillé;-1
poulpe;-1
procéder à un lavage interne;-1
puceron;-1
purée;-1
purgatoire;-1
purge;-1
quarantaine;-1
rat;-1
résection;-1
réséquer;-1
s envaser;-1
saillie;-1
salamandre;-1
sanglier;-1
sauter;-1
sauterelle;1
scalper;-1
scarabée;1
serpent;-1
serpent à sonnette;-1
serpenter;-1
sinuer;-1
socialisme;1
sous cutané;-1
souteneur;-1
spéculum;-1
sueur;-1
suture;-1
tabou;-1
tarer;-1
tentacule;-1
tétanos;-1
ton monotone;-1
tourbier|tourbière;-1
transpiration;-1
turbidité;-1
vase;-1
vaudou;-1
vautour;-1
vérole;-1
vinaigre;-1
virus;-1
caduque;-1
défectueux;-1
déplaire;-1
déshonneur;-1
échec;-1
éroder;-1
grisonner;-1
guenille;-1
haillon;-1
illettré;-1
insensible;-1
maladif;-1
mou;-1
nauséeux;-1
oisif;-1
paresseux;-1
périmer;-1
peu séduire;-1
pieux;1
pitoyable;-1
qui donner envie de vomir;-1
raillerie;-1
sans résultat;-1
superficiel;-1
aliéner;-1
altération;-1
amorphe;-1
analphabète;-1
attrition;-1
avancer au ralenti;-1
avancer lentement;-1
bruine;-1
bruiner;-1
brûlure d estomac;-1
brun grisâtre;-1
cabane;1
caduc;-1
camelote;-1
chauve;-1
cocu;-1
colique;-1
corrosion;-1
corvée;-1
crachin;-1
décolorant;-1
décolorer;-1
décomposer;-1
dégectueuses;-1
dégingander;-1
dépasser;-1
déplaisant;-1
déprimant;-1
dérisoire;-1
désagréable;-1
détériorer;-1
déterrer;-1
détremper;-1
discrédit;-1
drogue;-1
droguer;-1
eau de javel;-1
édenter;-1
effilocher;-1
en ruiner s;-1
en vain;-1
encombrer;-1
excaver;-1
expirer;-1
fade;-1
faner;-1
faute;-1
flasque;-1
flétrir;-1
fripe;-1
gêne;-1
goût;1
graisse;-1
grand dam;-1
grand et maigre;-1
gris;-1
gris|grise;-1
grisonnant;-1
guinder;-1
humble;1
humilier;-1
humiliant;-1
hutte;1
ignorer;-1
ignorant;-1
imperfection;-1
impopulaire;-1
inadéquation;-1
incapacité;-1
incinération;-1
inconfort;-1
inculte;-1
indifférent;-1
inefficace;-1
inefficacité;-1
infidele;-1
inintéressant;-1
iniquité;-1
insatisfaisant;-1
insipide;-1
insupportable;-1
labeur;-1
lent;-1
lente;-1
luxuriant;1
macération;-1
marcher à quatre patte;-1
mari tromper;-1
matérialiste;-1
mauvais réputation;-1
mendier;-1
modification;-1
modifier;-1
moindre;-1
monochrome;-1
morbide;-1
mourir;-1
mort;-1
mouchoir;-1
obésité;-1
obsolescence;-1
obsolète;-1
oisiveté;-1
ordure;-1
paresse;-1
petit gros petit gros|grosse;-1
petit tache;-1
peu attraire;-1
peu attrayant;-1
peu satisfaisant;-1
peu séduisant;-1
piètre;-1
pourrir;-1
prostitution;-1
quémander;-1
qui empire;-1
qui se dégrader;-1
qui se détériorer;-1
ramper;-1
reflux;-1
reniflement;-1
renifler;-1
rétrograde;-1
rétrograder;-1
riche;1
rouiller;-1
sans dent;-1
sans instruction;-1
saveur;1
savourer;1
se dégrader;-1
se périmer;-1
se prostituer;-1
simpliste;-1
sourd;-1
subalterne;-1
terne;-1
ternir;-1
tissu;1
travail pénible;-1
trempage;-1
tremper;-1
tristement;-1
tromper;-1
usure;-1
vagabond;-1
vainement;-1
végétatif;-1
attarder mental;-1
bourde;-1
chétif;-1
contagieux;-1
de travers;-1
décombre|décombres;-1
difforme;-1
difformité;-1
étranger;-1
glauque;-1
hideux;-1
incestueux;-1
infectieux;-1
insoutenable;-1
marécage;-1
méticuleux;-1
névrosé;-1
nul;-1
pétrin;-1
pointilleux;-1
position par défaut;-1
situation difficile;-1
squatteuse;-1
stupeur;-1
trou perdu;-1
abcès;-1
abrasion;-1
affliction;-1
amputation;-1
anonyme;-1
anthrax;-1
arriération;-1
arsenic;-1
asymétrique;-1
atrophie;-1
atrophier;-1
au bord du larme;-1
autopsie;-1
avortement;-1
bas fond|fonds;-1
biopsie;-1
bourbier;-1
carcasse;-1
cendre;-1
charbon;-1
charpir;-1
choléra;-1
clochard;-1
cocaÃ¯ne;-1
complaindre;-1
compliquer;-1
consanguin;-1
contaminer;-1
coqueluche;-1
couler;-1
cytomégalovirus;-1
débris;-1
décharner;-1
décomposition;-1
dégrader;-1
dégradant;-1
dégradation;-1
démembrement;-1
discontinuité;-1
duper;-1
dysenterie;-1
écarteler;-1
écoulement de sang;-1
eétouffants;-1
émacier;-1
en larme;-1
en mauvais santé;-1
en pleur|pleurs;-1
endémique;-1
enfumer;-1
envahir par le mauvais herbe;-1
éraflure;-1
exclusion;-1
faire un gaffe;-1
faire un hémorragie;-1
faire un overdose;-1
falsifier;-1
fond de cale;-1
frigide;-1
gaspillage;-1
geindre;-1
gel;-1
gelure;-1
gémir;-1
gémissement;-1
ghetto;-1
goutte;-1
grésil;-1
grippe;-1
hémorragie;-1
hernie;-1
hydrocéphalie;-1
ineptie;-1
infecter;-1
infection;-1
infortune;-1
interruption de grossesse;-1
kyste;-1
laideur;-1
lamentation;-1
lèpre;-1
lesbien;-1
létal;-1
lugubre;-1
macabre;-1
mal de dent;-1
malaria;-1
malheur;-1
malsain;-1
marasme;-1
momie;-1
morgue;-1
mutiler;-1
nécrose;-1
névrotique;-1
occlusion;-1
oreillon;-1
overdose;-1
paludisme;-1
pandémie;-1
pandémique;-1
panne;-1
par défaut;-1
paria;-1
peste;-1
peu orthodoxe;-1
pli;-1
propos insignifiant;-1
rage de dent;-1
rejeter;-1
remous;-1
réticence;-1
ride;-1
rougeole;-1
rouille;-1
sacrifice;-1
saignant;-1
saignement;-1
sans âme;-1
sans nom;-1
se décomposer;-1
se lamenter;-1
sepsis;-1
sillon;-1
sombrer;-1
souffrir;-1
squatter;-1
subvertir;-1
suffocant;-1
tâche;-1
tacher;-1
taudis;-1
varicelle;-1
verser dans un tasse;1
vide;-1
bête;-1
bourru;-1
boycottage;-1
calleux;-1
calomnieux;-1
chahut;-1
chamailleur;-1
copieur;-1
corbeau;-1
crétin;-1
critiqueur;-1
dédaigneux;-1
diffamatoire;-1
fallacieux;-1
fouillis;-1
fouineur;-1
frauduleux;-1
furieux;-1
grossièreté;-1
haine;-1
hostilité;-1
idiot;-1
imbécile;-1
imitateur;-1
importun;-1
inconvenance;-1
indiscret;-1
irrévérencieux;-1
manière;-1
menteur;-1
méprendre;-1
méprisable;-1
meulage;-1
narquois;-1
obscénité;-1
orgueilleux;-1
peu scrupuleux;-1
pinailleur;-1
présomptueux;-1
prétentieux;-1
rancunier;-1
requérant;-1
tromperie;-1
vicieux;-1
abject;-1
abrutir;-1
accusatif;-1
accusation;-1
antipathie;-1
antipathique;-1
archaÃ¯que;-1
arrogant;-1
assujettir;-1
avarice;-1
avide;-1
avidité;-1
bêtise;-1
biais;-1
blâme;-1
blâmer;-1
blasphématoire;-1
bobard;-1
bougonner;-1
boycott;-1
boycotter;-1
chamaillerie;-1
chancre;-1
charlatan;-1
clapet;-1
coin coin;-1
con;-1
conflictuel;-1
connard;-1
connerie;-1
contradictoire;-1
contrariété;-1
contrefaçon;-1
controverser;-1
copie;-1
copieux;-1
corruption;-1
cupidité;-1
cynique;-1
dame;1
de façade;-1
de mauvais qualité;-1
débile;-1
débiliter;-1
déclaration inexact;-1
décrier;-1
dédaigner;-1
délictuel;-1
délictuelle;-1
délictuelles;-1
délictuels;-1
dénaturer;-1
dénoncer;-1
dépravation;-1
désavouer;-1
désobéir;-1
détester;-1
détournement de fond|fonds;-1
discorde;-1
discréditer;-1
effronté;-1
égocentrique;-1
égoïsme;-1
égoïste;-1
éhonté;-1
en colère;-1
enfant gâté;-1
énormité;-1
escroc;-1
être indiscret;-1
évident;1
exaspération;-1
fâcheux;-1
factice;-1
faire bouillir;-1
faire semblant;-1
falacieuses;-1
falsification;-1
fausseté;-1
ficher;-1
fictif;-1
fille de joie;-1
fouiner;-1
frauder;-1
friction;-1
goujat;-1
gourmandise;-1
gueule;-1
hautain;-1
hérésie;-1
hérétique;-1
hululement;-1
hululer;-1
hypocrisie;-1
immaturité;-1
immoralité;-1
imposteur;-1
imposture;-1
inconsidéré;-1
inconstant;-1
indécence;-1
indignation;-1
indigner;-1
inepte;-1
inexactitude;-1
infantile;-1
ingrat;-1
intolérable;-1
irrecevable;-1
irriter;-1
irritant;-1
jacasser;-1
jalouser;-1
jaloux;-1
jeune femme;1
jeune fille;1
klaxonner;-1
lorgner;-1
matière;-1
médiocre;-1
médiocrité;-1
mensonger;-1
mépriser;-1
méprisant;-1
merde;-1
mouture;-1
ne pas aimer;-1
niaiserie;-1
nihilisme;-1
odorat;-1
pagaille;-1
pédant;-1
peu compatissant;-1
peu compatissante;-1
peu compatissantes;-1
peu compatissants;-1
polémique;-1
politique;1
pousser du huée;-1
qui induire en erreur;-1
raconter un bobard;-1
récalcitrant;-1
regard méchant;-1
regarder méchamment;-1
rendre responsable;-1
repudiation;-1
répudiation;-1
requérir;-1
revêche;-1
ricanement;-1
ricaner;-1
ronflement;-1
ronfler;-1
sale gosse;-1
salope;-1
sans scrupule;-1
sarcastique;-1
sardonique;-1
satire;-1
satirique;-1
se moquer;-1
séparatiste;-1
stupide;-1
stupidité;-1
subvention;1
tête de n?ud;-1
tricherie;-1
trou du cul;-1
vanité;-1
vaniteux;-1
vice;-1
volage;-1
accusateur;-1
arnaqueur;-1
avocat;1
bâtard;-1
chenapan;-1
conspirateur;-1
contrebandier;-1
criminel;-1
esprit du mal;-1
exécrer;-1
folle|fou furieux;-1
inconcevable;-1
infect;-1
insidieux;-1
instinctif;1
litigieux;-1
opposable;-1
pervers;-1
peu recommandable;-1
répugner;-1
sauvage;-1
scélérat;-1
trafiquant;-1
vindicatif;-1
avoir priori;-1
abhorrer;-1
acharner;-1
acte de défi;-1
actionnable;-1
adversaire;-1
adverse;-1
âne;-1
antagoniste;-1
antéchrist;-1
assoiffer de sang;-1
aversion;-1
avoir en horreur;-1
bagarre;-1
bâillon;-1
bâillonner;-1
barbare;-1
barbarisme;-1
bouchère;-1
bouleau;-1
brutal;-1
cacophonie;-1
capot;1
capuche;1
censeur;-1
censurer;-1
charcuter;-1
charcutier;-1
chose;-1
colère;-1
contentieux;-1
contrebande;-1
crapule;-1
criminalité;-1
croix gammée;-1
de contrebande;-1
de mauvais réputation;-1
décapage;-1
défi;-1
dégoÃ»tant;-1
dégoût;-1
dégoûtant;-1
délinquance;-1
déloyal;-1
dénonciation;-1
discutable;-1
durcir;-1
écorce;-1
elfe;1
embarquer de force;-1
en furie;-1
enchevêtrement;-1
endurcir;-1
être imposant;-1
féroce;-1
fou furieux;-1
frottement;-1
gnome;-1
gonfler;-1
gourou;-1
grattage;-1
grincer;-1
grouiller;-1
hotte;1
idée faux;-1
ignoble;-1
illégalité;-1
inculpation;-1
inculper;-1
indiscipliné;-1
infecteninfects;-1
infondé;-1
intolérance;-1
lâchement;-1
lâcheté;-1
lave;-1
livide;-1
malfrat;-1
malice;-1
manque de confiance;-1
masochisme;-1
méchanceté;-1
méfiance;-1
menacer;-1
menaçant;-1
minable;-1
mettre en accusation;-1
moustique;-1
notoire;-1
ogre;-1
opposant;-1
orque;-1
outrage;-1
pelotage;-1
peloter;-1
pervertir;-1
populace;-1
posséder;-1
posséedées;-1
préjuger;-1
punk;-1
qui avoir du préjugé;-1
qui maudire;-1
réactionnaire;-1
repousser;-1
repoussant;-1
répugnant;-1
répulsif;-1
répulsion;-1
révolter;-1
révoltant;-1
révolvantes;-1
rigueur;-1
rixe;-1
sanguinaire;-1
se bagarrer;-1
se méfier de;-1
soufre;-1
svastika;-1
swastika;-1
tribunal;1
tripotage;-1
tripoter;-1
troll;-1
vampire;-1
vaurien;-1
venin;-1
vermine;-1
vieux sorcier;-1
vil;-1
voyou;-1
avec amertume;-1
bon à rien;-1
dégât;-1
demanderesse;-1
désapprobateur;-1
gaspilleur;-1
injustifiable;-1
insouciant;-1
malheureux;-1
moqueur;-1
qui manquer de considération;-1
railleur;-1
se dévaloriser;-1
trompeur;-1
trop cher;-1
zut;-1
adultère;-1
agacement;-1
altérer;-1
amèrement;-1
amertume;-1
arbitraire;-1
athée;-1
baliverne;-1
bannissement;-1
bile;-1
condescendance;-1
corrompre;-1
culpabilité;-1
décadence;-1
déformer;-1
dégénérescence;-1
dénigrer;-1
dépit;-1
déplorer;-1
dérision;-1
désapprobation;-1
désapprouver;-1
désenchantement;-1
désillusion;-1
détestable;-1
diatribe;-1
discriminatoire;-1
discriminer;-1
disparité;-1
disqualifier;-1
doléance;-1
ennuyer;-1
établir un discrimination;-1
faible;-1
foutaise;-1
froncer le sourcil;-1
gaspiller;-1
goguenard;-1
grief;-1
hors de prix;-1
idiotie;-1
inadmissible;-1
inapproprié;-1
inappropriée;-1
inappropriées;-1
inappropriés;-1
incommode;-1
incommoder;-1
incompatible;-1
incompétence;-1
indéifférents;-1
inexcusable;-1
infamie;-1
injuste;-1
injustifié;-1
insignifiant;-1
insuffisance;-1
intenable;-1
irascibilité;-1
irritation;-1
isolant;1
malhonnête;-1
malhonnêteté;-1
mensonge;-1
mentir;-1
mesquin;-1
misérable;-1
nègre;-1
offensif;-1
offensive;-1
ortie;-1
pathétique;-1
perversion;-1
plagiat;-1
profaner;-1
prostituer;-1
qui cause du tort;-1
rancune;-1
récidive;-1
récidivisme;-1
renfrogner;-1
reproche;-1
reprocher;-1
ressentiment;-1
ridiculiser;-1
rugosité;-1
sans c?ur;-1
sarcasme;-1
saturer;-1
se débarrasser de;-1
se déprécier;-1
soupirer;-1
sujet;-1
supplément;1
surtaxe;-1
tarif;-1
toison;1
vulgarité;-1
accuser;-1
allonger;-1
banshie;-1
bazar;-1
concurrent;-1
conspiration;-1
contrarier;-1
contrevenant;-1
cruel;-1
dégoÃ»ter;-1
délinquant;-1
démence;-1
désastreux;-1
destructeur;-1
détenir;-1
dévastateur;-1
dispute;-1
douloureux;-1
effrayer|effrayer;-1
ennemi;-1
ennuyeux;-1
épouvantable;-1
étendre;-1
FAUX;-1
fugitif;-1
honteux;-1
immonde;-1
infraction;-1
irrespectueux;-1
lamentable;-1
malchanceux;-1
mortel;-1
nocif;-1
nuisible;-1
obséquieux;-1
odieux;-1
oppressif;-1
pécheresse;-1
péjoratif;-1
peureux;-1
poursuivre en justice;-1
prisonnier;-1
radin;-1
reconnaître coupable;-1
à contrec?ur;-1
abandonner;-1
abattoir;-1
abomination;-1
aggravation;-1
alcoolisme;-1
aliénation;-1
anathème;-1
animosité;-1
antisocial;-1
assassin;-1
asservissement;-1
assujettissement;-1
atroce;-1
avare;-1
avec violence;-1
balafre;-1
banshee;-1
barbarie;-1
bigot;-1
blennorragie;-1
blesser;-1
blessant;-1
blessure;-1
braconnage;-1
braquage;-1
broyer;-1
brut;-1
brutalité;-1
brute;-1
calomnier;-1
cambrioler;-1
cancer;-1
chaîne;-1
chien|chienne;-1
cicatrice;-1
coercition;-1
collusion;-1
condamnation;-1
confiner;-1
corrupteur;-1
coupable;-1
coupure;-1
crier;-1
cruauté;-1
crucifixion;-1
déboîter;-1
découpage;-1
dédain;-1
défavorable;-1
défigurer;-1
déformation;-1
dégoÃ»t;-1
délaisser;-1
délétère;-1
délire;-1
délit;-1
démoniaque;-1
dénigrement;-1
dénuder;-1
déplorable;-1
dépraver;-1
désert;-1
déserter;-1
désespoir;-1
déshonorer;-1
désinformation;-1
désintégrer;-1
désobéissance;-1
désobliger;-1
désobligeant;-1
désordonner;-1
despotisme;-1
détérioration;-1
dévaloriser;-1
diable;-1
diabolique;-1
dictature;-1
discrimination;-1
disgrâce;-1
disgracier;-1
disloquer;-1
dommage;-1
dur;-1
écarter;-1
éc?urer;-1
éc?urant;-1
éc?urement;-1
écrasant;-1
élimination;-1
empêtrer;-1
empétrés;-1
emprisonner;-1
emprisonnement;-1
en désordre;-1
en ruine;-1
en sang;-1
en train de mourir;-1
endommager;-1
enfer;-1
enfermer;-1
enrager;-1
ensanglanter;-1
entacher;-1
éprouver;-1
éprouvant;-1
éradication;-1
éradiquer;-1
esclavage;-1
esclave;-1
exclure;-1
expropriation;-1
extermination;-1
exterminer;-1
faillite;-1
faire le grimace;-1
fouetter;-1
fourbe;-1
foutre;-1
froideur;-1
froussard;-1
fuir;-1
gâcher;-1
gisant;-1
gonorrhée;-1
grimace;-1
grimacer;-1
grommeler;-1
guillotine;-1
guillotiner;-1
haineux;-1
haïr;-1
holocauste;-1
homicide;-1
honte;-1
horrifique;-1
hostile;-1
illégal;-1
illicite;-1
immoral;-1
impasse;-1
impuissant;-1
inamical;-1
incarcération;-1
inceste;-1
incurable;-1
indésirable;-1
indifférence;-1
inégal;-1
infanticide;-1
infernal;-1
infidèle;-1
infidélité;-1
ingérable;-1
inhumain;-1
inhumanité;-1
inimitié;-1
insulter;-1
insultant;-1
interdiction;-1
intolérant;-1
jalousie;-1
lâche;-1
lyncher;-1
maladie;-1
malédiction;-1
maltraitance;-1
maltraiter;-1
mauvais;-1
méchant;-1
mécontent;-1
mécontentement;-1
méfait;-1
misère;-1
moquerie;-1
morbidité;-1
mourant;-1
museau;-1
mutilation;-1
narcotique;-1
néfaste;-1
négatif;-1
négliger;-1
négligence;-1
négligent;-1
népotisme;-1
noir;-1
offenser;-1
offensant;-1
opium;-1
opposer;-1
oppresser;-1
oppressant;-1
oppression;-1
opprimer;-1
opressants;-1
ouïr dire;-1
paralysie;-1
patauger;-1
pauvreté;-1
pendaison;-1
pénible;-1
pénurie;-1
perdition;-1
persécution;-1
pétasse;-1
peu aimable;-1
peu amical;-1
plaider;-1
plaie;-1
poison;-1
porter atteindre;-1
possession;-1
poursuite judiciaire;-1
prisonnier prisonnier;-1
privation;-1
profanation;-1
prohiber;-1
prohibition;-1
punition;-1
querelle;-1
qui gaspiller;-1
rabaisser;-1
rabique;-1
railler;-1
râler;-1
râleur|râleux;-1
récession;-1
réprobation;-1
retard;-1
révoquer;-1
ruineux;-1
rumeur;-1
salissant;-1
samissants;-1
sanction;-1
sang;-1
sangler;-1
sanglant;-1
sans abri;-1
sans domicile fixe;-1
schizophrénie;-1
se désintégrer;-1
se détériorer;-1
sectaire;-1
sentence;-1
séparer;-1
servile;-1
seul;-1
simulacre;-1
sinistre;-1
socialiste;1
solitaire;-1
sordide;-1
souffrance;-1
soumission;-1
sournois;-1
stigmate;-1
suicidaire;-1
suppression;-1
tache;-1
taillader;-1
taire;-1
terrifiant;-1
terrorisme;-1
tort;-1
torture;-1
torturer;-1
traîner;-1
tranchant;-1
travestir;-1
triste notoriété;-1
tyran;-1
tyrannie;-1
tyrannique;-1
ulcère;-1
usage abusif;-1
usurper;-1
vent;1
viol;-1
violemment;-1
violer;-1
vipère;-1
bouffon;-1
criard;-1
éternuement;-1
excellence;1
finalement;1
goût piquant;1
hermaphrodite;-1
jaillissement;1
moucher;-1
particularité;-1
plus grand que;1
scintiller;1
sensiblerie;-1
tabac à priser;-1
ver;-1
vermifuger;-1
cingler;-1
dingue;-1
étrange;-1
sceptique;-1
vif;-1
atterrer;-1
bizarre;-1
bombarder;-1
effarer;-1
gorger;1
hypertrophie;-1
incontinence;-1
méduser;-1
qui fuir;-1
regorger;-1
stupéfaire;-1
timbrer;-1
bizarrerie;-1
étrangeté;-1
nécro;-1
obit;-1
contretemps;-1
atrocement;-1
avoir un mouvement de recul;-1
cadavre;-1
effondrement;-1
embarras;-1
étouffant;-1
faux pas;-1
gaffe;-1
horrifier;-1
humiliation;-1
incident;-1
malformation;-1
mésaventure;-1
mortification;-1
muet;-1
neige fondu;-1
pourriture;-1
se vautrer;-1
absurde;-1
absurdité;-1
clamer;-1
clameur;-1
imitation;-1
incrédule;-1
larcin;-1
mauvais comportement;-1
mauvais conduite;-1
ménagerie;-1
provocant;-1
tour;1
déchaîner;-1
folle|fou;-1
intrusif;-1
anormal;-1
coquin;-1
envahissant;-1
exigeant;-1
foule;-1
frénétique;-1
grondement;-1
huer;-1
imprudence;-1
instabilité;-1
inversion;-1
monstre;-1
monstruosité;-1
mutinerie;-1
piqûre;-1
rébellion;-1
scorpion;-1
témérité;-1
tollé;-1
vacarme;-1
violent;-1
vol à l étalage;-1
biaiser;-1
canular;-1
décevant;-1
déconvenue;-1
fausser;-1
inopportun;-1
insatisfait;-1
insulte;-1
parjurer;-1
ridicule;-1
se parjurer;-1
trahir;-1
tricher;-1
affreux;-1
duperie;-1
empoisonner;-1
épineux;-1
infâme;-1
meurtrier|meurtrière;-1
offense;-1
scandaleux;-1
supercherie;-1
traître;-1
tueur;-1
venimeux;-1
voleur;-1
sabotage;-1
saboter;-1
saccager;-1
sensation;1
terrible;-1
terriblement;-1
terrifier;-1
terroriser;-1
terroriste;-1
toxique;-1
trahison;-1
tressaillir;-1
victimiser;-1
vol;-1
